datetime,open,high,low,close,volume
2024-01-02 09:15:00+05:30,24499.05917939707,24501.3764457544,24498.05917939707,24500.3764457544,3827
2024-01-02 09:16:00+05:30,24500.3764457544,24514.484526373457,24497.81483983107,24510.694552306722,2137
2024-01-02 09:17:00+05:30,24510.694552306722,24523.807313598503,24500.695393158687,24519.99996039612,3102
2024-01-02 09:18:00+05:30,24519.99996039612,24529.57948726267,24508.596071667205,24516.29265732021,1299
2024-01-02 09:19:00+05:30,24516.29265732021,24525.360954715317,24506.394543359704,24514.177885986912,2593
2024-01-02 09:20:00+05:30,24514.177885986912,24525.140675230497,24507.831659601292,24510.342504539163,2316
2024-01-02 09:21:00+05:30,24510.342504539163,24524.533453053587,24499.54369137245,24514.73545222095,2971
2024-01-02 09:22:00+05:30,24514.73545222095,24520.947618780636,24509.66163999402,24514.434968928108,1984
2024-01-02 09:23:00+05:30,24514.434968928108,24523.489355773167,24506.970212239085,24520.15661105003,1130
2024-01-02 09:24:00+05:30,24520.15661105003,24531.061331736553,24499.035420849817,24506.42167505773,2059
2024-01-02 09:25:00+05:30,24506.42167505773,24527.246222160804,24495.320896717287,24518.290790867974,3576
2024-01-02 09:26:00+05:30,24518.290790867974,24526.05454474813,24509.67339001489,24517.687549666807,3368
2024-01-02 09:27:00+05:30,24517.687549666807,24531.729080298937,24505.773973281845,24522.910388066364,3588
2024-01-02 09:28:00+05:30,24522.910388066364,24528.761837972917,24517.684689494145,24522.006140561538,2885
2024-01-02 09:29:00+05:30,24522.006140561538,24527.438941872137,24510.661194447228,24519.282901308474,2353
2024-01-02 09:30:00+05:30,24519.282901308474,24530.630614050082,24511.514611469447,24522.876227497956,2976
2024-01-02 09:31:00+05:30,24522.876227497956,24536.00755132022,24515.740868419547,24529.180078954432,3316
2024-01-02 09:32:00+05:30,24529.180078954432,24538.269776521047,24519.50489758432,24527.781104924234,2888
2024-01-02 09:33:00+05:30,24527.781104924234,24539.14203637427,24519.249276717335,24526.755208584957,1098
2024-01-02 09:34:00+05:30,24526.755208584957,24542.490896505547,24521.38687921551,24532.017948166023,1253
2024-01-02 09:35:00+05:30,24532.017948166023,24537.89265253493,24517.19460160513,24525.61039335142,2188
2024-01-02 09:36:00+05:30,24525.61039335142,24531.335159865648,24511.538601826396,24514.372517073436,986
2024-01-02 09:37:00+05:30,24514.372517073436,24528.723203734568,24507.582322808805,24517.454881044057,1936
2024-01-02 09:38:00+05:30,24517.454881044057,24523.401100136896,24506.017419348074,24512.5456373664,2064
2024-01-02 09:39:00+05:30,24512.5456373664,24522.548027221597,24494.130779238207,24498.263082940513,3105
2024-01-02 09:40:00+05:30,24498.263082940513,24501.190502037556,24484.596797727652,24492.277680460924,3519
2024-01-02 09:41:00+05:30,24492.277680460924,24498.788759628493,24480.191505563664,24488.890698769228,2402
2024-01-02 09:42:00+05:30,24488.890698769228,24496.053085461,24476.811548018224,24480.061680188486,2875
2024-01-02 09:43:00+05:30,24480.061680188486,24490.150062157853,24464.01837556727,24468.98820105801,3091
2024-01-02 09:44:00+05:30,24468.98820105801,24480.15908627569,24466.36794963536,24469.382984760097,3332
2024-01-02 09:45:00+05:30,24469.382984760097,24479.758946455673,24461.41136161986,24476.232354185555,2173
2024-01-02 09:46:00+05:30,24476.232354185555,24484.403912379246,24471.787022489425,24474.603863600852,2791
2024-01-02 09:47:00+05:30,24474.603863600852,24482.895259381672,24464.85287532006,24469.146893379537,1321
2024-01-02 09:48:00+05:30,24469.146893379537,24475.66974920403,24462.6682408657,24472.154346945146,3309
2024-01-02 09:49:00+05:30,24472.154346945146,24487.98933507877,24465.636932725014,24477.653615499104,2949
2024-01-02 09:50:00+05:30,24477.653615499104,24485.188251781507,24473.193667666525,24475.52353601044,3987
2024-01-02 09:51:00+05:30,24475.52353601044,24491.345708717094,24464.050279281902,24479.728544569847,3695
2024-01-02 09:52:00+05:30,24479.728544569847,24491.53322348263,24475.42819806275,24487.67011064422,3082
2024-01-02 09:53:00+05:30,24487.67011064422,24494.919811669388,24478.138224963637,24486.237937372658,906
2024-01-02 09:54:00+05:30,24486.237937372658,24491.472454662602,24476.03450325215,24480.256570807796,3557
2024-01-02 09:55:00+05:30,24480.256570807796,24491.40870096951,24472.298813744284,24482.98395029666,2653
2024-01-02 09:56:00+05:30,24482.98395029666,24493.041289726694,24477.456479863296,24484.96054335388,3913
2024-01-02 09:57:00+05:30,24484.96054335388,24500.4459075586,24479.77467880839,24493.32163911699,1766
2024-01-02 09:58:00+05:30,24493.32163911699,24498.570201997118,24477.063301324146,24483.80728327595,3169
2024-01-02 09:59:00+05:30,24483.80728327595,24490.846716305496,24471.101991909403,24478.965186298283,1237
2024-01-02 10:00:00+05:30,24478.965186298283,24484.68774513116,24464.817078954795,24472.798934092916,3401
2024-01-02 10:01:00+05:30,24472.798934092916,24483.706735075615,24451.02883591454,24459.91382274617,2188
2024-01-02 10:02:00+05:30,24459.91382274617,24467.59731541833,24455.22796254512,24460.982081910148,1051
2024-01-02 10:03:00+05:30,24460.982081910148,24471.812949100324,24458.06605640626,24465.060613503865,2463
2024-01-02 10:04:00+05:30,24465.060613503865,24469.646203627,24455.106176377234,24459.639688267795,916
2024-01-02 10:05:00+05:30,24459.639688267795,24474.690393390207,24454.3726846052,24470.152041326517,2316
2024-01-02 10:06:00+05:30,24470.152041326517,24487.97534977422,24462.078304369345,24476.43647385147,3754
2024-01-02 10:07:00+05:30,24476.43647385147,24486.40183961375,24470.292627209386,24481.261797442738,1789
2024-01-02 10:08:00+05:30,24481.261797442738,24495.078017081032,24476.149179789965,24484.394600628544,1560
2024-01-02 10:09:00+05:30,24484.394600628544,24499.62988997249,24481.411170915202,24491.682122361908,2726
2024-01-02 10:10:00+05:30,24491.682122361908,24503.487319200667,24473.845891299672,24481.812273565334,1777
2024-01-02 10:11:00+05:30,24481.812273565334,24490.17749183583,24478.712526315416,24486.53674600221,1334
2024-01-02 10:12:00+05:30,24486.53674600221,24502.593311459765,24479.367796109607,24491.17757225371,1232
2024-01-02 10:13:00+05:30,24491.17757225371,24500.902269488673,24469.15608436548,24478.039682925137,1458
2024-01-02 10:14:00+05:30,24478.039682925137,24488.442530688193,24469.808700181427,24480.762408690545,2830
2024-01-02 10:15:00+05:30,24480.762408690545,24489.850974486246,24475.40703355898,24479.00424859022,1682
2024-01-02 10:16:00+05:30,24479.00424859022,24494.210030600516,24473.444633370527,24484.985668810685,894
2024-01-02 10:17:00+05:30,24484.985668810685,24491.469511712938,24470.403360691824,24481.8127024034,3798
2024-01-02 10:18:00+05:30,24481.8127024034,24490.157483999614,24478.888162619045,24481.795895971034,3357
2024-01-02 10:19:00+05:30,24481.795895971034,24488.772882928217,24473.00829637936,24484.487282350914,1454
2024-01-02 10:20:00+05:30,24484.487282350914,24486.70088390234,24471.67124969378,24478.035319685332,1754
2024-01-02 10:21:00+05:30,24478.035319685332,24491.409851898396,24469.90029290663,24482.644794546686,1128
2024-01-02 10:22:00+05:30,24482.644794546686,24489.389364772152,24476.04037260482,24481.97757063276,3180
2024-01-02 10:23:00+05:30,24481.97757063276,24496.846846208868,24478.739716438653,24485.791190310352,2787
2024-01-02 10:24:00+05:30,24485.791190310352,24490.43156641026,24474.37345744766,24481.997409012827,3714
2024-01-02 10:25:00+05:30,24481.997409012827,24500.443531998168,24479.93635304632,24490.263920587407,890
2024-01-02 10:26:00+05:30,24490.263920587407,24506.786209306036,24479.623458897757,24494.92293542563,3008
2024-01-02 10:27:00+05:30,24494.92293542563,24505.903764013852,24483.72032032498,24493.707747740234,1287
2024-01-02 10:28:00+05:30,24493.707747740234,24510.211481916278,24487.97015228603,24498.567426418438,2158
2024-01-02 10:29:00+05:30,24498.567426418438,24511.72624988747,24491.1939203657,24508.135590128626,3404
2024-01-02 10:30:00+05:30,24508.135590128626,24525.340205123215,24500.860569206976,24521.68940647986,2799
2024-01-02 10:31:00+05:30,24521.68940647986,24525.97247013894,24498.210856469883,24510.00758370156,3997
2024-01-02 10:32:00+05:30,24510.00758370156,24522.365901537418,24507.570363171304,24516.751072288727,3536
2024-01-02 10:33:00+05:30,24516.751072288727,24523.513095811755,24511.77423613061,24520.35908610258,2235
2024-01-02 10:34:00+05:30,24520.35908610258,24523.865995411812,24513.70490518276,24519.775130251182,3076
2024-01-02 10:35:00+05:30,24519.775130251182,24521.95990052368,24502.47099220728,24512.345143238854,3832
2024-01-02 10:36:00+05:30,24512.345143238854,24533.22694742921,24503.045020609974,24521.8940578399,1607
2024-01-02 10:37:00+05:30,24521.8940578399,24527.50487181702,24506.317410395735,24512.551022889067,3894
2024-01-02 10:38:00+05:30,24512.551022889067,24525.183427552554,24510.434096670593,24516.92311388208,824
2024-01-02 10:39:00+05:30,24516.92311388208,24533.35247840161,24508.443674520204,24526.8071238536,2392
2024-01-02 10:40:00+05:30,24526.8071238536,24536.237636100956,24508.86209299557,24514.929604193214,3615
2024-01-02 10:41:00+05:30,24514.929604193214,24524.990932789686,24509.612609748357,24512.780720389586,2587
2024-01-02 10:42:00+05:30,24512.780720389586,24518.610617203845,24494.771548972243,24503.081594258216,2794
2024-01-02 10:43:00+05:30,24503.081594258216,24512.385252654298,24496.63257124999,24505.032000068484,2439
2024-01-02 10:44:00+05:30,24505.032000068484,24519.484731173336,24499.967954814187,24516.509813548546,1003
2024-01-02 10:45:00+05:30,24516.509813548546,24536.661247808373,24511.818324134558,24531.806483767337,1477
2024-01-02 10:46:00+05:30,24531.806483767337,24536.034073996925,24511.38242615689,24518.59062544571,2563
2024-01-02 10:47:00+05:30,24518.59062544571,24523.676217122073,24509.921823278008,24514.398507902803,2098
2024-01-02 10:48:00+05:30,24514.398507902803,24525.039617801038,24508.46564207424,24519.795096102785,2684
2024-01-02 10:49:00+05:30,24519.795096102785,24539.510435690856,24508.37544594628,24531.760390993484,3100
2024-01-02 10:50:00+05:30,24531.760390993484,24540.367170898415,24524.98285758206,24535.03947082557,1738
2024-01-02 10:51:00+05:30,24535.03947082557,24540.30808241197,24525.028472865484,24529.56333084364,1451
2024-01-02 10:52:00+05:30,24529.56333084364,24542.224659919768,24522.350786434297,24531.91181716592,3635
2024-01-02 10:53:00+05:30,24531.91181716592,24534.03324749223,24520.733937523622,24531.907173158565,2720
2024-01-02 10:54:00+05:30,24531.907173158565,24533.959769990895,24519.83662509909,24530.499117740652,1567
2024-01-02 10:55:00+05:30,24530.499117740652,24533.070284079426,24516.33808513543,24525.110584501548,2564
2024-01-02 10:56:00+05:30,24525.110584501548,24538.790484713034,24514.120027743527,24528.13503267112,1260
2024-01-02 10:57:00+05:30,24528.13503267112,24538.901530393552,24518.568625186865,24530.564129868864,3141
2024-01-02 10:58:00+05:30,24530.564129868864,24539.843761960856,24521.185277084467,24529.98674891204,1789
2024-01-02 10:59:00+05:30,24529.98674891204,24541.563636517207,24522.16350711019,24528.444089364286,3991
2024-01-02 11:00:00+05:30,24528.444089364286,24532.624091409823,24515.433224137774,24518.927215085238,1882
2024-01-02 11:01:00+05:30,24518.927215085238,24530.12721670945,24506.08055230497,24515.400897581676,3494
2024-01-02 11:02:00+05:30,24515.400897581676,24528.99527367955,24507.058270282603,24524.56927011678,3629
2024-01-02 11:03:00+05:30,24524.56927011678,24531.75792737629,24511.58129608116,24523.260083190282,1267
2024-01-02 11:04:00+05:30,24523.260083190282,24532.070785393807,24507.3723940568,24512.582353313996,2902
2024-01-02 11:05:00+05:30,24512.582353313996,24532.68326236414,24501.814957836745,24522.71067436613,1907
2024-01-02 11:06:00+05:30,24522.71067436613,24531.288775782814,24518.525085225163,24526.807664929755,1190
2024-01-02 11:07:00+05:30,24526.807664929755,24549.50855874514,24515.3450934415,24542.738317644442,2470
2024-01-02 11:08:00+05:30,24542.738317644442,24545.78306627698,24530.78032006197,24543.327158914883,2059
2024-01-02 11:09:00+05:30,24543.327158914883,24548.205944256155,24537.515083176706,24539.986774571993,2044
2024-01-02 11:10:00+05:30,24539.986774571993,24551.796451131682,24524.003099302583,24529.249439331175,1128
2024-01-02 11:11:00+05:30,24529.249439331175,24550.34926045196,24517.26677573925,24539.298227106654,1922
2024-01-02 11:12:00+05:30,24539.298227106654,24566.510469085122,24527.615110730818,24558.689563454085,3058
2024-01-02 11:13:00+05:30,24558.689563454085,24568.55449798728,24543.946293455232,24552.652551424904,1824
2024-01-02 11:14:00+05:30,24552.652551424904,24563.674656593692,24544.57456664045,24547.919394123222,3535
2024-01-02 11:15:00+05:30,24547.919394123222,24557.82936077492,24545.85321840829,24552.51081011327,2000
2024-01-02 11:16:00+05:30,24552.51081011327,24564.31581486098,24541.91091274799,24546.403219347667,1099
2024-01-02 11:17:00+05:30,24546.403219347667,24552.888508443826,24533.049685780974,24544.494031595226,3433
2024-01-02 11:18:00+05:30,24544.494031595226,24548.082995812823,24531.941149285383,24541.990248849408,2399
2024-01-02 11:19:00+05:30,24541.990248849408,24550.850683170094,24535.705258636004,24543.5499405041,1320
2024-01-02 11:20:00+05:30,24543.5499405041,24559.817505410527,24533.937642948305,24551.881078829603,1582
2024-01-02 11:21:00+05:30,24551.881078829603,24561.09493154968,24540.85828702936,24552.16658575246,3610
2024-01-02 11:22:00+05:30,24552.16658575246,24567.887940752953,24547.16746087798,24559.17841147081,1712
2024-01-02 11:23:00+05:30,24559.17841147081,24561.59286296639,24545.405299932918,24556.149244750806,2145
2024-01-02 11:24:00+05:30,24556.149244750806,24567.118178516455,24551.45386962048,24558.727733768734,3189
2024-01-02 11:25:00+05:30,24558.727733768734,24569.943983467863,24537.52401824072,24542.811041847384,2892
2024-01-02 11:26:00+05:30,24542.811041847384,24551.5121040191,24529.609229947357,24532.056431346522,3926
2024-01-02 11:27:00+05:30,24532.056431346522,24549.897939550534,24528.45460020173,24538.145781941636,3442
2024-01-02 11:28:00+05:30,24538.145781941636,24545.26085885088,24526.33102403294,24533.83966144883,1692
2024-01-02 11:29:00+05:30,24533.83966144883,24548.411108438708,24531.600264073026,24538.309023374874,3653
2024-01-02 11:30:00+05:30,24538.309023374874,24545.89932980488,24530.851052397524,24542.496605285985,2536
2024-01-02 11:31:00+05:30,24542.496605285985,24563.489109654336,24538.79680529038,24552.53369672276,1527
2024-01-02 11:32:00+05:30,24552.53369672276,24565.107020060477,24543.046157858582,24558.74263967033,1792
2024-01-02 11:33:00+05:30,24558.74263967033,24577.25676813247,24555.462784550044,24566.49007479658,2074
2024-01-02 11:34:00+05:30,24566.49007479658,24571.698359506358,24561.702406888107,24565.7725398166,998
2024-01-02 11:35:00+05:30,24565.7725398166,24574.01574281278,24555.966396310112,24560.65540099238,949
2024-01-02 11:36:00+05:30,24560.65540099238,24571.12133629026,24547.46151122044,24555.288710159435,2727
2024-01-02 11:37:00+05:30,24555.288710159435,24564.40227947299,24541.663514141448,24551.74838060727,3437
2024-01-02 11:38:00+05:30,24551.74838060727,24559.94767000724,24533.862552553925,24543.394662252173,1297
2024-01-02 11:39:00+05:30,24543.394662252173,24555.10113177001,24529.996458112357,24539.408835386268,1219
2024-01-02 11:40:00+05:30,24539.408835386268,24542.28880226441,24530.017433485125,24538.834567499955,3000
2024-01-02 11:41:00+05:30,24538.834567499955,24543.861609969546,24531.401030564906,24540.841657178247,2995
2024-01-02 11:42:00+05:30,24540.841657178247,24548.357460245767,24532.993743582603,24538.419976252724,3191
2024-01-02 11:43:00+05:30,24538.419976252724,24549.966877478902,24520.313713926018,24524.112354755074,3715
2024-01-02 11:44:00+05:30,24524.112354755074,24532.97712973002,24513.052812401085,24523.690232596306,1255
2024-01-02 11:45:00+05:30,24523.690232596306,24530.596770270422,24517.59833864296,24525.500325999008,2403
2024-01-02 11:46:00+05:30,24525.500325999008,24536.831068640644,24516.998249272692,24533.753892958837,2708
2024-01-02 11:47:00+05:30,24533.753892958837,24544.69073434617,24531.071099484732,24538.207872175957,2580
2024-01-02 11:48:00+05:30,24538.207872175957,24545.01077565709,24527.892370355265,24533.501167029863,1466
2024-01-02 11:49:00+05:30,24533.501167029863,24540.183916241163,24525.188686183057,24528.19284282893,1719
2024-01-02 11:50:00+05:30,24528.19284282893,24551.585677836836,24522.647509581304,24543.392324246746,3242
2024-01-02 11:51:00+05:30,24543.392324246746,24553.915139278834,24534.059961244046,24549.187108901875,3820
2024-01-02 11:52:00+05:30,24549.187108901875,24573.846838811667,24543.775684457818,24563.04290757241,1714
2024-01-02 11:53:00+05:30,24563.04290757241,24584.017029217375,24554.221034129347,24579.133741556558,2416
2024-01-02 11:54:00+05:30,24579.133741556558,24582.204479750784,24569.886420719075,24573.118114057015,3006
2024-01-02 11:55:00+05:30,24573.118114057015,24581.61721878592,24567.26839998074,24576.127633824097,3185
2024-01-02 11:56:00+05:30,24576.127633824097,24591.041053142326,24570.026838003672,24579.683886360377,2873
2024-01-02 11:57:00+05:30,24579.683886360377,24587.595214306908,24572.593417369564,24584.00097804084,3581
2024-01-02 11:58:00+05:30,24584.00097804084,24592.962131883436,24579.71707204921,24588.185244730455,2640
2024-01-02 11:59:00+05:30,24588.185244730455,24601.08640519272,24579.19846965234,24589.820654507294,815
2024-01-02 12:00:00+05:30,24589.820654507294,24596.727440304858,24578.99756370111,24591.246623839164,1496
2024-01-02 12:01:00+05:30,24591.246623839164,24601.677570218097,24569.971574500898,24580.097874280957,3530
2024-01-02 12:02:00+05:30,24580.097874280957,24582.5521931917,24576.668600213263,24578.977365407074,3469
2024-01-02 12:03:00+05:30,24578.977365407074,24589.862211901673,24566.609081658164,24573.490217649443,1655
2024-01-02 12:04:00+05:30,24573.490217649443,24578.928654578995,24568.0501579643,24574.55587244149,1935
2024-01-02 12:05:00+05:30,24574.55587244149,24578.361537755103,24563.440841380994,24571.169275491015,1849
2024-01-02 12:06:00+05:30,24571.169275491015,24585.35061589876,24568.3363739257,24575.92818112474,3265
2024-01-02 12:07:00+05:30,24575.92818112474,24594.0858620752,24566.631793540026,24582.191248947336,937
2024-01-02 12:08:00+05:30,24582.191248947336,24596.21926572035,24576.02348145927,24584.6264416849,2319
2024-01-02 12:09:00+05:30,24584.6264416849,24596.640837440988,24573.187349617412,24587.11770276727,2558
2024-01-02 12:10:00+05:30,24587.11770276727,24599.077626463917,24584.926949072185,24587.934802904394,2233
2024-01-02 12:11:00+05:30,24587.934802904394,24599.805416617495,24578.518882948614,24584.696318707178,2608
2024-01-02 12:12:00+05:30,24584.696318707178,24592.22407280167,24576.715558252068,24583.582559225433,3079
2024-01-02 12:13:00+05:30,24583.582559225433,24587.02867910802,24569.674381354376,24579.985213750628,3256
2024-01-02 12:14:00+05:30,24579.985213750628,24593.508978874765,24570.4213417578,24583.01511725672,1890
2024-01-02 12:15:00+05:30,24583.01511725672,24589.199791583946,24579.194898132435,24583.240967845537,3112
2024-01-02 12:16:00+05:30,24583.240967845537,24592.84718351297,24578.16362218299,24587.720651835105,3243
2024-01-02 12:17:00+05:30,24587.720651835105,24594.72975511752,24568.518059406473,24577.875789498117,3554
2024-01-02 12:18:00+05:30,24577.875789498117,24587.002823680716,24571.67872096374,24584.654131461153,2223
2024-01-02 12:19:00+05:30,24584.654131461153,24586.841136340885,24574.423438166454,24579.053909684775,1169
2024-01-02 12:20:00+05:30,24579.053909684775,24583.69706138804,24562.360290755772,24573.666793287746,3169
2024-01-02 12:21:00+05:30,24573.666793287746,24581.625548362663,24561.874587450206,24572.305970901285,2744
2024-01-02 12:22:00+05:30,24572.305970901285,24581.800120511805,24562.646698940145,24568.20058649327,3032
2024-01-02 12:23:00+05:30,24568.20058649327,24582.075949438327,24560.705202379402,24570.504025459508,3113
2024-01-02 12:24:00+05:30,24570.504025459508,24580.685432563794,24555.02586819264,24566.317789636018,3825
2024-01-02 12:25:00+05:30,24566.317789636018,24577.728917841425,24554.25113418574,24558.416708007127,3915
2024-01-02 12:26:00+05:30,24558.416708007127,24566.780104356207,24541.101818911622,24552.193186944285,2107
2024-01-02 12:27:00+05:30,24552.193186944285,24571.492070136366,24541.348461903825,24562.15306188379,884
2024-01-02 12:28:00+05:30,24562.15306188379,24570.478686745635,24552.88817332182,24562.60499934857,1916
2024-01-02 12:29:00+05:30,24562.60499934857,24565.4193273869,24545.107921540664,24553.968522211486,980
2024-01-02 12:30:00+05:30,24553.968522211486,24556.770390933558,24545.118254181754,24554.151352735316,3983
2024-01-02 12:31:00+05:30,24554.151352735316,24563.75274760639,24535.159581239284,24542.601754625026,3246
2024-01-02 12:32:00+05:30,24542.601754625026,24560.166966789344,24534.778867871883,24556.143503809817,2452
2024-01-02 12:33:00+05:30,24556.143503809817,24566.041698331737,24540.85654892158,24544.829917607636,3035
2024-01-02 12:34:00+05:30,24544.829917607636,24555.181129037355,24537.203840950817,24548.54056289248,2139
2024-01-02 12:35:00+05:30,24548.54056289248,24554.807225715085,24539.811173903083,24552.737755374834,3508
2024-01-02 12:36:00+05:30,24552.737755374834,24560.35305828412,24535.127265973446,24541.98269722103,3042
2024-01-02 12:37:00+05:30,24541.98269722103,24550.785150546086,24533.189850927425,24544.354771109167,3212
2024-01-02 12:38:00+05:30,24544.354771109167,24554.692403391393,24537.772832724986,24551.95356141041,1600
2024-01-02 12:39:00+05:30,24551.95356141041,24560.19112192873,24541.918719463185,24555.580376053626,1185
2024-01-02 12:40:00+05:30,24555.580376053626,24562.724433774973,24546.37144476209,24557.657998109247,3864
2024-01-02 12:41:00+05:30,24557.657998109247,24570.353026449025,24554.76755411708,24564.896223220207,3309
2024-01-02 12:42:00+05:30,24564.896223220207,24575.29129932624,24555.203122462008,24566.22300733687,3212
2024-01-02 12:43:00+05:30,24566.22300733687,24572.538932409167,24561.37496691583,24568.86619699745,1203
2024-01-02 12:44:00+05:30,24568.86619699745,24575.29911992084,24565.221564646356,24568.03586039882,2876
2024-01-02 12:45:00+05:30,24568.03586039882,24580.962718802144,24564.82363717686,24572.894403343937,2819
2024-01-02 12:46:00+05:30,24572.894403343937,24584.35778151322,24560.71411235076,24565.954022239657,1733
2024-01-02 12:47:00+05:30,24565.954022239657,24575.162122742804,24558.707597835113,24572.012246681214,2907
2024-01-02 12:48:00+05:30,24572.012246681214,24574.805443468827,24563.040449818178,24568.3424851778,3389
2024-01-02 12:49:00+05:30,24568.3424851778,24572.259617719676,24556.248148555544,24560.282584879842,3196
2024-01-02 12:50:00+05:30,24560.282584879842,24567.34773797,24550.59031726987,24563.141952048132,3741
2024-01-02 12:51:00+05:30,24563.141952048132,24579.586799761095,24557.40418023685,24575.95911868456,2335
2024-01-02 12:52:00+05:30,24575.95911868456,24586.051667151198,24565.21997320317,24583.29170527149,3332
2024-01-02 12:53:00+05:30,24583.29170527149,24587.38716005344,24575.099334745984,24579.54433156447,2882
2024-01-02 12:54:00+05:30,24579.54433156447,24589.133426212593,24570.64541637755,24584.89977910446,3719
2024-01-02 12:55:00+05:30,24584.89977910446,24591.695269417673,24576.038509275044,24581.61321070655,3832
2024-01-02 12:56:00+05:30,24581.61321070655,24590.09056598043,24570.30588103052,24580.803064785527,1095
2024-01-02 12:57:00+05:30,24580.803064785527,24587.233215168064,24572.339078359106,24581.594528484657,3764
2024-01-02 12:58:00+05:30,24581.594528484657,24585.276307894215,24555.549444147775,24564.3353918579,3171
2024-01-02 12:59:00+05:30,24564.3353918579,24568.839223394712,24561.406801797264,24565.892502604118,2042
2024-01-02 13:00:00+05:30,24565.892502604118,24570.52326829471,24548.776733294577,24558.290433687984,3572
2024-01-02 13:01:00+05:30,24558.290433687984,24561.998592242093,24547.635732651634,24553.17994408707,3729
2024-01-02 13:02:00+05:30,24553.17994408707,24559.99029896802,24532.84008749143,24542.242016006665,2323
2024-01-02 13:03:00+05:30,24542.242016006665,24552.952921041808,24520.535789710528,24530.987829370566,2127
2024-01-02 13:04:00+05:30,24530.987829370566,24540.152336223226,24520.80934614522,24524.033346365155,1056
2024-01-02 13:05:00+05:30,24524.033346365155,24534.37766854713,24521.87991090624,24530.345326079896,1664
2024-01-02 13:06:00+05:30,24530.345326079896,24545.31890820983,24520.765776153115,24542.96063618587,2536
2024-01-02 13:07:00+05:30,24542.96063618587,24545.63680534141,24531.206299936825,24542.891597909478,3496
2024-01-02 13:08:00+05:30,24542.891597909478,24557.55793346827,24531.88778987774,24551.2000299112,1576
2024-01-02 13:09:00+05:30,24551.2000299112,24556.835975545164,24542.984745805035,24549.340175059613,3274
2024-01-02 13:10:00+05:30,24549.340175059613,24558.164540916147,24524.784050424325,24535.120378873664,904
2024-01-02 13:11:00+05:30,24535.120378873664,24539.203645895635,24532.885264367953,24536.364753493825,816
2024-01-02 13:12:00+05:30,24536.364753493825,24544.37262572381,24533.779706229307,24539.827115467397,3794
2024-01-02 13:13:00+05:30,24539.827115467397,24548.684912963585,24528.917851073584,24536.732491306713,835
2024-01-02 13:14:00+05:30,24536.732491306713,24546.79985009913,24529.457083820507,24539.11917306331,3463
2024-01-02 13:15:00+05:30,24539.11917306331,24550.700314993013,24528.870355380168,24543.53334492038,2855
2024-01-02 13:16:00+05:30,24543.53334492038,24554.549983287536,24532.843268876797,24537.177788163128,2830
2024-01-02 13:17:00+05:30,24537.177788163128,24540.3110963721,24519.59485851834,24526.221532431395,3414
2024-01-02 13:18:00+05:30,24526.221532431395,24530.17630936313,24512.787121771435,24524.682126191332,3195
2024-01-02 13:19:00+05:30,24524.682126191332,24532.337832786772,24518.191442078543,24523.219172139303,3519
2024-01-02 13:20:00+05:30,24523.219172139303,24530.872288271054,24514.64965132696,24520.694198035388,2948
2024-01-02 13:21:00+05:30,24520.694198035388,24540.019570758883,24512.618930514003,24528.218548681398,3998
2024-01-02 13:22:00+05:30,24528.218548681398,24553.05471827368,24516.267542665075,24541.28046460197,2281
2024-01-02 13:23:00+05:30,24541.28046460197,24549.153168255332,24534.448174555553,24538.27561196709,2151
2024-01-02 13:24:00+05:30,24538.27561196709,24553.225924817445,24529.36590910775,24543.63726224081,1188
2024-01-02 13:25:00+05:30,24543.63726224081,24559.788399059467,24537.495307576224,24550.81424558776,3845
2024-01-02 13:26:00+05:30,24550.81424558776,24559.612254800715,24544.80695550447,24556.282918740937,1723
2024-01-02 13:27:00+05:30,24556.282918740937,24572.281985682555,24551.714771354127,24564.25906589441,3669
2024-01-02 13:28:00+05:30,24564.25906589441,24569.316710204545,24554.80553140445,24561.459736119166,2419
2024-01-02 13:29:00+05:30,24561.459736119166,24572.717908645845,24553.711634627263,24567.128283815517,1605
2024-01-02 13:30:00+05:30,24567.128283815517,24585.99474010734,24561.20582012932,24582.43189833446,2662
2024-01-02 13:31:00+05:30,24582.43189833446,24590.66272675293,24575.374835985796,24588.579390029812,1142
2024-01-02 13:32:00+05:30,24588.579390029812,24599.11585422139,24575.690188700737,24584.050187512934,1764
2024-01-02 13:33:00+05:30,24584.050187512934,24597.89860206327,24573.532794734954,24588.728031217444,2649
2024-01-02 13:34:00+05:30,24588.728031217444,24607.83788195527,24581.117596808795,24598.315883405234,1207
2024-01-02 13:35:00+05:30,24598.315883405234,24606.08355831432,24592.490203894322,24601.203280553156,1050
2024-01-02 13:36:00+05:30,24601.203280553156,24607.377205937108,24585.482787349945,24597.097775332084,1895
2024-01-02 13:37:00+05:30,24597.097775332084,24612.551905560733,24593.37252719112,24608.790879704746,3284
2024-01-02 13:38:00+05:30,24608.790879704746,24616.8126390524,24597.08269798337,24599.537626855526,1394
2024-01-02 13:39:00+05:30,24599.537626855526,24613.82532847146,24588.454116952897,24603.433314705446,3853
2024-01-02 13:40:00+05:30,24603.433314705446,24613.22155983957,24598.773497310554,24603.43199789694,3777
2024-01-02 13:41:00+05:30,24603.43199789694,24614.769989587654,24591.08431627691,24594.59950495811,1091
2024-01-02 13:42:00+05:30,24594.59950495811,24608.470045695925,24588.746668038133,24603.86537758498,1507
2024-01-02 13:43:00+05:30,24603.86537758498,24615.607850884142,24598.436454743784,24606.594534537744,2414
2024-01-02 13:44:00+05:30,24606.594534537744,24609.8616955469,24592.416924045094,24597.9635482095,2060
2024-01-02 13:45:00+05:30,24597.9635482095,24609.9595222923,24587.4524091884,24602.59651088371,1925
2024-01-02 13:46:00+05:30,24602.59651088371,24605.699007639327,24594.575213610842,24599.479507666878,2533
2024-01-02 13:47:00+05:30,24599.479507666878,24606.883002619972,24582.002110345642,24585.328593900624,2785
2024-01-02 13:48:00+05:30,24585.328593900624,24592.74983308195,24576.124968745367,24580.281805460127,1607
2024-01-02 13:49:00+05:30,24580.281805460127,24587.84793468941,24568.784859696654,24582.37844131639,2353
2024-01-02 13:50:00+05:30,24582.37844131639,24592.761157380977,24576.09002082616,24587.26621296346,2383
2024-01-02 13:51:00+05:30,24587.26621296346,24597.739109024715,24581.659051489412,24588.62794975192,1572
2024-01-02 13:52:00+05:30,24588.62794975192,24595.89716106466,24578.854279169933,24589.08668733643,2568
2024-01-02 13:53:00+05:30,24589.08668733643,24598.807988784287,24577.730703508394,24592.731612390005,2895
2024-01-02 13:54:00+05:30,24592.731612390005,24595.858754206645,24584.167215545636,24591.269291625264,957
2024-01-02 13:55:00+05:30,24591.269291625264,24605.039351001084,24581.123630163114,24600.216451154833,3356
2024-01-02 13:56:00+05:30,24600.216451154833,24611.921927005915,24595.57069894847,24601.451263516432,3831
2024-01-02 13:57:00+05:30,24601.451263516432,24615.49553480627,24595.94682814878,24603.775675159985,3090
2024-01-02 13:58:00+05:30,24603.775675159985,24613.683441453446,24596.01128890624,24607.95166759658,2521
2024-01-02 13:59:00+05:30,24607.95166759658,24618.65974411899,24595.778927899635,24600.142901294297,3379
2024-01-02 14:00:00+05:30,24600.142901294297,24610.87987850266,24590.191548211456,24594.943699721673,1267
2024-01-02 14:01:00+05:30,24594.943699721673,24610.70903811463,24591.06825728663,24606.52804307697,2053
2024-01-02 14:02:00+05:30,24606.52804307697,24613.900969510694,24601.904898107117,24609.16285825468,3943
2024-01-02 14:03:00+05:30,24609.16285825468,24618.12325889785,24596.76999831988,24607.163237665063,3269
2024-01-02 14:04:00+05:30,24607.163237665063,24614.904462122428,24597.21531727464,24609.84436413115,1338
2024-01-02 14:05:00+05:30,24609.84436413115,24621.39732739693,24603.212828739146,24606.35219736819,1582
2024-01-02 14:06:00+05:30,24606.35219736819,24614.212267179682,24600.862956218298,24608.56144453293,3127
2024-01-02 14:07:00+05:30,24608.56144453293,24617.863469213666,24594.464956510386,24603.687411620507,2651
2024-01-02 14:08:00+05:30,24603.687411620507,24614.950478035455,24593.090155279206,24605.87755275055,2343
2024-01-02 14:09:00+05:30,24605.87755275055,24610.014014912285,24586.56278037875,24594.164783608157,1268
2024-01-02 14:10:00+05:30,24594.164783608157,24614.926487318768,24584.898694698815,24604.26668206065,1624
2024-01-02 14:11:00+05:30,24604.26668206065,24609.55390994133,24596.1654150422,24600.539498015423,2607
2024-01-02 14:12:00+05:30,24600.539498015423,24603.640241205045,24578.98205293835,24588.80018903796,2014
2024-01-02 14:13:00+05:30,24588.80018903796,24591.301782681716,24577.03259515549,24587.241376328555,3424
2024-01-02 14:14:00+05:30,24587.241376328555,24593.75968820627,24578.50892963611,24584.57890486817,2339
2024-01-02 14:15:00+05:30,24584.57890486817,24594.171821755095,24580.22050717622,24585.841893007673,3597
2024-01-02 14:16:00+05:30,24585.841893007673,24590.555709958233,24575.04166145116,24577.37251344131,1986
2024-01-02 14:17:00+05:30,24577.37251344131,24590.892631984978,24569.07704605735,24580.47350543974,3520
2024-01-02 14:18:00+05:30,24580.47350543974,24612.445421129058,24572.14813940248,24607.7702631025,1590
2024-01-02 14:19:00+05:30,24607.7702631025,24618.24518957846,24596.288292443172,24598.300255196922,2182
2024-01-02 14:20:00+05:30,24598.300255196922,24603.2839050577,24591.09876376586,24600.953122014667,2131
2024-01-02 14:21:00+05:30,24600.953122014667,24605.579745220875,24587.358282253907,24598.74273061229,3210
2024-01-02 14:22:00+05:30,24598.74273061229,24603.902098866914,24596.45396805255,24600.3072928234,2194
2024-01-02 14:23:00+05:30,24600.3072928234,24606.78429091643,24583.464715354552,24586.83872503962,1719
2024-01-02 14:24:00+05:30,24586.83872503962,24592.347093289358,24575.748535273993,24578.32615462978,3000
2024-01-02 14:25:00+05:30,24578.32615462978,24587.841175434358,24571.96077422433,24581.8936011438,1557
2024-01-02 14:26:00+05:30,24581.8936011438,24592.409028108283,24575.87769494955,24581.725465998337,1432
2024-01-02 14:27:00+05:30,24581.725465998337,24601.90535383925,24571.023803978173,24594.109752352768,3015
2024-01-02 14:28:00+05:30,24594.109752352768,24602.164221847128,24586.279463554696,24588.943771910734,945
2024-01-02 14:29:00+05:30,24588.943771910734,24596.272730631965,24584.938656340826,24590.372518364406,1985
2024-01-02 14:30:00+05:30,24590.372518364406,24622.421188585897,24578.992617646978,24612.34092925844,3468
2024-01-02 14:31:00+05:30,24612.34092925844,24619.358756058446,24604.529131042687,24606.719218485305,3667
2024-01-02 14:32:00+05:30,24606.719218485305,24616.17925746875,24595.468909255345,24600.06046728424,1021
2024-01-02 14:33:00+05:30,24600.06046728424,24611.20240737496,24593.97445434483,24599.916991647522,3627
2024-01-02 14:34:00+05:30,24599.916991647522,24608.037097429948,24597.696913821543,24599.702771556254,2820
2024-01-02 14:35:00+05:30,24599.702771556254,24612.505613067868,24594.830717895256,24606.154026157175,2592
2024-01-02 14:36:00+05:30,24606.154026157175,24611.88207377061,24598.12473903687,24607.245845203157,2556
2024-01-02 14:37:00+05:30,24607.245845203157,24618.3658706043,24593.53754378442,24601.690300361293,938
2024-01-02 14:38:00+05:30,24601.690300361293,24613.0449273449,24593.602804194645,24603.39596200135,3920
2024-01-02 14:39:00+05:30,24603.39596200135,24633.300705197606,24594.887651900845,24623.30543764569,2797
2024-01-02 14:40:00+05:30,24623.30543764569,24637.177734722532,24615.160725345708,24632.963740200998,1407
2024-01-02 14:41:00+05:30,24632.963740200998,24639.33071075193,24609.871836824215,24612.21747181882,3866
2024-01-02 14:42:00+05:30,24612.21747181882,24623.053408795982,24602.724512809848,24611.272344966867,3640
2024-01-02 14:43:00+05:30,24611.272344966867,24615.732254381786,24596.991187265994,24604.829166052234,2654
2024-01-02 14:44:00+05:30,24604.829166052234,24619.75529940914,24600.65165963914,24609.616134910273,1216
2024-01-02 14:45:00+05:30,24609.616134910273,24617.002617932318,24602.241386721023,24608.436658805593,1388
2024-01-02 14:46:00+05:30,24608.436658805593,24627.239458215397,24604.05990466914,24623.051876915553,1348
2024-01-02 14:47:00+05:30,24623.051876915553,24635.910733183213,24612.371903977557,24630.156143642696,3671
2024-01-02 14:48:00+05:30,24630.156143642696,24639.71648227605,24625.368173739385,24636.95416533614,2892
2024-01-02 14:49:00+05:30,24636.95416533614,24647.204199677202,24633.325158124633,24638.473448286342,1809
2024-01-02 14:50:00+05:30,24638.473448286342,24647.742696320227,24628.324896980324,24638.291215886533,1330
2024-01-02 14:51:00+05:30,24638.291215886533,24643.25231076592,24628.679858124215,24640.962565353093,2174
2024-01-02 14:52:00+05:30,24640.962565353093,24655.8113087864,24630.44083528121,24650.797163788735,2676
2024-01-02 14:53:00+05:30,24650.797163788735,24664.61273535784,24642.023544487834,24654.92508706278,2313
2024-01-02 14:54:00+05:30,24654.92508706278,24658.928711269335,24646.243191268964,24652.411592818997,2960
2024-01-02 14:55:00+05:30,24652.411592818997,24669.464593075892,24645.65644747857,24662.094727757514,2521
2024-01-02 14:56:00+05:30,24662.094727757514,24673.71434531137,24654.542781476437,24663.655555525438,1201
2024-01-02 14:57:00+05:30,24663.655555525438,24671.355245110808,24655.233464734803,24663.193442549404,3362
2024-01-02 14:58:00+05:30,24663.193442549404,24666.415663723863,24645.926123670866,24657.37811625944,3328
2024-01-02 14:59:00+05:30,24657.37811625944,24668.46980002059,24648.599046151063,24653.253174185942,3081
2024-01-02 15:00:00+05:30,24653.253174185942,24662.720317471638,24638.91863605691,24648.602823337988,2153
2024-01-02 15:01:00+05:30,24648.602823337988,24656.252203017204,24625.610910734962,24627.780144639833,929
2024-01-02 15:02:00+05:30,24627.780144639833,24640.854911904087,24623.877785973727,24635.52649114282,3894
2024-01-02 15:03:00+05:30,24635.52649114282,24647.718174122667,24624.082624063827,24639.89507291353,3959
2024-01-02 15:04:00+05:30,24639.89507291353,24645.81044844949,24633.897249190682,24638.408043476687,836
2024-01-02 15:05:00+05:30,24638.408043476687,24649.5598357423,24631.297495413575,24646.372921514754,1510
2024-01-02 15:06:00+05:30,24646.372921514754,24652.99919682853,24635.20806235052,24649.777829861254,1051
2024-01-02 15:07:00+05:30,24649.777829861254,24655.137696059883,24641.232114303773,24652.684585953528,2715
2024-01-02 15:08:00+05:30,24652.684585953528,24656.38811238875,24627.35929069528,24634.243859331687,2784
2024-01-02 15:09:00+05:30,24634.243859331687,24638.69968793651,24623.59801182684,24632.616239934607,3224
2024-01-02 15:10:00+05:30,24632.616239934607,24645.080567772668,24620.83254863491,24636.727658377862,1623
2024-01-02 15:11:00+05:30,24636.727658377862,24656.721988085195,24625.315642824713,24648.920309616275,1439
2024-01-02 15:12:00+05:30,24648.920309616275,24670.747911354392,24645.107714730762,24662.842521228406,2088
2024-01-02 15:13:00+05:30,24662.842521228406,24683.876400301993,24659.442177056673,24673.656308071306,3285
2024-01-02 15:14:00+05:30,24673.656308071306,24676.60768649145,24660.18473839028,24665.064236682185,3708
2024-01-02 15:15:00+05:30,24665.064236682185,24670.953257524667,24645.250468640163,24648.701701429032,2959
2024-01-02 15:16:00+05:30,24648.701701429032,24655.89315484131,24639.06114413488,24653.100223239333,1900
2024-01-02 15:17:00+05:30,24653.100223239333,24659.615023249127,24642.762465630414,24653.427342004463,2685
2024-01-02 15:18:00+05:30,24653.427342004463,24663.554432925754,24650.020240793045,24660.76649141211,963
2024-01-02 15:19:00+05:30,24660.76649141211,24663.42993737088,24657.21067539239,24659.942358685075,3974
2024-01-02 15:20:00+05:30,24659.942358685075,24664.753047838618,24654.70488270512,24661.710520911503,1257
2024-01-02 15:21:00+05:30,24661.710520911503,24667.60941140364,24641.711389487322,24650.580603313578,2043
2024-01-02 15:22:00+05:30,24650.580603313578,24663.69170989091,24640.87835565411,24654.06067572727,2577
2024-01-02 15:23:00+05:30,24654.06067572727,24658.87980096159,24644.236998206758,24650.843937330716,2361
2024-01-02 15:24:00+05:30,24650.843937330716,24663.006890966102,24642.453410897986,24653.588827513497,3279
2024-01-02 15:25:00+05:30,24653.588827513497,24661.487233530595,24642.413389524605,24657.154372465062,1859
2024-01-02 15:26:00+05:30,24657.154372465062,24662.02652531248,24645.59300133402,24656.395206378456,3224
2024-01-02 15:27:00+05:30,24656.395206378456,24665.60549809754,24653.218073346354,24658.89121479431,2427
2024-01-02 15:28:00+05:30,24658.89121479431,24661.65896534521,24649.75887986013,24658.90916206531,2308
2024-01-02 15:29:00+05:30,24658.90916206531,24671.21190667519,24649.14328063081,24664.723158323774,2056
2024-01-02 15:30:00+05:30,24664.723158323774,24676.441940168763,24653.6502554426,24668.60623043712,1566
2024-01-03 09:15:00+05:30,24667.249131859062,24681.48386145014,24666.249131859062,24680.48386145014,3412
2024-01-03 09:16:00+05:30,24680.48386145014,24690.273631123662,24670.040728072683,24676.41452378826,3116
2024-01-03 09:17:00+05:30,24676.41452378826,24680.574741681005,24672.41108020718,24674.837476157103,3472
2024-01-03 09:18:00+05:30,24674.837476157103,24677.79697898282,24663.635564963835,24667.939143977164,3103
2024-01-03 09:19:00+05:30,24667.939143977164,24678.92848299571,24642.102396818012,24648.05585247516,2387
2024-01-03 09:20:00+05:30,24648.05585247516,24650.2153724643,24639.706150806527,24647.02499126912,3512
2024-01-03 09:21:00+05:30,24647.02499126912,24666.535489092403,24644.096184182996,24655.596135858596,3610
2024-01-03 09:22:00+05:30,24655.596135858596,24666.744318520163,24643.647633270208,24651.8411255145,1473
2024-01-03 09:23:00+05:30,24651.8411255145,24655.49722955443,24627.5684781095,24637.745324975855,3964
2024-01-03 09:24:00+05:30,24637.745324975855,24649.04860312861,24632.416799901253,24639.49687545279,2700
2024-01-03 09:25:00+05:30,24639.49687545279,24644.731126081355,24636.829463802682,24639.84283969622,3902
2024-01-03 09:26:00+05:30,24639.84283969622,24651.810095734923,24636.376661703976,24647.099247223276,1033
2024-01-03 09:27:00+05:30,24647.099247223276,24665.517461166266,24637.46945220675,24653.68120435294,3233
2024-01-03 09:28:00+05:30,24653.68120435294,24664.550928963803,24644.08558543976,24651.407846206905,1518
2024-01-03 09:29:00+05:30,24651.407846206905,24663.803471327454,24648.046741753362,24654.159870567935,3145
2024-01-03 09:30:00+05:30,24654.159870567935,24660.52064639649,24636.73845154986,24640.41756354541,946
2024-01-03 09:31:00+05:30,24640.41756354541,24660.38273232156,24630.085936854008,24648.524031484278,1171
2024-01-03 09:32:00+05:30,24648.524031484278,24657.37618098519,24639.7290891438,24649.671312651746,2812
2024-01-03 09:33:00+05:30,24649.671312651746,24669.3639115119,24640.715046320438,24657.563460677324,2942
2024-01-03 09:34:00+05:30,24657.563460677324,24674.50058342727,24654.159370079527,24665.286720932127,3665
2024-01-03 09:35:00+05:30,24665.286720932127,24667.75484646154,24650.979444164954,24662.884129467315,1174
2024-01-03 09:36:00+05:30,24662.884129467315,24672.866194701604,24656.976506952822,24661.51587355551,2723
2024-01-03 09:37:00+05:30,24661.51587355551,24671.89565521817,24649.16760423142,24654.707593210132,939
2024-01-03 09:38:00+05:30,24654.707593210132,24665.51846995068,24634.622944630144,24638.962435314355,2728
2024-01-03 09:39:00+05:30,24638.962435314355,24647.18296108642,24626.29872169596,24637.725145891236,1298
2024-01-03 09:40:00+05:30,24637.725145891236,24641.006137178872,24629.40925369109,24638.629984409614,3691
2024-01-03 09:41:00+05:30,24638.629984409614,24649.30480027739,24622.706134435495,24630.238933538913,3677
2024-01-03 09:42:00+05:30,24630.238933538913,24641.549850057578,24624.096797410893,24635.329981746418,1854
2024-01-03 09:43:00+05:30,24635.329981746418,24639.78681545679,24626.158611477913,24635.821005293343,2481
2024-01-03 09:44:00+05:30,24635.821005293343,24643.060438170465,24629.135320687696,24638.9756341865,2581
2024-01-03 09:45:00+05:30,24638.9756341865,24642.99125996822,24626.339262375146,24632.955861594437,3230
2024-01-03 09:46:00+05:30,24632.955861594437,24643.112370462342,24615.95607113448,24619.47450925283,3390
2024-01-03 09:47:00+05:30,24619.47450925283,24627.788269767665,24609.23873263221,24625.06141188191,2625
2024-01-03 09:48:00+05:30,24625.06141188191,24640.578827257712,24622.3997095073,24629.396451024786,1421
2024-01-03 09:49:00+05:30,24629.396451024786,24631.565163435374,24617.25050437151,24628.325398850036,1897
2024-01-03 09:50:00+05:30,24628.325398850036,24637.55432049653,24613.75515627078,24624.919600510137,3050
2024-01-03 09:51:00+05:30,24624.919600510137,24629.225369962634,24615.36083591006,24622.594457323037,2875
2024-01-03 09:52:00+05:30,24622.594457323037,24629.742422524636,24617.686438493045,24621.319920507238,1046
2024-01-03 09:53:00+05:30,24621.319920507238,24625.092896266575,24613.07737690879,24617.25624838699,2590
2024-01-03 09:54:00+05:30,24617.25624838699,24628.253198635757,24598.52954475116,24601.92652566007,1982
2024-01-03 09:55:00+05:30,24601.92652566007,24611.119986743364,24592.918055192004,24607.561037073247,2177
2024-01-03 09:56:00+05:30,24607.561037073247,24614.229403411777,24590.475336688876,24596.102861738465,1391
2024-01-03 09:57:00+05:30,24596.102861738465,24604.18859318888,24581.536010006133,24593.359313145007,2142
2024-01-03 09:58:00+05:30,24593.359313145007,24599.891393093527,24585.39903424704,24590.81222961504,2183
2024-01-03 09:59:00+05:30,24590.81222961504,24596.68704922768,24585.51491084848,24592.525116078148,1800
2024-01-03 10:00:00+05:30,24592.525116078148,24597.424947281615,24571.412530393525,24580.179568553565,1453
2024-01-03 10:01:00+05:30,24580.179568553565,24600.335700418447,24569.396801661635,24588.99063669485,1490
2024-01-03 10:02:00+05:30,24588.99063669485,24596.921776671064,24581.723935584334,24593.669513236357,996
2024-01-03 10:03:00+05:30,24593.669513236357,24601.38555335922,24590.447518260695,24599.209792546702,2185
2024-01-03 10:04:00+05:30,24599.209792546702,24619.572018789484,24595.50271181515,24608.484841151858,2222
2024-01-03 10:05:00+05:30,24608.484841151858,24619.3470467556,24593.122251632587,24602.272884391747,1142
2024-01-03 10:06:00+05:30,24602.272884391747,24611.12454561001,24568.880597323234,24578.538315161335,2049
2024-01-03 10:07:00+05:30,24578.538315161335,24587.539868884527,24566.639445611763,24580.82024051788,1383
2024-01-03 10:08:00+05:30,24580.82024051788,24601.975656625957,24573.08797564982,24590.45624792431,3148
2024-01-03 10:09:00+05:30,24590.45624792431,24605.104622401286,24580.635798567655,24598.973291055685,2473
2024-01-03 10:10:00+05:30,24598.973291055685,24601.10305044006,24586.013871570725,24594.76218116054,844
2024-01-03 10:11:00+05:30,24594.76218116054,24601.114320672594,24586.388815454073,24593.886710960785,3053
2024-01-03 10:12:00+05:30,24593.886710960785,24603.138544776317,24583.804234478685,24595.846433053037,2834
2024-01-03 10:13:00+05:30,24595.846433053037,24603.329451806196,24578.072672183822,24582.110593560577,3139
2024-01-03 10:14:00+05:30,24582.110593560577,24592.99230308559,24573.40090386693,24576.932219553833,941
2024-01-03 10:15:00+05:30,24576.932219553833,24579.609540903046,24566.89066042629,24571.987876967814,3714
2024-01-03 10:16:00+05:30,24571.987876967814,24594.238328314248,24566.138097726467,24583.696874955374,2354
2024-01-03 10:17:00+05:30,24583.696874955374,24590.919864985404,24567.153024950763,24578.647981634957,2824
2024-01-03 10:18:00+05:30,24578.647981634957,24599.592948744394,24568.39857803471,24590.271111746224,864
2024-01-03 10:19:00+05:30,24590.271111746224,24596.408484109423,24580.7755719309,24590.219074070174,2234
2024-01-03 10:20:00+05:30,24590.219074070174,24595.180592051285,24566.5800861588,24577.495368047115,3714
2024-01-03 10:21:00+05:30,24577.495368047115,24599.340932892716,24571.661076220986,24593.98392950627,1173
2024-01-03 10:22:00+05:30,24593.98392950627,24598.728970096803,24574.708444086482,24586.55589120193,2360
2024-01-03 10:23:00+05:30,24586.55589120193,24597.596967344252,24575.47942867289,24591.061396331854,3185
2024-01-03 10:24:00+05:30,24591.061396331854,24611.711841728607,24587.209490886402,24603.733298734463,2326
2024-01-03 10:25:00+05:30,24603.733298734463,24614.042736833013,24593.82237503297,24599.599697091904,2276
2024-01-03 10:26:00+05:30,24599.599697091904,24603.34397574009,24585.170790702465,24590.25038112458,1027
2024-01-03 10:27:00+05:30,24590.25038112458,24604.43798165685,24586.320309271257,24597.93728652423,2391
2024-01-03 10:28:00+05:30,24597.93728652423,24605.62882442242,24586.565005926725,24598.307916439604,3317
2024-01-03 10:29:00+05:30,24598.307916439604,24608.489668491682,24583.076426182895,24588.982920840488,947
2024-01-03 10:30:00+05:30,24588.982920840488,24598.085039096703,24570.063589305726,24580.753908455627,1652
2024-01-03 10:31:00+05:30,24580.753908455627,24588.98570931081,24569.746397609295,24577.711448232585,3229
2024-01-03 10:32:00+05:30,24577.711448232585,24593.56507784304,24575.11347179085,24584.82159591434,2304
2024-01-03 10:33:00+05:30,24584.82159591434,24591.30320699561,24576.213296920465,24582.548660678825,3201
2024-01-03 10:34:00+05:30,24582.548660678825,24597.402695170746,24572.748242605958,24587.337561169898,3110
2024-01-03 10:35:00+05:30,24587.337561169898,24609.986552400856,24582.14808696703,24599.612915234826,3321
2024-01-03 10:36:00+05:30,24599.612915234826,24616.675866092897,24594.685460313674,24609.01360310433,3332
2024-01-03 10:37:00+05:30,24609.01360310433,24622.84557217187,24606.07823337276,24619.675443288095,2783
2024-01-03 10:38:00+05:30,24619.675443288095,24635.0570076724,24612.934978700498,24628.794736139786,2035
2024-01-03 10:39:00+05:30,24628.794736139786,24633.44184589822,24605.186780459448,24616.61078320239,1036
2024-01-03 10:40:00+05:30,24616.61078320239,24629.580814177752,24614.423625974963,24625.662859616084,994
2024-01-03 10:41:00+05:30,24625.662859616084,24632.973877656073,24614.795331635436,24628.006913761623,1755
2024-01-03 10:42:00+05:30,24628.006913761623,24638.200322257857,24618.95682492445,24626.953929782532,3955
2024-01-03 10:43:00+05:30,24626.953929782532,24632.431852879323,24613.895771910495,24618.699061531934,1134
2024-01-03 10:44:00+05:30,24618.699061531934,24624.995657840027,24595.67801162767,24606.66150383432,1616
2024-01-03 10:45:00+05:30,24606.66150383432,24612.48929589774,24586.933157356445,24598.208254861536,3793
2024-01-03 10:46:00+05:30,24598.208254861536,24602.054236612967,24586.196575515627,24597.92802490033,934
2024-01-03 10:47:00+05:30,24597.92802490033,24605.641711376647,24582.368045170104,24588.994865592525,1365
2024-01-03 10:48:00+05:30,24588.994865592525,24595.16219663526,24576.60680550493,24582.751304481997,2783
2024-01-03 10:49:00+05:30,24582.751304481997,24594.11720128344,24569.359940232098,24578.005990128062,2690
2024-01-03 10:50:00+05:30,24578.005990128062,24591.069612779254,24567.117979742823,24582.885029966896,3595
2024-01-03 10:51:00+05:30,24582.885029966896,24594.66489054497,24575.051399777287,24580.551181424304,2552
2024-01-03 10:52:00+05:30,24580.551181424304,24591.140053180163,24574.01730497064,24579.336974391234,1081
2024-01-03 10:53:00+05:30,24579.336974391234,24596.071375440424,24573.25020801371,24589.16369774857,3022
2024-01-03 10:54:00+05:30,24589.16369774857,24591.327672151874,24584.42401679716,24586.634375444526,946
2024-01-03 10:55:00+05:30,24586.634375444526,24595.138023499436,24576.233671222624,24591.00869244825,1330
2024-01-03 10:56:00+05:30,24591.00869244825,24594.202060785203,24576.38273286413,24582.958959948846,2966
2024-01-03 10:57:00+05:30,24582.958959948846,24594.683230216408,24576.291274226813,24585.307557516087,2473
2024-01-03 10:58:00+05:30,24585.307557516087,24589.461484658506,24576.979419783383,24586.083918375312,2632
2024-01-03 10:59:00+05:30,24586.083918375312,24595.730281648848,24575.994672631485,24587.2789861899,2118
2024-01-03 11:00:00+05:30,24587.2789861899,24592.5043515886,24574.60696495932,24583.66117102043,1628
2024-01-03 11:01:00+05:30,24583.66117102043,24590.46636385259,24570.47586921926,24575.81168308101,2807
2024-01-03 11:02:00+05:30,24575.81168308101,24585.378555961637,24568.498278480154,24573.4452139003,1648
2024-01-03 11:03:00+05:30,24573.4452139003,24578.428596568272,24564.484208104728,24569.81540819551,3796
2024-01-03 11:04:00+05:30,24569.81540819551,24581.162953729032,24562.4936921715,24577.44572328873,3255
2024-01-03 11:05:00+05:30,24577.44572328873,24589.014871068113,24567.33799976236,24584.13448117344,2256
2024-01-03 11:06:00+05:30,24584.13448117344,24595.57072570054,24572.918885199375,24574.998572112385,867
2024-01-03 11:07:00+05:30,24574.998572112385,24587.111840254456,24566.945828779993,24579.583495193987,2943
2024-01-03 11:08:00+05:30,24579.583495193987,24584.454729220746,24565.426929589295,24575.8655085242,1569
2024-01-03 11:09:00+05:30,24575.8655085242,24582.644576570066,24568.25094852748,24579.187411108865,2272
2024-01-03 11:10:00+05:30,24579.187411108865,24581.869625164105,24569.64503717414,24575.455729962392,1960
2024-01-03 11:11:00+05:30,24575.455729962392,24580.795802564637,24557.556917290814,24564.297473644234,3815
2024-01-03 11:12:00+05:30,24564.297473644234,24579.93958959284,24557.151707993715,24571.799479841047,3277
2024-01-03 11:13:00+05:30,24571.799479841047,24581.63989496227,24563.529111991353,24575.07169521814,3863
2024-01-03 11:14:00+05:30,24575.07169521814,24585.193901099814,24563.007977389065,24565.75904188885,1805
2024-01-03 11:15:00+05:30,24565.75904188885,24577.70609990243,24541.528965580597,24551.453451198384,1056
2024-01-03 11:16:00+05:30,24551.453451198384,24559.155762497605,24539.81020066284,24547.326772392764,973
2024-01-03 11:17:00+05:30,24547.326772392764,24552.776111978823,24533.571783973868,24538.3429452427,3465
2024-01-03 11:18:00+05:30,24538.3429452427,24548.290107371897,24524.338143920246,24535.493585462573,3178
2024-01-03 11:19:00+05:30,24535.493585462573,24542.912808051835,24529.508204072128,24540.025660750038,3741
2024-01-03 11:20:00+05:30,24540.025660750038,24560.51943896642,24530.277157901415,24550.92379763598,3002
2024-01-03 11:21:00+05:30,24550.92379763598,24561.740455095256,24543.15241089163,24548.127785843648,1978
2024-01-03 11:22:00+05:30,24548.127785843648,24568.098756421095,24540.645844692917,24558.337933795978,1207
2024-01-03 11:23:00+05:30,24558.337933795978,24569.937202135592,24554.439216086044,24566.950516132583,2043
2024-01-03 11:24:00+05:30,24566.950516132583,24574.7611091427,24558.836208481873,24563.57236825703,3129
2024-01-03 11:25:00+05:30,24563.57236825703,24573.59436237219,24545.657642422528,24550.949694570012,2999
2024-01-03 11:26:00+05:30,24550.949694570012,24563.347461220135,24547.513572093554,24557.231624956086,2794
2024-01-03 11:27:00+05:30,24557.231624956086,24572.130154869043,24547.626504656775,24561.689679954095,3734
2024-01-03 11:28:00+05:30,24561.689679954095,24582.891644204206,24555.183205889152,24579.231589522202,1977
2024-01-03 11:29:00+05:30,24579.231589522202,24597.137285704306,24573.760750804777,24589.849904351082,1994
2024-01-03 11:30:00+05:30,24589.849904351082,24603.19452841807,24581.999192629828,24595.612579824563,2650
2024-01-03 11:31:00+05:30,24595.612579824563,24618.05554233134,24591.31361216666,24608.17299963037,2275
2024-01-03 11:32:00+05:30,24608.17299963037,24614.293217923456,24593.83495679936,24600.21346460982,2408
2024-01-03 11:33:00+05:30,24600.21346460982,24606.153484067963,24592.53636998142,24601.57095895428,2750
2024-01-03 11:34:00+05:30,24601.57095895428,24610.692196360764,24591.26955548349,24599.429312882356,3339
2024-01-03 11:35:00+05:30,24599.429312882356,24615.551890444804,24593.204804730303,24612.40948152215,1372
2024-01-03 11:36:00+05:30,24612.40948152215,24622.241646578612,24602.979112277797,24616.56308577989,3844
2024-01-03 11:37:00+05:30,24616.56308577989,24623.24350077836,24582.8666519166,24593.535012385822,1971
2024-01-03 11:38:00+05:30,24593.535012385822,24613.614889842214,24581.901511254047,24603.736925345296,1890
2024-01-03 11:39:00+05:30,24603.736925345296,24609.984579813306,24589.262236142175,24596.86467136578,2165
2024-01-03 11:40:00+05:30,24596.86467136578,24610.25285436395,24585.21246293355,24602.630933102882,1088
2024-01-03 11:41:00+05:30,24602.630933102882,24611.414113420426,24587.59937986608,24598.982975265208,1346
2024-01-03 11:42:00+05:30,24598.982975265208,24609.525176084346,24590.430333597764,24600.769628207505,1966
2024-01-03 11:43:00+05:30,24600.769628207505,24617.128794254593,24597.424209285993,24605.493647457006,1689
2024-01-03 11:44:00+05:30,24605.493647457006,24613.545948923973,24597.082228932373,24606.914131702208,2718
2024-01-03 11:45:00+05:30,24606.914131702208,24614.63180393116,24592.417119101086,24599.729129132655,2774
2024-01-03 11:46:00+05:30,24599.729129132655,24612.393035099798,24590.70389863372,24610.19897191611,1620
2024-01-03 11:47:00+05:30,24610.19897191611,24617.075653732336,24605.490813552362,24613.157109189702,3602
2024-01-03 11:48:00+05:30,24613.157109189702,24617.644899244686,24601.08571308246,24613.015924167827,1295
2024-01-03 11:49:00+05:30,24613.015924167827,24622.41282454831,24607.552425613783,24618.300882353702,1839
2024-01-03 11:50:00+05:30,24618.300882353702,24625.491985865785,24602.282214602,24614.27828652214,1478
2024-01-03 11:51:00+05:30,24614.27828652214,24632.413449519652,24609.514252646135,24628.4201864958,3115
2024-01-03 11:52:00+05:30,24628.4201864958,24637.808177857063,24621.64345646954,24630.10775102475,3515
2024-01-03 11:53:00+05:30,24630.10775102475,24643.112345526253,24621.29309297943,24632.853930764773,3787
2024-01-03 11:54:00+05:30,24632.853930764773,24638.191018952326,24628.256494936642,24635.46472540437,3084
2024-01-03 11:55:00+05:30,24635.46472540437,24639.89372211152,24622.56355420886,24628.629102851097,1285
2024-01-03 11:56:00+05:30,24628.629102851097,24635.596154140578,24611.216051831176,24619.833497839896,1201
2024-01-03 11:57:00+05:30,24619.833497839896,24623.938572948584,24610.30648660074,24621.47703122854,1127
2024-01-03 11:58:00+05:30,24621.47703122854,24627.569659990288,24610.30883355723,24624.13708219862,1758
2024-01-03 11:59:00+05:30,24624.13708219862,24642.001216903886,24616.618597350283,24634.251454307105,1783
2024-01-03 12:00:00+05:30,24634.251454307105,24643.65198187696,24622.623695769067,24637.65690307062,1666
2024-01-03 12:01:00+05:30,24637.65690307062,24648.694027886562,24624.68994850212,24629.509604267678,3239
2024-01-03 12:02:00+05:30,24629.509604267678,24641.184743723006,24621.41857237572,24633.480348969544,1159
2024-01-03 12:03:00+05:30,24633.480348969544,24649.280974699814,24623.905464251482,24639.710131458454,1450
2024-01-03 12:04:00+05:30,24639.710131458454,24652.716676822347,24636.87826843497,24647.257968184476,3484
2024-01-03 12:05:00+05:30,24647.257968184476,24655.55632850372,24637.38791622315,24649.785564622678,3210
2024-01-03 12:06:00+05:30,24649.785564622678,24660.320066117914,24630.457093496658,24640.64842562794,1725
2024-01-03 12:07:00+05:30,24640.64842562794,24657.536640718718,24633.022140667174,24649.38369646194,2502
2024-01-03 12:08:00+05:30,24649.38369646194,24660.528398522893,24632.682134029288,24643.918857780693,2607
2024-01-03 12:09:00+05:30,24643.918857780693,24652.77081110975,24634.924434442455,24648.24675453324,3395
2024-01-03 12:10:00+05:30,24648.24675453324,24651.39284856135,24630.803881761563,24636.473579570807,2023
2024-01-03 12:11:00+05:30,24636.473579570807,24651.005455970197,24626.40655751486,24642.233050924544,2119
2024-01-03 12:12:00+05:30,24642.233050924544,24645.484045227506,24629.180172435485,24636.369299952312,1024
2024-01-03 12:13:00+05:30,24636.369299952312,24647.27081047861,24627.53753171696,24644.510981376796,1036
2024-01-03 12:14:00+05:30,24644.510981376796,24663.66849456751,24632.629049538937,24657.764324259657,916
2024-01-03 12:15:00+05:30,24657.764324259657,24675.42266200988,24648.80089036724,24666.557675217868,2711
2024-01-03 12:16:00+05:30,24666.557675217868,24672.161283673973,24648.043337133087,24657.817095942995,3022
2024-01-03 12:17:00+05:30,24657.817095942995,24667.347756350144,24640.591908445604,24650.75343355502,2223
2024-01-03 12:18:00+05:30,24650.75343355502,24657.306376814162,24640.234607576724,24644.23888798187,2809
2024-01-03 12:19:00+05:30,24644.23888798187,24654.07130249085,24641.86279918498,24649.222173296283,3893
2024-01-03 12:20:00+05:30,24649.222173296283,24659.16902385764,24646.463830771718,24651.826235239234,2375
2024-01-03 12:21:00+05:30,24651.826235239234,24661.070515605046,24645.17881711961,24653.025360252246,2470
2024-01-03 12:22:00+05:30,24653.025360252246,24658.85435598594,24641.368200415647,24655.35495917999,1367
2024-01-03 12:23:00+05:30,24655.35495917999,24667.62655084147,24648.894338555936,24659.71095793243,3630
2024-01-03 12:24:00+05:30,24659.71095793243,24668.2876233403,24648.473274350945,24664.60249816468,1889
2024-01-03 12:25:00+05:30,24664.60249816468,24688.96097664046,24659.670656125098,24677.279244380217,3045
2024-01-03 12:26:00+05:30,24677.279244380217,24684.594582746064,24673.43925074014,24676.859574298644,2422
2024-01-03 12:27:00+05:30,24676.859574298644,24682.43791758185,24670.794660218082,24678.383545126424,3961
2024-01-03 12:28:00+05:30,24678.383545126424,24680.808878424217,24654.014381457222,24664.456917499003,1490
2024-01-03 12:29:00+05:30,24664.456917499003,24668.602291354142,24642.842781276413,24654.51682741133,1756
2024-01-03 12:30:00+05:30,24654.51682741133,24659.699850827143,24641.915404233703,24649.29976059898,2644
2024-01-03 12:31:00+05:30,24649.29976059898,24657.034566044647,24634.57978888329,24640.38125460186,1339
2024-01-03 12:32:00+05:30,24640.38125460186,24650.64533562227,24630.506393917596,24642.009957511884,3486
2024-01-03 12:33:00+05:30,24642.009957511884,24658.90303809483,24635.757746669304,24649.7871327263,3706
2024-01-03 12:34:00+05:30,24649.7871327263,24656.198227233614,24641.461878893406,24646.482384465966,1368
2024-01-03 12:35:00+05:30,24646.482384465966,24654.784365179257,24633.2350192358,24642.796640158853,3015
2024-01-03 12:36:00+05:30,24642.796640158853,24650.332227908762,24636.077930985888,24638.90821679885,3779
2024-01-03 12:37:00+05:30,24638.90821679885,24644.79853626027,24629.140662397178,24639.833731346225,1870
2024-01-03 12:38:00+05:30,24639.833731346225,24644.023568403056,24624.14516639645,24635.685899752094,2424
2024-01-03 12:39:00+05:30,24635.685899752094,24644.813095069792,24632.656949405995,24638.82045907801,3147
2024-01-03 12:40:00+05:30,24638.82045907801,24649.903371139124,24629.001427238054,24641.007133790314,3928
2024-01-03 12:41:00+05:30,24641.007133790314,24646.859765479774,24638.77215233967,24643.514857395076,1279
2024-01-03 12:42:00+05:30,24643.514857395076,24657.525213993467,24640.26542340859,24649.165415086467,3896
2024-01-03 12:43:00+05:30,24649.165415086467,24651.523404631404,24644.238135630134,24649.31606253595,3811
2024-01-03 12:44:00+05:30,24649.31606253595,24654.141610993538,24637.32253630351,24650.304751350464,1004
2024-01-03 12:45:00+05:30,24650.304751350464,24672.105232971044,24647.774645107984,24663.407272787594,3569
2024-01-03 12:46:00+05:30,24663.407272787594,24673.48815611498,24656.402439642145,24662.965900324434,2981
2024-01-03 12:47:00+05:30,24662.965900324434,24678.520547991957,24656.541804228713,24668.848566001005,3291
2024-01-03 12:48:00+05:30,24668.848566001005,24677.981275513415,24665.078667849593,24669.146333446864,1578
2024-01-03 12:49:00+05:30,24669.146333446864,24673.687214425845,24653.81865030398,24665.597448894885,3032
2024-01-03 12:50:00+05:30,24665.597448894885,24677.475895083007,24657.686872866198,24662.05138342406,2786
2024-01-03 12:51:00+05:30,24662.05138342406,24670.061073350647,24644.763713354478,24655.778379612446,978
2024-01-03 12:52:00+05:30,24655.778379612446,24666.87962850134,24648.313224315876,24655.74350974698,3646
2024-01-03 12:53:00+05:30,24655.74350974698,24667.1080264825,24641.95743316556,24651.08746827078,2797
2024-01-03 12:54:00+05:30,24651.08746827078,24655.474193493952,24638.352315898042,24647.78709898298,2266
2024-01-03 12:55:00+05:30,24647.78709898298,24668.50283740573,24639.040170705677,24656.804761754884,1061
2024-01-03 12:56:00+05:30,24656.804761754884,24659.616848562928,24645.58352020751,24655.674676749175,2889
2024-01-03 12:57:00+05:30,24655.674676749175,24672.470373336742,24644.86228817595,24664.09676717888,2100
2024-01-03 12:58:00+05:30,24664.09676717888,24670.524964155255,24660.680899653453,24665.95809206667,2937
2024-01-03 12:59:00+05:30,24665.95809206667,24675.232446400296,24663.06656467631,24672.291577803237,2882
2024-01-03 13:00:00+05:30,24672.291577803237,24679.9859378032,24661.041591506768,24667.577463945152,1400
2024-01-03 13:01:00+05:30,24667.577463945152,24672.673138832335,24664.50106715397,24668.547586458968,2634
2024-01-03 13:02:00+05:30,24668.547586458968,24698.042359183823,24660.638635011917,24688.178354651907,2162
2024-01-03 13:03:00+05:30,24688.178354651907,24700.86136559767,24676.762174569343,24694.24542154409,3486
2024-01-03 13:04:00+05:30,24694.24542154409,24706.327490475484,24687.096315042923,24701.629794962206,1731
2024-01-03 13:05:00+05:30,24701.629794962206,24705.353126851496,24697.94884153282,24703.235261471335,1738
2024-01-03 13:06:00+05:30,24703.235261471335,24718.439385968835,24700.067701411866,24709.519316779664,2345
2024-01-03 13:07:00+05:30,24709.519316779664,24717.88425883064,24693.333571004285,24700.652758411434,1597
2024-01-03 13:08:00+05:30,24700.652758411434,24710.70472177279,24684.68420524744,24694.116827404618,3240
2024-01-03 13:09:00+05:30,24694.116827404618,24703.00859318965,24684.054015921778,24697.176570037613,3476
2024-01-03 13:10:00+05:30,24697.176570037613,24714.316974712176,24687.61797073513,24703.167904671092,1264
2024-01-03 13:11:00+05:30,24703.167904671092,24705.403834552795,24693.282517606644,24699.92972714283,2397
2024-01-03 13:12:00+05:30,24699.92972714283,24711.117910701967,24687.60394338612,24698.357186394598,2569
2024-01-03 13:13:00+05:30,24698.357186394598,24708.004303359878,24688.065101361375,24695.473847935496,3998
2024-01-03 13:14:00+05:30,24695.473847935496,24698.497574365592,24685.059974370688,24693.890935346288,2413
2024-01-03 13:15:00+05:30,24693.890935346288,24705.76237236973,24682.68348259266,24684.708284376866,1619
2024-01-03 13:16:00+05:30,24684.708284376866,24687.606002476266,24666.872113649224,24673.77771676456,2031
2024-01-03 13:17:00+05:30,24673.77771676456,24683.288454518308,24670.107059271148,24672.974395402547,955
2024-01-03 13:18:00+05:30,24672.974395402547,24677.418215136982,24655.620431370196,24659.74600262146,3493
2024-01-03 13:19:00+05:30,24659.74600262146,24668.655846101774,24647.19328174255,24652.205454953077,3373
2024-01-03 13:20:00+05:30,24652.205454953077,24662.575698969198,24639.3113584704,24647.046166222186,1920
2024-01-03 13:21:00+05:30,24647.046166222186,24650.225553587257,24636.169767398827,24638.935255338416,1055
2024-01-03 13:22:00+05:30,24638.935255338416,24645.7449977859,24629.813539260253,24640.499701801866,3359
2024-01-03 13:23:00+05:30,24640.499701801866,24651.45161061708,24630.976814322297,24636.923819419524,1029
2024-01-03 13:24:00+05:30,24636.923819419524,24643.698645640612,24631.89895533465,24636.078254288615,1026
2024-01-03 13:25:00+05:30,24636.078254288615,24639.609084891144,24616.69712224447,24628.253366853824,897
2024-01-03 13:26:00+05:30,24628.253366853824,24631.12193784616,24613.821537677646,24622.430634761116,2205
2024-01-03 13:27:00+05:30,24622.430634761116,24629.237485012123,24617.07183257489,24626.007468384163,3223
2024-01-03 13:28:00+05:30,24626.007468384163,24631.515011416574,24622.778675335947,24628.457034434323,1148
2024-01-03 13:29:00+05:30,24628.457034434323,24634.02577303357,24617.788087327393,24624.68688533745,2303
2024-01-03 13:30:00+05:30,24624.68688533745,24636.892232096423,24614.970671407704,24627.126334909713,3509
2024-01-03 13:31:00+05:30,24627.126334909713,24634.76620823866,24620.005495082634,24628.237012068603,3206
2024-01-03 13:32:00+05:30,24628.237012068603,24632.112457174175,24623.13982527931,24629.128967783174,2926
2024-01-03 13:33:00+05:30,24629.128967783174,24646.305083303836,24626.000269266602,24640.779154254742,1665
2024-01-03 13:34:00+05:30,24640.779154254742,24647.61619230311,24633.21802449267,24637.45604299066,1479
2024-01-03 13:35:00+05:30,24637.45604299066,24646.76049984384,24627.55372637752,24640.278545585774,1991
2024-01-03 13:36:00+05:30,24640.278545585774,24651.523250439837,24636.683208413706,24643.11064461829,1991
2024-01-03 13:37:00+05:30,24643.11064461829,24651.91657900517,24629.210853089917,24641.020414267827,2117
2024-01-03 13:38:00+05:30,24641.020414267827,24650.498174711138,24622.64976833785,24631.943450933446,1207
2024-01-03 13:39:00+05:30,24631.943450933446,24644.1366600556,24625.911626291545,24636.777978952498,1290
2024-01-03 13:40:00+05:30,24636.777978952498,24640.687263949454,24632.888552579738,24638.387795513707,3632
2024-01-03 13:41:00+05:30,24638.387795513707,24648.09467003079,24631.7327841693,24638.39827034587,3829
2024-01-03 13:42:00+05:30,24638.39827034587,24648.229550076525,24626.678254226048,24638.203098284106,3656
2024-01-03 13:43:00+05:30,24638.203098284106,24647.49719668124,24634.79572769135,24637.984824168656,1509
2024-01-03 13:44:00+05:30,24637.984824168656,24644.3604054805,24626.45665701408,24630.89305270875,3655
2024-01-03 13:45:00+05:30,24630.89305270875,24643.557235773755,24628.12455167801,24632.68830795932,3780
2024-01-03 13:46:00+05:30,24632.68830795932,24635.65160917936,24609.522369396473,24618.760639081025,2737
2024-01-03 13:47:00+05:30,24618.760639081025,24628.162203295364,24606.640720208856,24618.1496626073,3843
2024-01-03 13:48:00+05:30,24618.1496626073,24626.112781654403,24598.935032623416,24606.50260065235,1646
2024-01-03 13:49:00+05:30,24606.50260065235,24615.50404340494,24598.45068678533,24603.427254785507,1963
2024-01-03 13:50:00+05:30,24603.427254785507,24611.020565038234,24591.789233664967,24608.34797936115,2259
2024-01-03 13:51:00+05:30,24608.34797936115,24620.02940551274,24598.07998727477,24605.95057907632,2616
2024-01-03 13:52:00+05:30,24605.95057907632,24608.25290847843,24590.291066308895,24601.891864426663,2927
2024-01-03 13:53:00+05:30,24601.891864426663,24609.043020017467,24596.160951909074,24605.2742302957,2944
2024-01-03 13:54:00+05:30,24605.2742302957,24612.440398497172,24599.32129827792,24602.777202077363,2161
2024-01-03 13:55:00+05:30,24602.777202077363,24610.506199455136,24596.53441740481,24599.233577433642,3811
2024-01-03 13:56:00+05:30,24599.233577433642,24603.01291943254,24591.12253585714,24595.79306015606,985
2024-01-03 13:57:00+05:30,24595.79306015606,24611.5094212013,24589.460330599624,24606.63513464801,1686
2024-01-03 13:58:00+05:30,24606.63513464801,24622.265643684466,24597.000497178415,24611.114202622182,2480
2024-01-03 13:59:00+05:30,24611.114202622182,24619.424748026642,24604.425537486746,24614.21153154689,3712
2024-01-03 14:00:00+05:30,24614.21153154689,24620.663688171688,24600.077986127282,24604.77061449527,1080
2024-01-03 14:01:00+05:30,24604.77061449527,24612.008052508485,24593.765823019858,24608.89292752921,2126
2024-01-03 14:02:00+05:30,24608.89292752921,24616.582318150384,24590.898909603602,24598.668144558174,1552
2024-01-03 14:03:00+05:30,24598.668144558174,24610.738827515255,24590.640691026354,24601.729572615848,3880
2024-01-03 14:04:00+05:30,24601.729572615848,24611.138330602764,24582.62001401337,24592.820906608464,3414
2024-01-03 14:05:00+05:30,24592.820906608464,24611.244053980703,24584.112290329318,24606.91793448768,2555
2024-01-03 14:06:00+05:30,24606.91793448768,24612.610380236616,24589.322475658086,24593.738328469597,2764
2024-01-03 14:07:00+05:30,24593.738328469597,24610.8891513709,24582.210550267206,24602.34511313984,2650
2024-01-03 14:08:00+05:30,24602.34511313984,24619.521768168044,24598.73155316024,24607.79225945666,3350
2024-01-03 14:09:00+05:30,24607.79225945666,24617.490316995852,24590.31152048141,24593.91411530775,3891
2024-01-03 14:10:00+05:30,24593.91411530775,24598.10661146489,24583.05272825185,24591.541704921136,2973
2024-01-03 14:11:00+05:30,24591.541704921136,24604.458509527976,24583.715506850273,24601.803356448807,3253
2024-01-03 14:12:00+05:30,24601.803356448807,24615.03167780305,24597.511240770615,24609.750408693744,2904
2024-01-03 14:13:00+05:30,24609.750408693744,24617.04385691811,24587.71477360831,24596.73809634897,3920
2024-01-03 14:14:00+05:30,24596.73809634897,24601.45833493249,24589.26709303535,24592.26096442153,1591
2024-01-03 14:15:00+05:30,24592.26096442153,24602.159858796647,24576.128598526717,24582.879846795942,2069
2024-01-03 14:16:00+05:30,24582.879846795942,24587.4452256718,24563.143351953127,24574.61359274177,3066
2024-01-03 14:17:00+05:30,24574.61359274177,24577.852455802262,24558.254789226696,24569.21386827214,2139
2024-01-03 14:18:00+05:30,24569.21386827214,24590.459839191095,24561.175795874024,24582.435436170872,1204
2024-01-03 14:19:00+05:30,24582.435436170872,24592.446978298954,24572.503422469144,24582.845592692247,3133
2024-01-03 14:20:00+05:30,24582.845592692247,24586.895236919652,24571.928189370108,24580.559871162728,858
2024-01-03 14:21:00+05:30,24580.559871162728,24585.897754269394,24573.123503242827,24577.45563982166,1062
2024-01-03 14:22:00+05:30,24577.45563982166,24586.453080006173,24566.870972834207,24581.855197013116,1885
2024-01-03 14:23:00+05:30,24581.855197013116,24588.727949007567,24573.74431828718,24586.440121745596,3958
2024-01-03 14:24:00+05:30,24586.440121745596,24595.26789925982,24570.99070326755,24578.948362504936,1301
2024-01-03 14:25:00+05:30,24578.948362504936,24591.86059955285,24567.41662058145,24589.35235890131,3721
2024-01-03 14:26:00+05:30,24589.35235890131,24597.471683276133,24573.039594948776,24580.631122316518,3023
2024-01-03 14:27:00+05:30,24580.631122316518,24588.90250007122,24572.692923895946,24577.950978712946,2735
2024-01-03 14:28:00+05:30,24577.950978712946,24588.028043220587,24571.727694315498,24580.72633441934,1714
2024-01-03 14:29:00+05:30,24580.72633441934,24595.375609865845,24573.169595776388,24592.95094765269,1379
2024-01-03 14:30:00+05:30,24592.95094765269,24595.324467314404,24579.029703141994,24589.749930347385,910
2024-01-03 14:31:00+05:30,24589.749930347385,24598.43867692455,24579.32625394784,24591.28835410398,1915
2024-01-03 14:32:00+05:30,24591.28835410398,24607.355566958602,24585.312408112608,24600.449608236853,3281
2024-01-03 14:33:00+05:30,24600.449608236853,24606.67177919686,24593.56485205177,24604.51697658888,3791
2024-01-03 14:34:00+05:30,24604.51697658888,24614.47027236442,24602.017466523084,24612.36263470411,3791
2024-01-03 14:35:00+05:30,24612.36263470411,24629.27486054025,24603.972817660742,24619.541306336592,1119
2024-01-03 14:36:00+05:30,24619.541306336592,24626.127338362025,24609.51526522367,24620.882522402844,3075
2024-01-03 14:37:00+05:30,24620.882522402844,24634.174493455896,24616.90566739687,24625.00521905997,2014
2024-01-03 14:38:00+05:30,24625.00521905997,24635.257189056305,24616.64830595995,24631.271316634084,3856
2024-01-03 14:39:00+05:30,24631.271316634084,24635.927689964792,24627.053632850184,24630.454949228428,1245
2024-01-03 14:40:00+05:30,24630.454949228428,24652.81501780613,24620.0649105604,24641.832927918414,3305
2024-01-03 14:41:00+05:30,24641.832927918414,24645.81011056765,24617.0258214712,24626.330482297493,1737
2024-01-03 14:42:00+05:30,24626.330482297493,24632.4132595152,24607.473660638305,24618.818331987866,3774
2024-01-03 14:43:00+05:30,24618.818331987866,24636.024783658286,24613.978639136785,24629.038427772575,997
2024-01-03 14:44:00+05:30,24629.038427772575,24640.752204155164,24625.335323711442,24631.63335017641,2953
2024-01-03 14:45:00+05:30,24631.63335017641,24636.84085953844,24618.4893504608,24626.196905976067,2522
2024-01-03 14:46:00+05:30,24626.196905976067,24636.91922103386,24623.61724050098,24628.426135737765,3311
2024-01-03 14:47:00+05:30,24628.426135737765,24640.19243468241,24618.216787378173,24635.97007942025,1672
2024-01-03 14:48:00+05:30,24635.97007942025,24644.783485302334,24627.129758725987,24631.173786182935,3345
2024-01-03 14:49:00+05:30,24631.173786182935,24638.54108329937,24627.840770182116,24636.328862988834,2348
2024-01-03 14:50:00+05:30,24636.328862988834,24640.197009265154,24631.32941307134,24634.80986973629,1173
2024-01-03 14:51:00+05:30,24634.80986973629,24637.42001344979,24624.32239396471,24633.35707546049,822
2024-01-03 14:52:00+05:30,24633.35707546049,24636.377266690793,24629.74245891114,24632.23645845152,1823
2024-01-03 14:53:00+05:30,24632.23645845152,24649.45356780487,24626.020366997982,24639.971407990495,1671
2024-01-03 14:54:00+05:30,24639.971407990495,24646.612022909798,24627.15938017071,24630.975020827995,2773
2024-01-03 14:55:00+05:30,24630.975020827995,24640.807918469392,24617.81404865682,24627.619871456896,3738
2024-01-03 14:56:00+05:30,24627.619871456896,24643.739389122413,24625.078733436963,24631.98951893568,1828
2024-01-03 14:57:00+05:30,24631.98951893568,24635.85038605578,24618.285934919615,24622.24962019099,3157
2024-01-03 14:58:00+05:30,24622.24962019099,24631.939117095233,24600.07882554902,24609.79649570497,3593
2024-01-03 14:59:00+05:30,24609.79649570497,24625.18524517371,24602.638561037154,24613.46617922719,1859
2024-01-03 15:00:00+05:30,24613.46617922719,24618.559704775907,24609.72957742661,24612.88108882985,973
2024-01-03 15:01:00+05:30,24612.88108882985,24615.653183348317,24599.281017933237,24611.181232425184,3434
2024-01-03 15:02:00+05:30,24611.181232425184,24618.2704180373,24605.47035461967,24611.65274164015,1209
2024-01-03 15:03:00+05:30,24611.65274164015,24619.07873218221,24597.571608520742,24603.766563657675,3849
2024-01-03 15:04:00+05:30,24603.766563657675,24633.896130751877,24594.350870248512,24625.015377367792,1848
2024-01-03 15:05:00+05:30,24625.015377367792,24632.72352235233,24610.117052844635,24617.03992579346,2152
2024-01-03 15:06:00+05:30,24617.03992579346,24622.057483468587,24602.88319145461,24613.180158815245,1897
2024-01-03 15:07:00+05:30,24613.180158815245,24616.804473060067,24594.565912094204,24601.9239280143,3916
2024-01-03 15:08:00+05:30,24601.9239280143,24607.32394231966,24593.75310754614,24598.210171964995,3464
2024-01-03 15:09:00+05:30,24598.210171964995,24615.749959884353,24590.852219829227,24609.061517306574,3391
2024-01-03 15:10:00+05:30,24609.061517306574,24612.917325892577,24598.221209742616,24608.608410013017,847
2024-01-03 15:11:00+05:30,24608.608410013017,24617.461154271063,24603.80512185444,24612.47432544234,1642
2024-01-03 15:12:00+05:30,24612.47432544234,24623.314880042024,24599.896890003845,24608.25382604921,3446
2024-01-03 15:13:00+05:30,24608.25382604921,24627.491594701638,24600.45743282401,24621.256533783497,2506
2024-01-03 15:14:00+05:30,24621.256533783497,24625.143631144998,24612.32720811375,24621.89058133994,3911
2024-01-03 15:15:00+05:30,24621.89058133994,24630.545996912246,24606.333096489227,24611.933416031996,1842
2024-01-03 15:16:00+05:30,24611.933416031996,24622.662748339157,24607.66698954176,24617.113224520937,958
2024-01-03 15:17:00+05:30,24617.113224520937,24624.26434972846,24605.101556188776,24613.746176385448,1888
2024-01-03 15:18:00+05:30,24613.746176385448,24623.630511867974,24603.2682945962,24617.703276152268,3846
2024-01-03 15:19:00+05:30,24617.703276152268,24621.29946797693,24610.988799108014,24618.151871483366,3048
2024-01-03 15:20:00+05:30,24618.151871483366,24628.9033141571,24614.784892190673,24619.53268078719,2912
2024-01-03 15:21:00+05:30,24619.53268078719,24627.649797609825,24609.49371286738,24619.96169022338,2024
2024-01-03 15:22:00+05:30,24619.96169022338,24631.851480322723,24605.29355529094,24612.575216331872,1222
2024-01-03 15:23:00+05:30,24612.575216331872,24614.62255898898,24591.89010255867,24600.713318258844,1886
2024-01-03 15:24:00+05:30,24600.713318258844,24615.208092398938,24597.69972401333,24607.43516653105,3460
2024-01-03 15:25:00+05:30,24607.43516653105,24613.69264790985,24595.973935519512,24605.821771384555,2343
2024-01-03 15:26:00+05:30,24605.821771384555,24613.71398549705,24600.09703947507,24607.36623194349,1181
2024-01-03 15:27:00+05:30,24607.36623194349,24616.5918710135,24592.39011710056,24603.289149023563,3155
2024-01-03 15:28:00+05:30,24603.289149023563,24607.713238204073,24583.039572538302,24587.51673271405,2029
2024-01-03 15:29:00+05:30,24587.51673271405,24593.51624589252,24575.279736089196,24577.34071309172,1926
2024-01-03 15:30:00+05:30,24577.34071309172,24590.538698217264,24572.148018121825,24587.205473554313,1563
2024-01-04 09:15:00+05:30,24620.63192770046,24621.63192770046,24586.465845496434,24587.465845496434,1266
2024-01-04 09:16:00+05:30,24587.465845496434,24592.279851772044,24573.43447443484,24578.758596827593,2427
2024-01-04 09:17:00+05:30,24578.758596827593,24597.865343341957,24576.462368322384,24586.168084943256,1104
2024-01-04 09:18:00+05:30,24586.168084943256,24590.637236437917,24574.45750312376,24588.457026956883,1611
2024-01-04 09:19:00+05:30,24588.457026956883,24595.72905249612,24586.185114568634,24589.958644261194,1939
2024-01-04 09:20:00+05:30,24589.958644261194,24599.273520192593,24581.081796627674,24595.70030028969,1754
2024-01-04 09:21:00+05:30,24595.70030028969,24613.776232907167,24587.901128419297,24601.901518358976,3301
2024-01-04 09:22:00+05:30,24601.901518358976,24604.09688464758,24581.89880337332,24587.938529654137,1809
2024-01-04 09:23:00+05:30,24587.938529654137,24596.73657247851,24576.64245090459,24591.852981274194,3786
2024-01-04 09:24:00+05:30,24591.852981274194,24597.736011324865,24584.56039565745,24587.762328983925,1507
2024-01-04 09:25:00+05:30,24587.762328983925,24592.01618170017,24583.374934267213,24589.262440659146,3746
2024-01-04 09:26:00+05:30,24589.262440659146,24600.444355165422,24573.90548099653,24584.196540072815,2691
2024-01-04 09:27:00+05:30,24584.196540072815,24593.9046480014,24575.922395625308,24577.9924617462,1069
2024-01-04 09:28:00+05:30,24577.9924617462,24592.8488136116,24573.36524236866,24585.467466782608,2145
2024-01-04 09:29:00+05:30,24585.467466782608,24591.79105892866,24581.775373765202,24585.72808152606,1208
2024-01-04 09:30:00+05:30,24585.72808152606,24589.67031257173,24577.72495953356,24583.932427989283,1825
2024-01-04 09:31:00+05:30,24583.932427989283,24587.580479736556,24572.738440585137,24582.103031070237,1977
2024-01-04 09:32:00+05:30,24582.103031070237,24589.1161091934,24570.57686863334,24583.05339736605,2124
2024-01-04 09:33:00+05:30,24583.05339736605,24591.414714316892,24578.61091709278,24583.281099616714,2588
2024-01-04 09:34:00+05:30,24583.281099616714,24593.817486499654,24563.717015090373,24565.848070108103,3828
2024-01-04 09:35:00+05:30,24565.848070108103,24570.28027150147,24550.240328322463,24559.66123008723,960
2024-01-04 09:36:00+05:30,24559.66123008723,24570.288971282436,24547.165204507983,24558.26185694224,2378
2024-01-04 09:37:00+05:30,24558.26185694224,24572.8732492358,24556.115699491977,24564.257015300896,1086
2024-01-04 09:38:00+05:30,24564.257015300896,24578.48455762788,24556.117032786748,24574.891104701837,2047
2024-01-04 09:39:00+05:30,24574.891104701837,24577.207837133126,24560.340185711404,24568.27720963879,3439
2024-01-04 09:40:00+05:30,24568.27720963879,24585.50615624855,24560.72597800452,24583.260164210973,3560
2024-01-04 09:41:00+05:30,24583.260164210973,24596.047946492818,24574.99095596438,24584.406950175828,3988
2024-01-04 09:42:00+05:30,24584.406950175828,24592.989267115485,24579.618453425275,24588.534430202653,3125
2024-01-04 09:43:00+05:30,24588.534430202653,24591.194405919567,24574.044200697954,24584.985664028398,2202
2024-01-04 09:44:00+05:30,24584.985664028398,24593.576333964647,24576.701334406895,24580.913710754627,2936
2024-01-04 09:45:00+05:30,24580.913710754627,24596.956208097956,24569.4608428072,24592.200002556598,3336
2024-01-04 09:46:00+05:30,24592.200002556598,24603.63765380865,24579.541759473403,24591.0581772437,1773
2024-01-04 09:47:00+05:30,24591.0581772437,24599.69600446222,24580.48722558895,24590.801322466923,3048
2024-01-04 09:48:00+05:30,24590.801322466923,24610.90290118904,24584.933458227177,24600.034130483225,2057
2024-01-04 09:49:00+05:30,24600.034130483225,24622.0294867683,24588.561952147313,24613.521470322117,3259
2024-01-04 09:50:00+05:30,24613.521470322117,24622.845069659576,24598.653704252043,24602.800923403225,3575
2024-01-04 09:51:00+05:30,24602.800923403225,24609.41220303293,24595.027404331307,24601.94279966716,2146
2024-01-04 09:52:00+05:30,24601.94279966716,24608.676386232295,24594.894315022033,24602.4294738209,3105
2024-01-04 09:53:00+05:30,24602.4294738209,24626.457377728566,24599.029739525748,24616.64368549243,3773
2024-01-04 09:54:00+05:30,24616.64368549243,24639.593234707358,24604.780888856025,24635.76802858699,2320
2024-01-04 09:55:00+05:30,24635.76802858699,24638.649009817753,24631.95926322254,24635.99087582043,1194
2024-01-04 09:56:00+05:30,24635.99087582043,24650.5215587565,24629.195393623606,24639.41029099459,1459
2024-01-04 09:57:00+05:30,24639.41029099459,24652.37723233034,24636.550654006944,24646.543236394486,1651
2024-01-04 09:58:00+05:30,24646.543236394486,24663.42589354264,24641.733849744807,24655.835448289236,1759
2024-01-04 09:59:00+05:30,24655.835448289236,24661.783242624024,24643.78494412592,24654.087236592597,2834
2024-01-04 10:00:00+05:30,24654.087236592597,24670.634315329477,24645.29409868647,24661.19195448932,3243
2024-01-04 10:01:00+05:30,24661.19195448932,24670.960382350844,24650.961484052496,24656.608578573458,1598
2024-01-04 10:02:00+05:30,24656.608578573458,24660.44312338103,24628.686223992474,24637.179389996018,3731
2024-01-04 10:03:00+05:30,24637.179389996018,24646.903228110572,24623.793737580745,24627.497552025063,3484
2024-01-04 10:04:00+05:30,24627.497552025063,24634.992061473993,24618.89763340586,24629.816515124516,885
2024-01-04 10:05:00+05:30,24629.816515124516,24644.111730867076,24618.91792403856,24636.41823352839,3429
2024-01-04 10:06:00+05:30,24636.41823352839,24643.25040306463,24618.022516976795,24620.163002731242,2367
2024-01-04 10:07:00+05:30,24620.163002731242,24630.62457113266,24602.326275728676,24607.324656738376,3324
2024-01-04 10:08:00+05:30,24607.324656738376,24614.020618172985,24602.757142124654,24607.84329121311,1587
2024-01-04 10:09:00+05:30,24607.84329121311,24618.097533252352,24580.329955985188,24583.211474886295,3610
2024-01-04 10:10:00+05:30,24583.211474886295,24599.600543185035,24572.0594419199,24588.19024187369,2479
2024-01-04 10:11:00+05:30,24588.19024187369,24604.507430098838,24579.299792541427,24596.757171326335,2833
2024-01-04 10:12:00+05:30,24596.757171326335,24606.915387020552,24567.006438193526,24575.158242970185,1311
2024-01-04 10:13:00+05:30,24575.158242970185,24592.627432571644,24567.03504195207,24581.756046707364,1383
2024-01-04 10:14:00+05:30,24581.756046707364,24586.04149231609,24572.426633488732,24581.152925049963,2518
2024-01-04 10:15:00+05:30,24581.152925049963,24599.18657527166,24576.30207482606,24592.673088358017,1852
2024-01-04 10:16:00+05:30,24592.673088358017,24606.677983143865,24588.66177527097,24595.664382741073,949
2024-01-04 10:17:00+05:30,24595.664382741073,24605.271860608085,24591.988028535423,24594.75737231935,813
2024-01-04 10:18:00+05:30,24594.75737231935,24607.031976614686,24591.20467636336,24596.56395021189,2589
2024-01-04 10:19:00+05:30,24596.56395021189,24612.566493528615,24592.578691548533,24604.54337633614,2065
2024-01-04 10:20:00+05:30,24604.54337633614,24612.69802887447,24594.573466131136,24606.90454306982,2879
2024-01-04 10:21:00+05:30,24606.90454306982,24618.02024378094,24601.682870017918,24608.152351547604,2834
2024-01-04 10:22:00+05:30,24608.152351547604,24613.605052029532,24592.390574554178,24598.257615807866,3467
2024-01-04 10:23:00+05:30,24598.257615807866,24610.67567934609,24588.862891941986,24602.85520771229,3029
2024-01-04 10:24:00+05:30,24602.85520771229,24608.17050614444,24591.170135947323,24604.06348518626,3392
2024-01-04 10:25:00+05:30,24604.06348518626,24624.88919933771,24601.026589011064,24618.88167826103,3086
2024-01-04 10:26:00+05:30,24618.88167826103,24626.26930776973,24611.012811117078,24619.78264902303,2486
2024-01-04 10:27:00+05:30,24619.78264902303,24623.27556008144,24613.606007410537,24620.137191697995,1630
2024-01-04 10:28:00+05:30,24620.137191697995,24623.153835359215,24612.629045605165,24616.44334448262,3112
2024-01-04 10:29:00+05:30,24616.44334448262,24633.76117272922,24611.04613011254,24622.90533441539,3755
2024-01-04 10:30:00+05:30,24622.90533441539,24634.764273248402,24612.572307437113,24622.400713101888,1402
2024-01-04 10:31:00+05:30,24622.400713101888,24626.018698812724,24613.452705984102,24618.13786401801,2542
2024-01-04 10:32:00+05:30,24618.13786401801,24636.888299394603,24610.536147052862,24631.227609752823,3367
2024-01-04 10:33:00+05:30,24631.227609752823,24654.40884312367,24624.670805801707,24645.66778634154,1463
2024-01-04 10:34:00+05:30,24645.66778634154,24649.09873668828,24641.131482597248,24643.31329474314,3957
2024-01-04 10:35:00+05:30,24643.31329474314,24645.980649102545,24626.070653043807,24636.66847911065,3798
2024-01-04 10:36:00+05:30,24636.66847911065,24657.278064954484,24626.051249663466,24646.21668340041,2277
2024-01-04 10:37:00+05:30,24646.21668340041,24651.037619689054,24630.648603212805,24641.00344610184,2951
2024-01-04 10:38:00+05:30,24641.00344610184,24674.87788670001,24634.65366130832,24663.318498425167,2983
2024-01-04 10:39:00+05:30,24663.318498425167,24670.580833261625,24657.02593253729,24663.375426465256,2984
2024-01-04 10:40:00+05:30,24663.375426465256,24679.57488547292,24654.643637485286,24671.70408662604,1736
2024-01-04 10:41:00+05:30,24671.70408662604,24679.105048662823,24651.16647972504,24663.030034544357,2744
2024-01-04 10:42:00+05:30,24663.030034544357,24670.931251243288,24656.04080360883,24663.858795731387,1185
2024-01-04 10:43:00+05:30,24663.858795731387,24677.868400464315,24658.8788817333,24673.184203360408,804
2024-01-04 10:44:00+05:30,24673.184203360408,24685.859573300055,24666.43612047932,24677.595148977103,3488
2024-01-04 10:45:00+05:30,24677.595148977103,24683.993636827465,24666.936486454717,24674.655800980956,2565
2024-01-04 10:46:00+05:30,24674.655800980956,24704.719437300915,24666.360076277593,24694.232912610783,2667
2024-01-04 10:47:00+05:30,24694.232912610783,24705.802638913057,24682.833751955586,24700.908985324306,3109
2024-01-04 10:48:00+05:30,24700.908985324306,24704.83547259199,24692.518976761774,24700.30191039728,2907
2024-01-04 10:49:00+05:30,24700.30191039728,24710.91083053675,24686.64810934033,24696.868090964035,2930
2024-01-04 10:50:00+05:30,24696.868090964035,24704.227005883506,24689.233913634285,24695.955802585435,1929
2024-01-04 10:51:00+05:30,24695.955802585435,24711.545141092563,24689.42530447494,24707.253775228288,1488
2024-01-04 10:52:00+05:30,24707.253775228288,24717.03151877278,24691.501634523287,24702.56637713734,1284
2024-01-04 10:53:00+05:30,24702.56637713734,24708.805133396287,24697.720922539975,24703.93830089408,2319
2024-01-04 10:54:00+05:30,24703.93830089408,24713.130279121262,24693.863826272947,24698.887863489086,3600
2024-01-04 10:55:00+05:30,24698.887863489086,24718.026087306866,24691.418890508852,24709.46756338909,3115
2024-01-04 10:56:00+05:30,24709.46756338909,24714.389760896272,24706.25756959215,24709.37238513091,1903
2024-01-04 10:57:00+05:30,24709.37238513091,24725.42342104953,24705.723139755093,24717.001614224064,3685
2024-01-04 10:58:00+05:30,24717.001614224064,24729.299161950465,24709.836027798487,24722.409051039787,2412
2024-01-04 10:59:00+05:30,24722.409051039787,24724.705068790736,24710.764751165883,24719.16974704664,1535
2024-01-04 11:00:00+05:30,24719.16974704664,24737.364488300558,24707.372554382826,24725.583831698747,1961
2024-01-04 11:01:00+05:30,24725.583831698747,24738.410901649768,24722.455154680105,24733.802474273052,2632
2024-01-04 11:02:00+05:30,24733.802474273052,24739.64308187956,24723.873961627716,24726.29656823898,2817
2024-01-04 11:03:00+05:30,24726.29656823898,24743.540831158887,24717.41391903508,24732.73627488633,1020
2024-01-04 11:04:00+05:30,24732.73627488633,24769.604213847273,24721.777102565902,24760.702985879983,1124
2024-01-04 11:05:00+05:30,24760.702985879983,24764.402566320194,24756.686469270408,24759.605979850094,1361
2024-01-04 11:06:00+05:30,24759.605979850094,24773.984004142545,24754.630230167884,24765.56909953715,1085
2024-01-04 11:07:00+05:30,24765.56909953715,24767.786095795644,24747.834558200833,24756.646363217853,2013
2024-01-04 11:08:00+05:30,24756.646363217853,24770.749124427894,24748.235988294822,24761.261636226536,3833
2024-01-04 11:09:00+05:30,24761.261636226536,24769.308503466043,24747.272378095167,24757.968050058367,854
2024-01-04 11:10:00+05:30,24757.968050058367,24773.5292226924,24749.342080475584,24764.90415722227,1981
2024-01-04 11:11:00+05:30,24764.90415722227,24773.34354039301,24753.42584778862,24765.66651140486,1934
2024-01-04 11:12:00+05:30,24765.66651140486,24771.206907825668,24752.99706987439,24757.929491965508,1524
2024-01-04 11:13:00+05:30,24757.929491965508,24775.939269283223,24748.475060454635,24767.382183606976,3586
2024-01-04 11:14:00+05:30,24767.382183606976,24773.980951897003,24759.002222436076,24766.89821786281,1076
2024-01-04 11:15:00+05:30,24766.89821786281,24776.387065725645,24754.44436697085,24760.378994262857,1767
2024-01-04 11:16:00+05:30,24760.378994262857,24764.37682191472,24751.17190067423,24762.02660984998,3767
2024-01-04 11:17:00+05:30,24762.02660984998,24766.67968999928,24745.418831777446,24755.874798447865,1282
2024-01-04 11:18:00+05:30,24755.874798447865,24763.572689588775,24748.079371509382,24760.011177232183,1648
2024-01-04 11:19:00+05:30,24760.011177232183,24767.794904954608,24750.852159360533,24760.680320495754,1133
2024-01-04 11:20:00+05:30,24760.680320495754,24768.89141450086,24752.908955384326,24759.02930656384,1927
2024-01-04 11:21:00+05:30,24759.02930656384,24769.416925070276,24748.42713446258,24765.21804227398,2567
2024-01-04 11:22:00+05:30,24765.21804227398,24776.679496563916,24750.86376118049,24756.709195277817,3087
2024-01-04 11:23:00+05:30,24756.709195277817,24770.912634462482,24748.472212161894,24765.20678882359,2087
2024-01-04 11:24:00+05:30,24765.20678882359,24767.346264501368,24743.23607603341,24751.194832697824,2715
2024-01-04 11:25:00+05:30,24751.194832697824,24773.762943573114,24744.061051944605,24764.49959531057,2803
2024-01-04 11:26:00+05:30,24764.49959531057,24770.143991259934,24753.31765128091,24767.025028037668,2946
2024-01-04 11:27:00+05:30,24767.025028037668,24769.171226045415,24757.142758525035,24766.17886489237,2086
2024-01-04 11:28:00+05:30,24766.17886489237,24771.07062424342,24753.86729927584,24761.760934653674,2651
2024-01-04 11:29:00+05:30,24761.760934653674,24773.743587852612,24752.628263456263,24767.053123594076,2486
2024-01-04 11:30:00+05:30,24767.053123594076,24771.460770492755,24757.906902102375,24766.995518893316,1813
2024-01-04 11:31:00+05:30,24766.995518893316,24772.30148989122,24761.488686578214,24766.799051796548,2096
2024-01-04 11:32:00+05:30,24766.799051796548,24779.078931951215,24761.634939494154,24775.763432773136,2873
2024-01-04 11:33:00+05:30,24775.763432773136,24781.332269127764,24765.531283345066,24773.627518155936,1722
2024-01-04 11:34:00+05:30,24773.627518155936,24783.587976643368,24769.59505077557,24772.990708846577,2671
2024-01-04 11:35:00+05:30,24772.990708846577,24782.505685138043,24762.883882892922,24777.39514177288,832
2024-01-04 11:36:00+05:30,24777.39514177288,24794.48884823159,24767.704894258775,24786.67158979968,899
2024-01-04 11:37:00+05:30,24786.67158979968,24790.788064390494,24778.25914627625,24786.68635231185,1705
2024-01-04 11:38:00+05:30,24786.68635231185,24792.29345724913,24781.35646187487,24789.047184705636,2304
2024-01-04 11:39:00+05:30,24789.047184705636,24795.728343315637,24777.2607991221,24790.548520674347,3174
2024-01-04 11:40:00+05:30,24790.548520674347,24799.66136936666,24781.128131905825,24797.32920227683,2252
2024-01-04 11:41:00+05:30,24797.32920227683,24816.51086183699,24786.714544658433,24809.77517537596,1903
2024-01-04 11:42:00+05:30,24809.77517537596,24818.827217899972,24794.65254287804,24803.846632928882,3372
2024-01-04 11:43:00+05:30,24803.846632928882,24810.20338970443,24796.260436370474,24803.98712594356,3270
2024-01-04 11:44:00+05:30,24803.98712594356,24809.037931196668,24799.15202041513,24804.78186852429,3805
2024-01-04 11:45:00+05:30,24804.78186852429,24815.651456454863,24800.97663258912,24810.40605049802,933
2024-01-04 11:46:00+05:30,24810.40605049802,24833.12802549486,24800.240381942076,24822.93333118624,1673
2024-01-04 11:47:00+05:30,24822.93333118624,24828.36771215481,24814.718189021114,24823.95599833286,3050
2024-01-04 11:48:00+05:30,24823.95599833286,24832.035123327598,24819.59014571458,24826.720314005517,2174
2024-01-04 11:49:00+05:30,24826.720314005517,24845.32208921738,24822.631926287864,24836.452754633985,3441
2024-01-04 11:50:00+05:30,24836.452754633985,24840.945211006292,24821.297345428706,24828.165427175838,1396
2024-01-04 11:51:00+05:30,24828.165427175838,24839.463585966667,24815.126137047155,24823.474521570126,1579
2024-01-04 11:52:00+05:30,24823.474521570126,24827.203110979248,24811.58284038035,24821.20243743602,3990
2024-01-04 11:53:00+05:30,24821.20243743602,24824.53689380757,24814.40069954799,24822.291281081772,2013
2024-01-04 11:54:00+05:30,24822.291281081772,24831.446697557552,24817.789289844113,24825.178212309846,1671
2024-01-04 11:55:00+05:30,24825.178212309846,24832.581193658527,24813.61037435336,24822.381225635643,1644
2024-01-04 11:56:00+05:30,24822.381225635643,24844.514541811997,24819.084694571622,24836.820187606456,2212
2024-01-04 11:57:00+05:30,24836.820187606456,24842.05535758946,24828.874298868668,24832.592563136383,2195
2024-01-04 11:58:00+05:30,24832.592563136383,24842.396114415347,24826.469288321732,24832.18756528586,2782
2024-01-04 11:59:00+05:30,24832.18756528586,24852.01331521801,24824.566575061945,24841.56442439706,3741
2024-01-04 12:00:00+05:30,24841.56442439706,24855.43355861392,24839.374737305203,24848.5574548659,1122
2024-01-04 12:01:00+05:30,24848.5574548659,24859.77224832381,24845.20333762496,24849.573461734384,3030
2024-01-04 12:02:00+05:30,24849.573461734384,24863.595881018682,24840.495358032058,24853.54910637831,2026
2024-01-04 12:03:00+05:30,24853.54910637831,24864.6667001788,24847.437844019863,24860.881457465417,1133
2024-01-04 12:04:00+05:30,24860.881457465417,24865.3007929922,24854.411075766922,24861.897911220996,2614
2024-01-04 12:05:00+05:30,24861.897911220996,24871.25466558909,24855.179945230662,24867.934170646102,3989
2024-01-04 12:06:00+05:30,24867.934170646102,24870.795076558483,24858.318209123474,24862.069183679614,2664
2024-01-04 12:07:00+05:30,24862.069183679614,24873.47220738687,24850.419500565178,24863.702662646898,2975
2024-01-04 12:08:00+05:30,24863.702662646898,24869.52051488428,24841.079746741103,24852.310969692207,3441
2024-01-04 12:09:00+05:30,24852.310969692207,24855.726145603552,24838.262304746127,24846.605650922404,3404
2024-01-04 12:10:00+05:30,24846.605650922404,24854.09620707677,24836.075441335113,24838.993209638535,3096
2024-01-04 12:11:00+05:30,24838.993209638535,24854.522114309493,24830.121340479258,24849.558504555454,3487
2024-01-04 12:12:00+05:30,24849.558504555454,24852.034487701294,24837.000393840957,24847.088710530774,925
2024-01-04 12:13:00+05:30,24847.088710530774,24856.54756181164,24841.738071049065,24850.400896922845,3742
2024-01-04 12:14:00+05:30,24850.400896922845,24860.662720345044,24840.899856969154,24844.406338087403,3743
2024-01-04 12:15:00+05:30,24844.406338087403,24853.45524128084,24834.62673221374,24843.8927316667,3285
2024-01-04 12:16:00+05:30,24843.8927316667,24855.74884955802,24834.435429585712,24842.788606041755,2013
2024-01-04 12:17:00+05:30,24842.788606041755,24849.533487753797,24831.363961409294,24837.28952161462,1662
2024-01-04 12:18:00+05:30,24837.28952161462,24856.45208954652,24832.33744501692,24844.82010566741,3835
2024-01-04 12:19:00+05:30,24844.82010566741,24850.644576406074,24821.87502302799,24833.16286596773,3190
2024-01-04 12:20:00+05:30,24833.16286596773,24845.81031916978,24830.292458121716,24838.913950694867,2319
2024-01-04 12:21:00+05:30,24838.913950694867,24869.58607416198,24833.811944012003,24860.126300526237,2939
2024-01-04 12:22:00+05:30,24860.126300526237,24866.711443272874,24848.048707538364,24854.840719576478,3596
2024-01-04 12:23:00+05:30,24854.840719576478,24859.69346892455,24846.947491454684,24856.02275346929,2135
2024-01-04 12:24:00+05:30,24856.02275346929,24865.12479976828,24840.528404133307,24845.0871404318,1976
2024-01-04 12:25:00+05:30,24845.0871404318,24856.95640639946,24837.14507180516,24845.795182806374,3584
2024-01-04 12:26:00+05:30,24845.795182806374,24851.359045188598,24830.34109892545,24833.46568651033,2893
2024-01-04 12:27:00+05:30,24833.46568651033,24845.274748055555,24826.149852542454,24839.115846696703,837
2024-01-04 12:28:00+05:30,24839.115846696703,24844.205660968917,24833.3583794144,24836.208884979227,1489
2024-01-04 12:29:00+05:30,24836.208884979227,24845.096136418106,24817.05902912313,24822.958824600788,2415
2024-01-04 12:30:00+05:30,24822.958824600788,24829.882232899752,24804.76538268898,24813.889983286786,1297
2024-01-04 12:31:00+05:30,24813.889983286786,24818.188671924385,24798.566659792894,24802.563971053933,3630
2024-01-04 12:32:00+05:30,24802.563971053933,24813.54862963791,24797.616627262785,24801.138869287224,2484
2024-01-04 12:33:00+05:30,24801.138869287224,24810.514806978907,24789.48491305002,24808.371781719947,2502
2024-01-04 12:34:00+05:30,24808.371781719947,24818.720496035035,24799.751830283105,24806.04062826206,2536
2024-01-04 12:35:00+05:30,24806.04062826206,24816.682133574417,24795.158940692763,24797.733230037604,2022
2024-01-04 12:36:00+05:30,24797.733230037604,24800.67738349302,24785.753295645336,24792.006898776446,2529
2024-01-04 12:37:00+05:30,24792.006898776446,24795.695459962746,24787.284293792196,24793.52626556523,1145
2024-01-04 12:38:00+05:30,24793.52626556523,24801.99437367039,24765.364326924046,24775.541538127807,3138
2024-01-04 12:39:00+05:30,24775.541538127807,24788.417275010845,24764.74979231673,24780.583889631616,1407
2024-01-04 12:40:00+05:30,24780.583889631616,24787.94471333355,24770.964095790187,24784.219340952266,1923
2024-01-04 12:41:00+05:30,24784.219340952266,24790.547006463385,24757.246226589585,24765.984571828278,1647
2024-01-04 12:42:00+05:30,24765.984571828278,24778.47270367927,24758.27494628964,24775.510668488023,3194
2024-01-04 12:43:00+05:30,24775.510668488023,24781.64740219461,24760.903771836205,24763.482494252446,3978
2024-01-04 12:44:00+05:30,24763.482494252446,24770.734114640032,24753.77193177532,24762.280057521002,3620
2024-01-04 12:45:00+05:30,24762.280057521002,24782.656268843766,24756.408360745656,24771.70994246302,2554
2024-01-04 12:46:00+05:30,24771.70994246302,24777.460016967227,24754.779025515243,24759.59775317887,3016
2024-01-04 12:47:00+05:30,24759.59775317887,24763.183268105764,24738.20193458163,24745.851425501136,1783
2024-01-04 12:48:00+05:30,24745.851425501136,24757.36502215407,24733.23265304765,24737.653188885633,1302
2024-01-04 12:49:00+05:30,24737.653188885633,24746.024604206545,24717.838990553882,24729.712123780726,3638
2024-01-04 12:50:00+05:30,24729.712123780726,24733.060097915244,24721.004641862706,24728.98410207853,2382
2024-01-04 12:51:00+05:30,24728.98410207853,24731.584340920363,24715.794135268698,24725.282230046807,2754
2024-01-04 12:52:00+05:30,24725.282230046807,24731.092394957162,24718.700572408692,24721.787138709624,984
2024-01-04 12:53:00+05:30,24721.787138709624,24726.209993079767,24716.02728736742,24718.393638332196,1742
2024-01-04 12:54:00+05:30,24718.393638332196,24724.062993336316,24713.562716316683,24717.28612100461,1861
2024-01-04 12:55:00+05:30,24717.28612100461,24722.003622974917,24707.18011516326,24711.023384907687,2893
2024-01-04 12:56:00+05:30,24711.023384907687,24724.934732681384,24703.519482560536,24713.809780759115,1585
2024-01-04 12:57:00+05:30,24713.809780759115,24724.184233700737,24705.250984813054,24714.064185433635,881
2024-01-04 12:58:00+05:30,24714.064185433635,24722.77123258783,24695.593292035886,24706.549618218833,802
2024-01-04 12:59:00+05:30,24706.549618218833,24723.68698719102,24703.59712871268,24720.787509090966,2470
2024-01-04 13:00:00+05:30,24720.787509090966,24730.702193191057,24704.355575392197,24711.330997767735,3257
2024-01-04 13:01:00+05:30,24711.330997767735,24723.219773546054,24702.736093648167,24717.24458112488,2484
2024-01-04 13:02:00+05:30,24717.24458112488,24727.930779331356,24705.660650379752,24711.823210235027,3991
2024-01-04 13:03:00+05:30,24711.823210235027,24717.39348644401,24709.101698713977,24714.881084405893,1019
2024-01-04 13:04:00+05:30,24714.881084405893,24722.646682645107,24711.915863101967,24719.18625154868,1863
2024-01-04 13:05:00+05:30,24719.18625154868,24729.395958239413,24717.096008106986,24726.09628570887,2912
2024-01-04 13:06:00+05:30,24726.09628570887,24747.46753454164,24720.88433329017,24737.30863443123,3489
2024-01-04 13:07:00+05:30,24737.30863443123,24748.846087006117,24727.600509028605,24731.205984163033,874
2024-01-04 13:08:00+05:30,24731.205984163033,24762.914362910837,24719.711524556533,24753.453611546116,2660
2024-01-04 13:09:00+05:30,24753.453611546116,24762.01328332714,24745.146203634347,24756.93258180353,1420
2024-01-04 13:10:00+05:30,24756.93258180353,24759.44976464866,24748.12296673882,24751.10244087777,3804
2024-01-04 13:11:00+05:30,24751.10244087777,24762.74184518347,24732.46042848468,24741.114980529605,3171
2024-01-04 13:12:00+05:30,24741.114980529605,24763.21165636904,24734.07007889494,24759.50386915444,3767
2024-01-04 13:13:00+05:30,24759.50386915444,24782.653727891397,24749.199514556578,24772.548803255748,2085
2024-01-04 13:14:00+05:30,24772.548803255748,24779.595951671654,24768.6646574033,24772.880042972523,3440
2024-01-04 13:15:00+05:30,24772.880042972523,24784.580371392327,24767.411828701464,24779.192855280882,3106
2024-01-04 13:16:00+05:30,24779.192855280882,24795.87085247299,24772.304648225825,24789.76920139481,1591
2024-01-04 13:17:00+05:30,24789.76920139481,24793.804742619555,24782.65277867659,24791.0322432123,2525
2024-01-04 13:18:00+05:30,24791.0322432123,24794.199195709567,24784.871569145962,24788.303674957995,842
2024-01-04 13:19:00+05:30,24788.303674957995,24799.23213628067,24777.99915947141,24788.56123155213,2284
2024-01-04 13:20:00+05:30,24788.56123155213,24802.05441958445,24784.982955959367,24795.52564123036,1573
2024-01-04 13:21:00+05:30,24795.52564123036,24804.953232244625,24788.89739416287,24796.232523450006,2696
2024-01-04 13:22:00+05:30,24796.232523450006,24801.558185670136,24779.66359991947,24787.353173297928,2649
2024-01-04 13:23:00+05:30,24787.353173297928,24800.511368377178,24780.969369416867,24793.688074209684,864
2024-01-04 13:24:00+05:30,24793.688074209684,24803.63357052125,24775.601360587774,24781.006832006824,3259
2024-01-04 13:25:00+05:30,24781.006832006824,24789.464889232113,24766.58703677249,24775.808857549666,809
2024-01-04 13:26:00+05:30,24775.808857549666,24791.84662008451,24768.566732803545,24785.8599256576,3897
2024-01-04 13:27:00+05:30,24785.8599256576,24794.85242931084,24777.025174655395,24788.241285636814,3801
2024-01-04 13:28:00+05:30,24788.241285636814,24802.45398659604,24778.61750212191,24790.590391617978,3355
2024-01-04 13:29:00+05:30,24790.590391617978,24794.28783650736,24779.35093124118,24791.96456324338,3008
2024-01-04 13:30:00+05:30,24791.96456324338,24806.452472869765,24785.036951195612,24800.43499789102,871
2024-01-04 13:31:00+05:30,24800.43499789102,24803.904462806015,24794.26094097959,24800.60168849155,1387
2024-01-04 13:32:00+05:30,24800.60168849155,24803.649877248332,24775.00582074967,24786.20160798377,3776
2024-01-04 13:33:00+05:30,24786.20160798377,24791.166094185966,24774.546807398558,24788.63327691791,3018
2024-01-04 13:34:00+05:30,24788.63327691791,24798.288038431838,24754.946823161044,24765.67594439091,1412
2024-01-04 13:35:00+05:30,24765.67594439091,24772.246830092732,24746.46126967254,24750.496544262045,3762
2024-01-04 13:36:00+05:30,24750.496544262045,24770.672287872345,24739.411947690573,24763.18196455687,1545
2024-01-04 13:37:00+05:30,24763.18196455687,24776.711021724823,24754.715173920646,24771.6946525192,3478
2024-01-04 13:38:00+05:30,24771.6946525192,24777.64105405466,24761.450779825085,24768.674285354406,1503
2024-01-04 13:39:00+05:30,24768.674285354406,24775.19293115165,24765.32111715307,24768.634470442266,2853
2024-01-04 13:40:00+05:30,24768.634470442266,24780.112767866558,24765.01128178573,24769.82396393038,1902
2024-01-04 13:41:00+05:30,24769.82396393038,24780.9506897745,24759.16299124974,24778.0396057935,2480
2024-01-04 13:42:00+05:30,24778.0396057935,24781.835625618165,24767.75377082148,24772.641492478622,1607
2024-01-04 13:43:00+05:30,24772.641492478622,24776.337930387846,24759.67146076461,24766.411324999517,2792
2024-01-04 13:44:00+05:30,24766.411324999517,24773.06719558873,24755.839223407693,24762.117191435886,1626
2024-01-04 13:45:00+05:30,24762.117191435886,24770.471441413083,24756.263807067855,24763.698779753453,1383
2024-01-04 13:46:00+05:30,24763.698779753453,24775.044956609272,24757.443607223177,24766.241786107403,1464
2024-01-04 13:47:00+05:30,24766.241786107403,24778.125417008632,24758.934718687266,24763.73653609493,2227
2024-01-04 13:48:00+05:30,24763.73653609493,24781.253216934594,24752.74027292056,24770.08256586783,2084
2024-01-04 13:49:00+05:30,24770.08256586783,24774.484432586167,24755.61082814112,24762.755362742806,3602
2024-01-04 13:50:00+05:30,24762.755362742806,24768.833442685693,24757.74701725504,24762.684120981405,963
2024-01-04 13:51:00+05:30,24762.684120981405,24769.99094033405,24753.765484213825,24757.889734515775,1961
2024-01-04 13:52:00+05:30,24757.889734515775,24767.79948927579,24740.67016051643,24750.684870078083,1572
2024-01-04 13:53:00+05:30,24750.684870078083,24767.727532476903,24740.793175068346,24760.60950453833,1656
2024-01-04 13:54:00+05:30,24760.60950453833,24764.20516917156,24748.4615210505,24758.674492396945,2681
2024-01-04 13:55:00+05:30,24758.674492396945,24761.175308193673,24743.514959646305,24751.469900349774,2466
2024-01-04 13:56:00+05:30,24751.469900349774,24757.691815889713,24746.166503852757,24752.29181521097,3361
2024-01-04 13:57:00+05:30,24752.29181521097,24760.359484450102,24741.0025432297,24745.121354327217,3400
2024-01-04 13:58:00+05:30,24745.121354327217,24754.008914415925,24739.391015523266,24750.209451503786,3787
2024-01-04 13:59:00+05:30,24750.209451503786,24763.790908973413,24747.312364630227,24757.243838258233,3622
2024-01-04 14:00:00+05:30,24757.243838258233,24771.463730397925,24752.488049415115,24765.627915560595,2923
2024-01-04 14:01:00+05:30,24765.627915560595,24777.231218963618,24752.551773016236,24758.02717506775,3995
2024-01-04 14:02:00+05:30,24758.02717506775,24767.024822225558,24754.266085673822,24757.422942497902,3572
2024-01-04 14:03:00+05:30,24757.422942497902,24783.84413829104,24753.903474495393,24772.08813023336,3885
2024-01-04 14:04:00+05:30,24772.08813023336,24779.276685930803,24767.769767315032,24770.967183602334,2569
2024-01-04 14:05:00+05:30,24770.967183602334,24788.10878955195,24765.07753318897,24781.19374258091,1145
2024-01-04 14:06:00+05:30,24781.19374258091,24805.20091266829,24769.927904203396,24793.42700501913,3688
2024-01-04 14:07:00+05:30,24793.42700501913,24799.503471396118,24771.779285264387,24783.36921662133,2258
2024-01-04 14:08:00+05:30,24783.36921662133,24800.725899730125,24780.335519918128,24793.19293273248,1158
2024-01-04 14:09:00+05:30,24793.19293273248,24801.74459541166,24785.240116454308,24799.50500956716,2567
2024-01-04 14:10:00+05:30,24799.50500956716,24810.45878480909,24797.450912492885,24806.768675852996,2655
2024-01-04 14:11:00+05:30,24806.768675852996,24825.139472368206,24798.103603474236,24820.271201033258,2969
2024-01-04 14:12:00+05:30,24820.271201033258,24828.794167545395,24812.011083051482,24824.344263331473,2628
2024-01-04 14:13:00+05:30,24824.344263331473,24831.82917552782,24817.213848080086,24825.49378335838,1156
2024-01-04 14:14:00+05:30,24825.49378335838,24841.61946635165,24820.712334756154,24830.728037953002,2610
2024-01-04 14:15:00+05:30,24830.728037953002,24834.823480485895,24821.9831152322,24828.633290676014,1965
2024-01-04 14:16:00+05:30,24828.633290676014,24835.459443447115,24826.245044112926,24832.98398440778,1067
2024-01-04 14:17:00+05:30,24832.98398440778,24840.609358450827,24809.549991872645,24818.10199057439,2004
2024-01-04 14:18:00+05:30,24818.10199057439,24837.546990206163,24808.32150823235,24831.911024054752,2462
2024-01-04 14:19:00+05:30,24831.911024054752,24834.377196114638,24825.529579118105,24828.38541242896,2743
2024-01-04 14:20:00+05:30,24828.38541242896,24842.675022253712,24816.395032704288,24833.07494332195,3928
2024-01-04 14:21:00+05:30,24833.07494332195,24847.390948021402,24829.301591476535,24836.013132579694,1981
2024-01-04 14:22:00+05:30,24836.013132579694,24846.80998340002,24824.85698945445,24837.35675606263,3218
2024-01-04 14:23:00+05:30,24837.35675606263,24848.75185144273,24825.568390296386,24838.755479540116,1809
2024-01-04 14:24:00+05:30,24838.755479540116,24849.376327796446,24832.51503334802,24839.792860356276,3912
2024-01-04 14:25:00+05:30,24839.792860356276,24851.579838630594,24817.357189098428,24827.76568233233,1395
2024-01-04 14:26:00+05:30,24827.76568233233,24831.161676603595,24816.49735854248,24824.114856328546,2835
2024-01-04 14:27:00+05:30,24824.114856328546,24844.578323633858,24819.389380358312,24833.807615587855,2921
2024-01-04 14:28:00+05:30,24833.807615587855,24842.82316417692,24817.63498372679,24826.504864297247,1264
2024-01-04 14:29:00+05:30,24826.504864297247,24838.000553707276,24813.35907025833,24818.948364686417,1788
2024-01-04 14:30:00+05:30,24818.948364686417,24846.16793287295,24815.416045330257,24835.696982869213,2477
2024-01-04 14:31:00+05:30,24835.696982869213,24853.005164650716,24825.980874986,24845.483096515483,1455
2024-01-04 14:32:00+05:30,24845.483096515483,24866.571349066835,24841.578941732514,24857.99097804977,2855
2024-01-04 14:33:00+05:30,24857.99097804977,24862.88140899689,24846.648268823785,24858.42094701437,3716
2024-01-04 14:34:00+05:30,24858.42094701437,24866.352944740363,24854.43462374792,24861.00745670411,2339
2024-01-04 14:35:00+05:30,24861.00745670411,24870.86230821186,24855.7780032554,24867.36800143359,2030
2024-01-04 14:36:00+05:30,24867.36800143359,24878.225199741777,24857.353754534066,24872.19506104733,1184
2024-01-04 14:37:00+05:30,24872.19506104733,24882.45847314656,24861.676112952722,24872.03744346147,1714
2024-01-04 14:38:00+05:30,24872.03744346147,24877.45086821694,24855.3192677712,24861.335415261394,2601
2024-01-04 14:39:00+05:30,24861.335415261394,24872.152983143034,24848.123552877023,24856.217974987652,1089
2024-01-04 14:40:00+05:30,24856.217974987652,24860.174759937025,24833.722496145,24845.16129544132,800
2024-01-04 14:41:00+05:30,24845.16129544132,24866.160625118413,24840.252170231946,24857.69193459973,2462
2024-01-04 14:42:00+05:30,24857.69193459973,24862.0333212103,24850.401925364222,24855.084576707533,3535
2024-01-04 14:43:00+05:30,24855.084576707533,24863.45100327021,24851.101582416188,24854.149207280352,1891
2024-01-04 14:44:00+05:30,24854.149207280352,24866.623253226717,24845.26127448189,24856.759838451388,2851
2024-01-04 14:45:00+05:30,24856.759838451388,24868.096796600083,24847.85012747515,24857.31341433455,2671
2024-01-04 14:46:00+05:30,24857.31341433455,24871.389118327097,24854.086208167162,24861.767732056185,2481
2024-01-04 14:47:00+05:30,24861.767732056185,24865.1887441028,24848.201664970922,24857.39920640208,1795
2024-01-04 14:48:00+05:30,24857.39920640208,24866.25267021727,24841.251590861713,24846.13163773746,1677
2024-01-04 14:49:00+05:30,24846.13163773746,24864.861009334352,24839.018908181486,24859.918997721863,2301
2024-01-04 14:50:00+05:30,24859.918997721863,24866.980464831755,24847.225424845947,24854.842773272874,2507
2024-01-04 14:51:00+05:30,24854.842773272874,24858.255914947007,24843.73448839975,24851.567834756213,1210
2024-01-04 14:52:00+05:30,24851.567834756213,24857.989509269613,24838.311647046314,24845.83498475223,3383
2024-01-04 14:53:00+05:30,24845.83498475223,24854.418692500712,24835.99014388663,24841.98339289101,998
2024-01-04 14:54:00+05:30,24841.98339289101,24845.609251682956,24832.977985826416,24842.46618106652,3481
2024-01-04 14:55:00+05:30,24842.46618106652,24856.390366854037,24838.362612729128,24848.501228111254,3786
2024-01-04 14:56:00+05:30,24848.501228111254,24859.35301214659,24830.070612243566,24840.76677427241,3509
2024-01-04 14:57:00+05:30,24840.76677427241,24850.54837909968,24834.887485309646,24843.28136217622,3150
2024-01-04 14:58:00+05:30,24843.28136217622,24848.54775162181,24828.702234517536,24838.431534023744,3163
2024-01-04 14:59:00+05:30,24838.431534023744,24851.95427535585,24830.34783127836,24847.890014041066,2143
2024-01-04 15:00:00+05:30,24847.890014041066,24854.528456842345,24832.253003344842,24838.768517877103,2475
2024-01-04 15:01:00+05:30,24838.768517877103,24845.7491200216,24832.011462150218,24839.80369829342,1437
2024-01-04 15:02:00+05:30,24839.80369829342,24854.44826020716,24832.553197671827,24845.510364693775,2306
2024-01-04 15:03:00+05:30,24845.510364693775,24854.915971912862,24829.211176838002,24835.396551851194,2922
2024-01-04 15:04:00+05:30,24835.396551851194,24845.456269873543,24827.781804452134,24836.479074583192,2086
2024-01-04 15:05:00+05:30,24836.479074583192,24847.411841414043,24829.71413543608,24837.830401072024,2729
2024-01-04 15:06:00+05:30,24837.830401072024,24847.731013474087,24821.542609142336,24831.977737808633,2830
2024-01-04 15:07:00+05:30,24831.977737808633,24841.232528667868,24825.935777231738,24830.549689976127,2786
2024-01-04 15:08:00+05:30,24830.549689976127,24842.811292206687,24821.023633007735,24838.308775771107,3422
2024-01-04 15:09:00+05:30,24838.308775771107,24848.161806962642,24832.192996223686,24840.386003509106,3928
2024-01-04 15:10:00+05:30,24840.386003509106,24846.297881915925,24826.91789214085,24837.433361074753,3797
2024-01-04 15:11:00+05:30,24837.433361074753,24840.205674332075,24825.763630761223,24836.043374218843,1929
2024-01-04 15:12:00+05:30,24836.043374218843,24847.927525510804,24833.2924251062,24839.63446310477,2214
2024-01-04 15:13:00+05:30,24839.63446310477,24852.885838274895,24828.36158702381,24849.46704894563,3770
2024-01-04 15:14:00+05:30,24849.46704894563,24864.546598557547,24839.343605558966,24855.690342399568,3857
2024-01-04 15:15:00+05:30,24855.690342399568,24868.793527453086,24847.13364685806,24861.41777324603,2187
2024-01-04 15:16:00+05:30,24861.41777324603,24876.184334541194,24857.49876039476,24873.470952797143,3567
2024-01-04 15:17:00+05:30,24873.470952797143,24879.683693591935,24851.578763686215,24861.90341587761,3920
2024-01-04 15:18:00+05:30,24861.90341587761,24869.37026135533,24843.23744685316,24851.15217391921,3868
2024-01-04 15:19:00+05:30,24851.15217391921,24855.643959440225,24829.729970283803,24834.04791530193,3911
2024-01-04 15:20:00+05:30,24834.04791530193,24851.816567522077,24825.650232207016,24840.507276533932,2690
2024-01-04 15:21:00+05:30,24840.507276533932,24852.0154244103,24820.07781500953,24823.277219958985,2128
2024-01-04 15:22:00+05:30,24823.277219958985,24826.3162681124,24814.071150735628,24823.063106719554,2757
2024-01-04 15:23:00+05:30,24823.063106719554,24838.066062720347,24819.135052779944,24828.890450140374,2396
2024-01-04 15:24:00+05:30,24828.890450140374,24835.166847078228,24813.35623355263,24818.414007066724,1848
2024-01-04 15:25:00+05:30,24818.414007066724,24828.748353372226,24811.274617209572,24813.504157845728,3663
2024-01-04 15:26:00+05:30,24813.504157845728,24824.87378644818,24805.868718729744,24811.602330232654,945
2024-01-04 15:27:00+05:30,24811.602330232654,24824.215271562505,24803.537501180374,24817.209614611147,3656
2024-01-04 15:28:00+05:30,24817.209614611147,24825.551549393964,24797.23590303475,24805.797746489738,2509
2024-01-04 15:29:00+05:30,24805.797746489738,24813.95448959534,24799.637076113086,24808.28294763003,1105
2024-01-04 15:30:00+05:30,24808.28294763003,24822.281007619662,24803.482574290003,24813.62390984634,3724
2024-01-05 09:15:00+05:30,24805.60492153816,24807.708493651826,24804.60492153816,24806.708493651826,2370
2024-01-05 09:16:00+05:30,24806.708493651826,24810.859055232388,24804.61539772069,24807.730495743406,1213
2024-01-05 09:17:00+05:30,24807.730495743406,24829.292021147452,24805.408031242758,24820.074928136324,1933
2024-01-05 09:18:00+05:30,24820.074928136324,24836.31508455349,24810.33275823463,24826.834547203795,3074
2024-01-05 09:19:00+05:30,24826.834547203795,24844.210880222887,24819.17237065676,24839.99994834705,2083
2024-01-05 09:20:00+05:30,24839.99994834705,24849.0809005125,24831.24747022408,24843.28178719497,3424
2024-01-05 09:21:00+05:30,24843.28178719497,24854.728642144833,24839.996993711546,24846.681033697798,2354
2024-01-05 09:22:00+05:30,24846.681033697798,24865.77855020936,24834.92094361153,24857.197840041797,3665
2024-01-05 09:23:00+05:30,24857.197840041797,24870.48682518721,24850.05697159442,24862.284061430055,3946
2024-01-05 09:24:00+05:30,24862.284061430055,24874.563028644032,24854.542317557345,24865.076388855567,2494
2024-01-05 09:25:00+05:30,24865.076388855567,24875.58271218723,24852.70121606686,24861.519252312653,3293
2024-01-05 09:26:00+05:30,24861.519252312653,24868.214873648165,24842.40111419183,24850.728684887777,3763
2024-01-05 09:27:00+05:30,24850.728684887777,24864.24176375474,24840.860184307086,24862.090916364625,1383
2024-01-05 09:28:00+05:30,24862.090916364625,24872.15306369637,24855.1626784421,24859.262274140347,2019
2024-01-05 09:29:00+05:30,24859.262274140347,24862.35558810771,24851.377918620346,24853.99793196863,815
2024-01-05 09:30:00+05:30,24853.99793196863,24868.04812962041,24847.77152228608,24860.747359227982,1934
2024-01-05 09:31:00+05:30,24860.747359227982,24869.883629493754,24844.64739429799,24854.446309437546,1328
2024-01-05 09:32:00+05:30,24854.446309437546,24864.519001121094,24835.15673622245,24844.70173678823,3150
2024-01-05 09:33:00+05:30,24844.70173678823,24852.005607598327,24834.892438917264,24840.782562681223,1202
2024-01-05 09:34:00+05:30,24840.782562681223,24849.112657526122,24831.178258027354,24840.64637593445,3742
2024-01-05 09:35:00+05:30,24840.64637593445,24854.65186866219,24830.892250844823,24843.006667499176,2119
2024-01-05 09:36:00+05:30,24843.006667499176,24856.85694391725,24833.055227520836,24847.155291648174,1056
2024-01-05 09:37:00+05:30,24847.155291648174,24859.55389233282,24835.543884517057,24854.71155744539,1258
2024-01-05 09:38:00+05:30,24854.71155744539,24866.059215527355,24847.57558113318,24854.196955609248,2429
2024-01-05 09:39:00+05:30,24854.196955609248,24866.05321080874,24844.896195483943,24857.27212663153,1628
2024-01-05 09:40:00+05:30,24857.27212663153,24862.293644561938,24845.65065721723,24856.805351999883,2228
2024-01-05 09:41:00+05:30,24856.805351999883,24861.566001461943,24847.5099135392,24852.418671088453,1503
2024-01-05 09:42:00+05:30,24852.418671088453,24862.209510728953,24840.572023839282,24855.780055743955,906
2024-01-05 09:43:00+05:30,24855.780055743955,24865.87506551462,24850.400150716374,24858.779953651,1783
2024-01-05 09:44:00+05:30,24858.779953651,24883.370720077357,24850.12953774925,24872.92145393467,1153
2024-01-05 09:45:00+05:30,24872.92145393467,24884.316982836266,24869.540722517857,24877.750409363944,3250
2024-01-05 09:46:00+05:30,24877.750409363944,24886.862155085695,24869.05078796524,24872.95346598378,3425
2024-01-05 09:47:00+05:30,24872.95346598378,24883.119061989117,24870.040111965784,24877.768333841712,3051
2024-01-05 09:48:00+05:30,24877.768333841712,24884.4588678294,24867.912834482668,24876.294340446286,3829
2024-01-05 09:49:00+05:30,24876.294340446286,24893.63575986962,24874.032390777127,24888.392852872174,2848
2024-01-05 09:50:00+05:30,24888.392852872174,24894.31473570851,24869.295614344388,24876.127406998236,2624
2024-01-05 09:51:00+05:30,24876.127406998236,24885.119790537756,24862.165914696056,24871.604473498654,3018
2024-01-05 09:52:00+05:30,24871.604473498654,24875.921448520006,24862.386349718756,24867.099911501882,1569
2024-01-05 09:53:00+05:30,24867.099911501882,24875.27969580152,24863.1694814111,24868.38493460461,1090
2024-01-05 09:54:00+05:30,24868.38493460461,24877.80462693151,24856.189680738764,24867.816950523975,3935
2024-01-05 09:55:00+05:30,24867.816950523975,24869.919019834255,24852.390665991425,24856.42111580766,1887
2024-01-05 09:56:00+05:30,24856.42111580766,24862.50949038015,24835.142263100344,24842.998153248634,2154
2024-01-05 09:57:00+05:30,24842.998153248634,24854.473461596386,24836.361939785445,24844.74688844507,1186
2024-01-05 09:58:00+05:30,24844.74688844507,24864.575320417323,24833.682789692644,24856.011710044655,1226
2024-01-05 09:59:00+05:30,24856.011710044655,24877.335277138667,24847.702808184065,24867.185953381777,2450
2024-01-05 10:00:00+05:30,24867.185953381777,24871.756765221522,24857.802478048,24864.62604445779,3320
2024-01-05 10:01:00+05:30,24864.62604445779,24876.580292431834,24860.086408229665,24868.435684792665,1627
2024-01-05 10:02:00+05:30,24868.435684792665,24873.51740683417,24852.044072428296,24862.420130244387,3039
2024-01-05 10:03:00+05:30,24862.420130244387,24865.264188466772,24846.9813880357,24852.117077353418,3947
2024-01-05 10:04:00+05:30,24852.117077353418,24871.467759828258,24842.0065785692,24861.60788083959,3009
2024-01-05 10:05:00+05:30,24861.60788083959,24872.017292460543,24852.622179423473,24867.029349964996,2916
2024-01-05 10:06:00+05:30,24867.029349964996,24876.358497210287,24857.434965115757,24864.969760710697,2027
2024-01-05 10:07:00+05:30,24864.969760710697,24874.68075523835,24850.656878323913,24862.619226107166,1117
2024-01-05 10:08:00+05:30,24862.619226107166,24879.88933596941,24854.171773567392,24869.82990031454,1703
2024-01-05 10:09:00+05:30,24869.82990031454,24877.528296337805,24861.847058041705,24872.62822774833,853
2024-01-05 10:10:00+05:30,24872.62822774833,24882.645295910574,24861.498296933372,24870.562159665395,1532
2024-01-05 10:11:00+05:30,24870.562159665395,24877.517745821096,24866.889294165696,24873.07440370954,3427
2024-01-05 10:12:00+05:30,24873.07440370954,24882.07602394356,24866.682796768757,24873.429590245552,2728
2024-01-05 10:13:00+05:30,24873.429590245552,24875.515895499073,24868.83836191937,24870.840802950792,1851
2024-01-05 10:14:00+05:30,24870.840802950792,24880.69485178058,24862.60310418258,24865.965007586143,1804
2024-01-05 10:15:00+05:30,24865.965007586143,24875.87137425527,24863.61680715896,24873.241423452142,2886
2024-01-05 10:16:00+05:30,24873.241423452142,24882.424204143357,24862.445970947538,24870.18309089393,3123
2024-01-05 10:17:00+05:30,24870.18309089393,24878.508898001295,24856.639244938364,24861.89698309692,1286
2024-01-05 10:18:00+05:30,24861.89698309692,24878.3331126781,24858.16587523853,24875.706174293868,3725
2024-01-05 10:19:00+05:30,24875.706174293868,24893.20022902939,24869.710248125095,24885.37043710277,3344
2024-01-05 10:20:00+05:30,24885.37043710277,24898.746615252276,24873.869899055662,24889.683896415678,3506
2024-01-05 10:21:00+05:30,24889.683896415678,24899.75993465307,24887.082635821065,24889.64291842669,1768
2024-01-05 10:22:00+05:30,24889.64291842669,24903.350130274277,24886.5262595643,24891.536650362177,909
2024-01-05 10:23:00+05:30,24891.536650362177,24895.934386763158,24870.494129183826,24881.260931044548,1261
2024-01-05 10:24:00+05:30,24881.260931044548,24887.816783895247,24877.083617508517,24881.559159137938,2869
2024-01-05 10:25:00+05:30,24881.559159137938,24889.687629858603,24872.897482508517,24884.01973897337,2362
2024-01-05 10:26:00+05:30,24884.01973897337,24892.641553129793,24880.090242937997,24882.969347218557,965
2024-01-05 10:27:00+05:30,24882.969347218557,24890.50690435507,24880.597689551592,24886.608157065784,1701
2024-01-05 10:28:00+05:30,24886.608157065784,24894.20419492436,24873.193022920244,24881.365731408052,1750
2024-01-05 10:29:00+05:30,24881.365731408052,24887.49933967416,24871.94541572688,24883.115458845936,1949
2024-01-05 10:30:00+05:30,24883.115458845936,24887.19589460225,24867.914752884284,24871.93344393315,1754
2024-01-05 10:31:00+05:30,24871.93344393315,24881.673213583214,24865.301025836594,24872.130576178075,3490
2024-01-05 10:32:00+05:30,24872.130576178075,24879.61432548279,24864.37831372948,24867.974627726184,2577
2024-01-05 10:33:00+05:30,24867.974627726184,24877.75980992898,24848.26350373831,24858.54757631294,3899
2024-01-05 10:34:00+05:30,24858.54757631294,24867.17393725872,24852.623287147133,24855.97155673949,938
2024-01-05 10:35:00+05:30,24855.97155673949,24866.983487090045,24848.344016164967,24856.476323226325,1618
2024-01-05 10:36:00+05:30,24856.476323226325,24863.23864417867,24840.9738691397,24852.428882181128,1534
2024-01-05 10:37:00+05:30,24852.428882181128,24861.73184483137,24848.3157144294,24859.605326464316,2576
2024-01-05 10:38:00+05:30,24859.605326464316,24871.60288185263,24845.503965393887,24854.79406762242,3789
2024-01-05 10:39:00+05:30,24854.79406762242,24866.318141145097,24847.85730245437,24862.021702112892,3113
2024-01-05 10:40:00+05:30,24862.021702112892,24877.948893392982,24851.4136636889,24867.712391217632,895
2024-01-05 10:41:00+05:30,24867.712391217632,24871.705319639692,24852.929602933076,24863.57161111012,2247
2024-01-05 10:42:00+05:30,24863.57161111012,24881.54553708097,24856.578248254456,24874.439371937617,1901
2024-01-05 10:43:00+05:30,24874.439371937617,24879.326286503983,24858.00940109056,24864.713429365307,1684
2024-01-05 10:44:00+05:30,24864.713429365307,24877.511306762102,24855.022208014238,24868.941396728333,2368
2024-01-05 10:45:00+05:30,24868.941396728333,24872.51404707129,24859.80986974112,24869.720827965284,2588
2024-01-05 10:46:00+05:30,24869.720827965284,24878.356274569625,24864.42005331351,24875.635463981245,1147
2024-01-05 10:47:00+05:30,24875.635463981245,24882.251452573106,24852.941653481084,24864.3825544976,3839
2024-01-05 10:48:00+05:30,24864.3825544976,24874.87243337664,24848.849167835804,24855.88543111106,1733
2024-01-05 10:49:00+05:30,24855.88543111106,24862.545576647095,24845.556137598975,24850.022543862317,3833
2024-01-05 10:50:00+05:30,24850.022543862317,24853.584003772303,24844.067790608944,24850.40424052901,2798
2024-01-05 10:51:00+05:30,24850.40424052901,24863.17758585268,24844.391593503726,24851.24781835598,1115
2024-01-05 10:52:00+05:30,24851.24781835598,24854.64752464662,24844.253226783003,24851.590263383827,1857
2024-01-05 10:53:00+05:30,24851.590263383827,24856.692443516335,24844.423862588264,24849.874131824316,1917
2024-01-05 10:54:00+05:30,24849.874131824316,24857.531885964025,24838.278760382833,24844.86323387511,2585
2024-01-05 10:55:00+05:30,24844.86323387511,24849.557460271168,24823.231624190605,24834.966090982925,2934
2024-01-05 10:56:00+05:30,24834.966090982925,24843.95839429113,24820.046920740253,24831.975890079135,3821
2024-01-05 10:57:00+05:30,24831.975890079135,24842.214639362177,24827.414337332328,24836.02203883133,3131
2024-01-05 10:58:00+05:30,24836.02203883133,24853.589387259348,24830.934234538083,24843.64225579118,1108
2024-01-05 10:59:00+05:30,24843.64225579118,24846.467096075627,24834.286311727345,24840.06545030915,1962
2024-01-05 11:00:00+05:30,24840.06545030915,24858.31023087798,24835.75376999623,24848.085941633464,2947
2024-01-05 11:01:00+05:30,24848.085941633464,24859.113800700547,24834.046953354307,24838.267024993544,1017
2024-01-05 11:02:00+05:30,24838.267024993544,24848.642663569935,24831.4147469068,24844.102438289392,879
2024-01-05 11:03:00+05:30,24844.102438289392,24848.478004745688,24830.07069283852,24836.238517915885,2337
2024-01-05 11:04:00+05:30,24836.238517915885,24848.972600841364,24833.461988496238,24838.151078501218,2046
2024-01-05 11:05:00+05:30,24838.151078501218,24844.288209324848,24824.03450791306,24831.242627248903,1970
2024-01-05 11:06:00+05:30,24831.242627248903,24837.22048017301,24817.491643710335,24824.22899209799,3097
2024-01-05 11:07:00+05:30,24824.22899209799,24832.073582493358,24808.81423984869,24820.333081126395,3640
2024-01-05 11:08:00+05:30,24820.333081126395,24838.36451525517,24809.81462712096,24830.875229742283,3860
2024-01-05 11:09:00+05:30,24830.875229742283,24841.003387841156,24817.670776175815,24826.091090562528,2774
2024-01-05 11:10:00+05:30,24826.091090562528,24839.46130626321,24818.854871445626,24830.7637995378,2281
2024-01-05 11:11:00+05:30,24830.7637995378,24841.066172358485,24827.635655711234,24832.009665628804,2131
2024-01-05 11:12:00+05:30,24832.009665628804,24840.63897397065,24823.565807459094,24834.334707883423,2813
2024-01-05 11:13:00+05:30,24834.334707883423,24843.874673030143,24823.004015106195,24836.737473437355,1010
2024-01-05 11:14:00+05:30,24836.737473437355,24852.009340291977,24825.07699395826,24841.45962201405,2360
2024-01-05 11:15:00+05:30,24841.45962201405,24852.125116569852,24821.457785017636,24832.750352074636,3746
2024-01-05 11:16:00+05:30,24832.750352074636,24841.296024806066,24823.367762950907,24833.180961011472,1179
2024-01-05 11:17:00+05:30,24833.180961011472,24843.762509203814,24827.736464647413,24835.851736521116,837
2024-01-05 11:18:00+05:30,24835.851736521116,24840.883377352297,24827.870774471692,24831.684459782726,1088
2024-01-05 11:19:00+05:30,24831.684459782726,24841.21498971484,24827.459208621087,24834.41177128898,1443
2024-01-05 11:20:00+05:30,24834.41177128898,24838.37406674009,24821.094399894344,24827.037529274377,2578
2024-01-05 11:21:00+05:30,24827.037529274377,24839.32940937184,24823.875595754707,24832.471917948882,3004
2024-01-05 11:22:00+05:30,24832.471917948882,24835.07166470855,24822.384119320133,24827.43887640762,3598
2024-01-05 11:23:00+05:30,24827.43887640762,24832.01608622061,24813.778752942424,24825.501838651213,3222
2024-01-05 11:24:00+05:30,24825.501838651213,24836.276548834874,24816.039913684188,24831.42343763013,1620
2024-01-05 11:25:00+05:30,24831.42343763013,24846.198659314545,24822.389626575183,24839.46177296705,1562
2024-01-05 11:26:00+05:30,24839.46177296705,24848.28314005797,24831.832772182017,24835.413680446873,3191
2024-01-05 11:27:00+05:30,24835.413680446873,24838.39159015802,24823.782867619535,24830.849596967924,1646
2024-01-05 11:28:00+05:30,24830.849596967924,24846.622429589857,24823.93501172395,24838.215510210157,2809
2024-01-05 11:29:00+05:30,24838.215510210157,24847.967814269505,24805.94448827484,24817.201717328415,2431
2024-01-05 11:30:00+05:30,24817.201717328415,24830.790120335034,24808.50201158315,24827.132102177606,1877
2024-01-05 11:31:00+05:30,24827.132102177606,24840.112116769007,24822.115198132335,24836.72240992816,3434
2024-01-05 11:32:00+05:30,24836.72240992816,24839.73608032667,24824.42482857327,24829.01692056573,2902
2024-01-05 11:33:00+05:30,24829.01692056573,24846.18677040139,24825.94622208714,24837.862876275387,1183
2024-01-05 11:34:00+05:30,24837.862876275387,24846.595634187674,24830.874476596266,24840.631337548744,1004
2024-01-05 11:35:00+05:30,24840.631337548744,24846.48472371376,24832.355769815018,24844.100012959363,3613
2024-01-05 11:36:00+05:30,24844.100012959363,24847.264308854792,24821.225089813248,24827.215667087577,1615
2024-01-05 11:37:00+05:30,24827.215667087577,24832.850296599026,24812.328762546258,24823.715489906288,1635
2024-01-05 11:38:00+05:30,24823.715489906288,24826.23624619209,24812.880882643098,24822.403197217453,2020
2024-01-05 11:39:00+05:30,24822.403197217453,24832.33264599568,24812.000590112926,24819.49759373648,2220
2024-01-05 11:40:00+05:30,24819.49759373648,24823.433735424136,24810.790805173117,24816.75034799472,2854
2024-01-05 11:41:00+05:30,24816.75034799472,24826.85402416849,24806.179262064663,24814.7480584804,3173
2024-01-05 11:42:00+05:30,24814.7480584804,24817.101490041492,24784.904481998183,24793.816289033097,915
2024-01-05 11:43:00+05:30,24793.816289033097,24799.196134344285,24783.085319868867,24792.440816814556,2066
2024-01-05 11:44:00+05:30,24792.440816814556,24803.737452620277,24782.30367348012,24787.443241515186,935
2024-01-05 11:45:00+05:30,24787.443241515186,24790.960564250192,24780.850518114356,24786.88105401112,3954
2024-01-05 11:46:00+05:30,24786.88105401112,24789.24657574132,24778.967102550938,24783.321031108786,3766
2024-01-05 11:47:00+05:30,24783.321031108786,24793.75397371211,24779.942523082005,24783.37702424417,3533
2024-01-05 11:48:00+05:30,24783.37702424417,24795.50114639667,24778.285125527316,24785.532904232743,2494
2024-01-05 11:49:00+05:30,24785.532904232743,24805.599498336203,24780.933717356627,24798.63555439327,1917
2024-01-05 11:50:00+05:30,24798.63555439327,24801.897119644258,24787.82932290494,24792.66612334111,3669
2024-01-05 11:51:00+05:30,24792.66612334111,24810.0631709754,24785.873402971945,24805.13106359283,2367
2024-01-05 11:52:00+05:30,24805.13106359283,24811.57510897664,24797.585983169396,24803.423458123478,3989
2024-01-05 11:53:00+05:30,24803.423458123478,24815.0535048066,24787.605356690194,24796.929880748597,2002
2024-01-05 11:54:00+05:30,24796.929880748597,24801.06687018092,24781.787975614032,24786.364248364607,1333
2024-01-05 11:55:00+05:30,24786.364248364607,24801.374355199252,24777.21233869267,24792.76689724757,1947
2024-01-05 11:56:00+05:30,24792.76689724757,24801.83707923671,24770.7993949529,24781.698279177144,2008
2024-01-05 11:57:00+05:30,24781.698279177144,24799.152283603344,24774.70036749409,24788.44714079517,1118
2024-01-05 11:58:00+05:30,24788.44714079517,24799.785035925477,24778.3838928057,24791.044237704096,3957
2024-01-05 11:59:00+05:30,24791.044237704096,24796.790973913834,24784.14978293031,24786.92519591957,3126
2024-01-05 12:00:00+05:30,24786.92519591957,24793.347430011396,24777.466527646688,24782.08312923114,824
2024-01-05 12:01:00+05:30,24782.08312923114,24792.447557189902,24779.215509658025,24785.694940272428,3175
2024-01-05 12:02:00+05:30,24785.694940272428,24794.760725253425,24778.76107306609,24786.87476747447,3943
2024-01-05 12:03:00+05:30,24786.87476747447,24799.689674917314,24781.083167410285,24792.36899609722,2146
2024-01-05 12:04:00+05:30,24792.36899609722,24795.428738101637,24785.541966563374,24792.402843239634,3999
2024-01-05 12:05:00+05:30,24792.402843239634,24802.133955171743,24784.371861612828,24788.679837928805,2019
2024-01-05 12:06:00+05:30,24788.679837928805,24798.310637772927,24786.331957017548,24792.66634598682,3215
2024-01-05 12:07:00+05:30,24792.66634598682,24800.914396311742,24774.31685972235,24783.91208980388,1339
2024-01-05 12:08:00+05:30,24783.91208980388,24795.273449766562,24772.532641100745,24790.163187945484,2046
2024-01-05 12:09:00+05:30,24790.163187945484,24797.070519261088,24786.252507114987,24790.5965521122,3297
2024-01-05 12:10:00+05:30,24790.5965521122,24802.554822509483,24773.03838336172,24782.422942801182,2966
2024-01-05 12:11:00+05:30,24782.422942801182,24784.56343169952,24769.472425987024,24774.98478756157,3977
2024-01-05 12:12:00+05:30,24774.98478756157,24783.379763082423,24763.214108428892,24772.629373095042,866
2024-01-05 12:13:00+05:30,24772.629373095042,24776.515139903953,24751.278710569048,24759.29426040591,2039
2024-01-05 12:14:00+05:30,24759.29426040591,24781.10591508496,24749.73815879006,24769.558346654198,1926
2024-01-05 12:15:00+05:30,24769.558346654198,24786.90441394204,24757.656324646763,24776.698234342064,891
2024-01-05 12:16:00+05:30,24776.698234342064,24787.01895536122,24763.858757163573,24768.6792024139,915
2024-01-05 12:17:00+05:30,24768.6792024139,24779.05511357699,24757.076676511122,24767.87155261595,1827
2024-01-05 12:18:00+05:30,24767.87155261595,24785.811628551117,24763.816411830187,24780.37318148241,2168
2024-01-05 12:19:00+05:30,24780.37318148241,24790.427134203408,24770.422498335607,24783.36475161125,2254
2024-01-05 12:20:00+05:30,24783.36475161125,24794.587221261165,24772.338814362403,24775.91737400669,2987
2024-01-05 12:21:00+05:30,24775.91737400669,24782.628955509437,24756.055334830246,24760.061114989312,1910
2024-01-05 12:22:00+05:30,24760.061114989312,24771.459097145405,24741.706066519822,24748.006274514544,863
2024-01-05 12:23:00+05:30,24748.006274514544,24766.949749051073,24743.933489626514,24756.811562945222,3035
2024-01-05 12:24:00+05:30,24756.811562945222,24766.050357790886,24746.73912080007,24759.167996380987,3665
2024-01-05 12:25:00+05:30,24759.167996380987,24766.438280741913,24747.159398379932,24749.534455634493,834
2024-01-05 12:26:00+05:30,24749.534455634493,24761.977663445028,24744.074647526213,24754.778310416357,1084
2024-01-05 12:27:00+05:30,24754.778310416357,24759.466080225688,24744.406366639098,24752.120340312526,1560
2024-01-05 12:28:00+05:30,24752.120340312526,24757.61941422653,24737.205093103727,24747.211874733344,1557
2024-01-05 12:29:00+05:30,24747.211874733344,24753.487584878305,24731.62382086721,24743.37939303879,1693
2024-01-05 12:30:00+05:30,24743.37939303879,24750.710654581468,24732.605243201375,24739.96820904288,2045
2024-01-05 12:31:00+05:30,24739.96820904288,24763.10010016259,24736.042707087134,24752.341498861544,1929
2024-01-05 12:32:00+05:30,24752.341498861544,24759.187465938277,24741.081036569612,24745.370568811664,1158
2024-01-05 12:33:00+05:30,24745.370568811664,24752.956240109263,24734.306236371045,24742.414846706557,1464
2024-01-05 12:34:00+05:30,24742.414846706557,24761.372136102433,24738.941981936983,24752.302181152514,3194
2024-01-05 12:35:00+05:30,24752.302181152514,24773.455006261865,24741.835221034387,24763.46103522438,3630
2024-01-05 12:36:00+05:30,24763.46103522438,24775.18819297037,24745.79909237685,24756.221800682055,2974
2024-01-05 12:37:00+05:30,24756.221800682055,24780.93288176717,24746.97768654613,24771.54491119537,3919
2024-01-05 12:38:00+05:30,24771.54491119537,24787.722396999998,24759.832981237265,24779.734855356925,2686
2024-01-05 12:39:00+05:30,24779.734855356925,24788.90544229389,24762.256613794063,24768.75838215715,2160
2024-01-05 12:40:00+05:30,24768.75838215715,24785.39525884378,24757.16103995424,24782.17292981785,2174
2024-01-05 12:41:00+05:30,24782.17292981785,24791.564818055664,24767.24200503564,24771.239693019103,3153
2024-01-05 12:42:00+05:30,24771.239693019103,24780.507040978708,24766.673218202515,24776.315546541493,2705
2024-01-05 12:43:00+05:30,24776.315546541493,24787.119678228377,24760.48831455461,24767.802611004252,2802
2024-01-05 12:44:00+05:30,24767.802611004252,24778.52466131557,24743.74215841884,24754.62177137684,2003
2024-01-05 12:45:00+05:30,24754.62177137684,24769.249633888852,24752.527463682873,24760.966986203424,3137
2024-01-05 12:46:00+05:30,24760.966986203424,24775.510364719034,24750.406253820605,24764.129424421328,2930
2024-01-05 12:47:00+05:30,24764.129424421328,24766.640737370097,24757.81548846156,24763.545569715792,2697
2024-01-05 12:48:00+05:30,24763.545569715792,24767.756727590106,24752.914124408067,24764.99753171031,3663
2024-01-05 12:49:00+05:30,24764.99753171031,24771.956052031786,24753.69358023304,24764.2665938797,2293
2024-01-05 12:50:00+05:30,24764.2665938797,24768.249734054527,24751.5035224333,24762.374184791344,3274
2024-01-05 12:51:00+05:30,24762.374184791344,24764.59829360868,24746.825017877698,24754.463028755275,1910
2024-01-05 12:52:00+05:30,24754.463028755275,24770.424607098623,24751.259673697637,24758.82853796814,1973
2024-01-05 12:53:00+05:30,24758.82853796814,24765.211852394994,24753.813641161287,24759.02272991679,2323
2024-01-05 12:54:00+05:30,24759.02272991679,24769.422937221174,24751.696626210713,24757.23949255537,3634
2024-01-05 12:55:00+05:30,24757.23949255537,24762.094391988245,24744.54619734844,24753.046190737987,876
2024-01-05 12:56:00+05:30,24753.046190737987,24761.366121477608,24745.594930806797,24750.9888276819,1799
2024-01-05 12:57:00+05:30,24750.9888276819,24753.680127510404,24732.832463379647,24739.738929263633,3208
2024-01-05 12:58:00+05:30,24739.738929263633,24747.930732634766,24731.857179255807,24737.469259897396,2974
2024-01-05 12:59:00+05:30,24737.469259897396,24746.53100981728,24721.96739142437,24730.177420378546,1376
2024-01-05 13:00:00+05:30,24730.177420378546,24747.928916200206,24726.649140893984,24739.756943908284,3166
2024-01-05 13:01:00+05:30,24739.756943908284,24746.566742035375,24726.816418537255,24732.705790976932,834
2024-01-05 13:02:00+05:30,24732.705790976932,24742.090314905217,24718.59771989366,24729.385458715864,2116
2024-01-05 13:03:00+05:30,24729.385458715864,24733.785275984923,24724.527510279713,24729.532378023494,2762
2024-01-05 13:04:00+05:30,24729.532378023494,24744.223271662348,24722.662538314053,24735.47558034839,3554
2024-01-05 13:05:00+05:30,24735.47558034839,24743.8023419456,24725.69822072307,24738.93307051479,3559
2024-01-05 13:06:00+05:30,24738.93307051479,24741.730867615548,24729.99462913462,24739.078785696045,3915
2024-01-05 13:07:00+05:30,24739.078785696045,24760.918647941766,24732.414642564137,24755.174240805532,1242
2024-01-05 13:08:00+05:30,24755.174240805532,24764.699267718723,24752.342559543235,24755.081016323868,1184
2024-01-05 13:09:00+05:30,24755.081016323868,24761.169123261338,24744.408438776434,24757.513023705505,896
2024-01-05 13:10:00+05:30,24757.513023705505,24787.61916341764,24746.313308471592,24777.86908129836,945
2024-01-05 13:11:00+05:30,24777.86908129836,24783.443997889943,24761.370236156952,24771.279141375955,1857
2024-01-05 13:12:00+05:30,24771.279141375955,24785.394817604058,24761.623555373695,24778.47518134198,1740
2024-01-05 13:13:00+05:30,24778.47518134198,24784.50205788584,24767.62866635737,24781.8070441395,2696
2024-01-05 13:14:00+05:30,24781.8070441395,24785.480178579524,24761.30499097848,24772.04210907711,884
2024-01-05 13:15:00+05:30,24772.04210907711,24780.703377820184,24760.690354714403,24767.437384803092,2542
2024-01-05 13:16:00+05:30,24767.437384803092,24784.809130508653,24761.51722226746,24773.668841441515,3958
2024-01-05 13:17:00+05:30,24773.668841441515,24778.338373914048,24756.350793885063,24762.906029053815,3473
2024-01-05 13:18:00+05:30,24762.906029053815,24771.78930125548,24758.219735332797,24761.555776509762,1661
2024-01-05 13:19:00+05:30,24761.555776509762,24779.324538141296,24757.63566433319,24768.526458890727,2979
2024-01-05 13:20:00+05:30,24768.526458890727,24778.98785474919,24757.904619784975,24766.787596530055,1300
2024-01-05 13:21:00+05:30,24766.787596530055,24780.319396440747,24757.41090736229,24768.803842211863,3270
2024-01-05 13:22:00+05:30,24768.803842211863,24771.884399113995,24754.931166038685,24763.857905464283,2674
2024-01-05 13:23:00+05:30,24763.857905464283,24772.542493902092,24751.450123083374,24759.23905233014,1844
2024-01-05 13:24:00+05:30,24759.23905233014,24764.15450933788,24751.14125992723,24754.689307286793,3857
2024-01-05 13:25:00+05:30,24754.689307286793,24757.115980142506,24746.32301667881,24752.1001170646,1935
2024-01-05 13:26:00+05:30,24752.1001170646,24763.818442624386,24740.590725697966,24756.827032562625,3592
2024-01-05 13:27:00+05:30,24756.827032562625,24768.994414993744,24745.30070064778,24757.419862043764,3199
2024-01-05 13:28:00+05:30,24757.419862043764,24777.565072453443,24752.470349439955,24772.113972853058,3601
2024-01-05 13:29:00+05:30,24772.113972853058,24780.856099927707,24766.369446421446,24776.23865475197,1063
2024-01-05 13:30:00+05:30,24776.23865475197,24790.238088431837,24772.39227017107,24778.328992819777,1432
2024-01-05 13:31:00+05:30,24778.328992819777,24803.793467020856,24772.73782040606,24795.077681208233,3382
2024-01-05 13:32:00+05:30,24795.077681208233,24798.649220687657,24787.807796690333,24794.284722205484,1658
2024-01-05 13:33:00+05:30,24794.284722205484,24796.49158813621,24783.47809996253,24788.300906983848,3135
2024-01-05 13:34:00+05:30,24788.300906983848,24792.28559697494,24777.231228460696,24789.46284565781,1082
2024-01-05 13:35:00+05:30,24789.46284565781,24792.28703645177,24778.603440039922,24781.37316646292,2726
2024-01-05 13:36:00+05:30,24781.37316646292,24796.104273692734,24774.98697656026,24785.238073523855,3035
2024-01-05 13:37:00+05:30,24785.238073523855,24804.445358107154,24782.53769891614,24795.41748924704,1585
2024-01-05 13:38:00+05:30,24795.41748924704,24804.003855302464,24789.825397751472,24800.186939209732,1938
2024-01-05 13:39:00+05:30,24800.186939209732,24806.52161268196,24787.530646434254,24797.164819066635,2802
2024-01-05 13:40:00+05:30,24797.164819066635,24803.65683898085,24793.10268606748,24796.110485522877,2921
2024-01-05 13:41:00+05:30,24796.110485522877,24810.366671984855,24788.3155075793,24799.72971806206,2467
2024-01-05 13:42:00+05:30,24799.72971806206,24820.269415174025,24792.005698563145,24808.534802213217,906
2024-01-05 13:43:00+05:30,24808.534802213217,24810.62082662572,24797.895094994365,24805.581292515224,2057
2024-01-05 13:44:00+05:30,24805.581292515224,24807.85075809288,24795.489088477625,24802.51276812773,3174
2024-01-05 13:45:00+05:30,24802.51276812773,24818.759445630225,24794.327054973648,24810.628348076953,1683
2024-01-05 13:46:00+05:30,24810.628348076953,24814.831590475213,24805.986835323314,24812.28486659415,1211
2024-01-05 13:47:00+05:30,24812.28486659415,24821.023163150538,24807.641958755587,24814.878750084652,2559
2024-01-05 13:48:00+05:30,24814.878750084652,24826.88319138647,24805.11912207513,24818.506953888733,3960
2024-01-05 13:49:00+05:30,24818.506953888733,24825.668776698636,24809.03822602142,24812.78154512283,3640
2024-01-05 13:50:00+05:30,24812.78154512283,24816.63890260241,24801.47585985178,24811.71374676701,1659
2024-01-05 13:51:00+05:30,24811.71374676701,24824.52611102946,24800.73737824536,24819.656271646985,1555
2024-01-05 13:52:00+05:30,24819.656271646985,24827.05363121537,24810.83162110299,24818.524768981886,2363
2024-01-05 13:53:00+05:30,24818.524768981886,24822.050135007594,24812.288368462865,24817.090020954416,2606
2024-01-05 13:54:00+05:30,24817.090020954416,24830.65619952375,24810.722523195403,24819.359481929805,3428
2024-01-05 13:55:00+05:30,24819.359481929805,24826.838188938615,24812.24215435921,24822.30238519048,1274
2024-01-05 13:56:00+05:30,24822.30238519048,24851.717917741877,24813.33367264808,24841.27096373926,2820
2024-01-05 13:57:00+05:30,24841.27096373926,24845.230929213612,24823.8999880725,24835.295554683238,947
2024-01-05 13:58:00+05:30,24835.295554683238,24843.387697192353,24829.02752297005,24836.393519396035,1058
2024-01-05 13:59:00+05:30,24836.393519396035,24861.657640350284,24832.340126289928,24851.461160728188,1008
2024-01-05 14:00:00+05:30,24851.461160728188,24860.415927384674,24846.370813648555,24851.772839510955,3762
2024-01-05 14:01:00+05:30,24851.772839510955,24858.007353827517,24840.282688638174,24854.657073866085,3882
2024-01-05 14:02:00+05:30,24854.657073866085,24859.241536955367,24839.76707796713,24843.890013184435,3152
2024-01-05 14:03:00+05:30,24843.890013184435,24857.03061092879,24839.362938616643,24851.200353003383,2201
2024-01-05 14:04:00+05:30,24851.200353003383,24864.807929335384,24848.88025812291,24857.752612805612,3211
2024-01-05 14:05:00+05:30,24857.752612805612,24875.585244250113,24849.62887885587,24863.927056352273,2704
2024-01-05 14:06:00+05:30,24863.927056352273,24869.417853986746,24855.929718104333,24862.645919258543,2436
2024-01-05 14:07:00+05:30,24862.645919258543,24871.07916802176,24852.39970972551,24865.46939599885,1779
2024-01-05 14:08:00+05:30,24865.46939599885,24872.843147618605,24856.62179740208,24865.03801160937,1326
2024-01-05 14:09:00+05:30,24865.03801160937,24875.722146674056,24856.50762708123,24871.440802645655,907
2024-01-05 14:10:00+05:30,24871.440802645655,24881.746426886584,24862.567874327586,24871.41364267346,2896
2024-01-05 14:11:00+05:30,24871.41364267346,24879.343682642528,24864.834590375765,24877.34177860046,3719
2024-01-05 14:12:00+05:30,24877.34177860046,24886.85271044198,24862.498619024995,24867.465043572563,1794
2024-01-05 14:13:00+05:30,24867.465043572563,24878.601560409268,24862.906070418827,24865.092501387364,988
2024-01-05 14:14:00+05:30,24865.092501387364,24870.403689993593,24837.985365248074,24843.952861441056,3466
2024-01-05 14:15:00+05:30,24843.952861441056,24853.597719062152,24840.79870819661,24842.925523003523,1460
2024-01-05 14:16:00+05:30,24842.925523003523,24858.007493741243,24838.790858648845,24848.743297655874,1850
2024-01-05 14:17:00+05:30,24848.743297655874,24858.528632572696,24841.128944554577,24846.896336743088,2373
2024-01-05 14:18:00+05:30,24846.896336743088,24873.130671879317,24839.67507739233,24864.475072518115,2945
2024-01-05 14:19:00+05:30,24864.475072518115,24871.94233195063,24851.35268737072,24857.156868963237,2817
2024-01-05 14:20:00+05:30,24857.156868963237,24861.994923140694,24850.556742079556,24854.711794210667,2532
2024-01-05 14:21:00+05:30,24854.711794210667,24860.96106050036,24838.36738371111,24847.899169335797,2138
2024-01-05 14:22:00+05:30,24847.899169335797,24851.054494688808,24839.055662385825,24844.228603924566,1292
2024-01-05 14:23:00+05:30,24844.228603924566,24852.58474673458,24835.26533386894,24840.803230699184,3937
2024-01-05 14:24:00+05:30,24840.803230699184,24847.94952867078,24825.66248473832,24829.895115017112,2984
2024-01-05 14:25:00+05:30,24829.895115017112,24832.55692851616,24819.967577329764,24822.67442655483,1184
2024-01-05 14:26:00+05:30,24822.67442655483,24840.972642352728,24813.120906307206,24837.862625329002,3902
2024-01-05 14:27:00+05:30,24837.862625329002,24843.142268939617,24829.43093642499,24835.979698269417,3713
2024-01-05 14:28:00+05:30,24835.979698269417,24846.803464750235,24828.450002027676,24842.83952468651,991
2024-01-05 14:29:00+05:30,24842.83952468651,24846.805537647484,24822.722164953837,24833.442065895317,2407
2024-01-05 14:30:00+05:30,24833.442065895317,24843.18219505266,24821.817163336378,24832.641913929772,2680
2024-01-05 14:31:00+05:30,24832.641913929772,24841.984705613628,24824.852535593272,24836.703765829414,2083
2024-01-05 14:32:00+05:30,24836.703765829414,24839.351547102,24824.02050960171,24835.48320564793,2872
2024-01-05 14:33:00+05:30,24835.48320564793,24846.68282909066,24824.299025365683,24831.72495981707,1844
2024-01-05 14:34:00+05:30,24831.72495981707,24843.26094654933,24819.573110358182,24830.384111479925,3483
2024-01-05 14:35:00+05:30,24830.384111479925,24840.92077357947,24823.680437116753,24830.655233680343,1412
2024-01-05 14:36:00+05:30,24830.655233680343,24843.438571733754,24825.996525404287,24836.91633615332,1818
2024-01-05 14:37:00+05:30,24836.91633615332,24857.599397986323,24829.929631655992,24845.956036321077,2625
2024-01-05 14:38:00+05:30,24845.956036321077,24857.03549230034,24832.57255141681,24836.182247885383,3455
2024-01-05 14:39:00+05:30,24836.182247885383,24844.657881809802,24815.10004925084,24820.907427634804,1653
2024-01-05 14:40:00+05:30,24820.907427634804,24829.877807501136,24815.227671317385,24819.522131220176,3170
2024-01-05 14:41:00+05:30,24819.522131220176,24828.815346291176,24812.994418417842,24819.59869419694,956
2024-01-05 14:42:00+05:30,24819.59869419694,24832.456993299387,24816.674925851014,24824.983519884878,1410
2024-01-05 14:43:00+05:30,24824.983519884878,24843.787844027607,24818.637177554552,24832.981452632288,3673
2024-01-05 14:44:00+05:30,24832.981452632288,24843.62047094632,24820.368719605354,24828.071137603623,3188
2024-01-05 14:45:00+05:30,24828.071137603623,24852.99739510882,24816.17527973931,24843.47708543288,1077
2024-01-05 14:46:00+05:30,24843.47708543288,24854.51253906787,24831.507339495533,24845.437824293535,2234
2024-01-05 14:47:00+05:30,24845.437824293535,24852.092132282505,24823.717867390293,24832.30710705934,908
2024-01-05 14:48:00+05:30,24832.30710705934,24844.878536374144,24825.760099699874,24839.505577426604,1453
2024-01-05 14:49:00+05:30,24839.505577426604,24853.28162649658,24830.011603330688,24841.618011902963,805
2024-01-05 14:50:00+05:30,24841.618011902963,24851.591487209134,24830.395602035802,24843.80010905381,1577
2024-01-05 14:51:00+05:30,24843.80010905381,24855.19752542571,24823.067519282456,24831.977748327186,1076
2024-01-05 14:52:00+05:30,24831.977748327186,24836.20027857099,24825.842848044365,24829.756766922266,1870
2024-01-05 14:53:00+05:30,24829.756766922266,24834.64191122606,24821.665979680944,24830.985654904653,3840
2024-01-05 14:54:00+05:30,24830.985654904653,24840.358844300597,24822.898097649617,24829.87938695467,3164
2024-01-05 14:55:00+05:30,24829.87938695467,24843.715473956498,24818.72369817249,24835.043465183186,2990
2024-01-05 14:56:00+05:30,24835.043465183186,24850.61011639121,24826.38244291857,24844.45352903917,1289
2024-01-05 14:57:00+05:30,24844.45352903917,24863.038365725457,24832.753304742473,24855.86070978407,2740
2024-01-05 14:58:00+05:30,24855.86070978407,24876.52581908653,24853.39725085607,24865.233316595408,2857
2024-01-05 14:59:00+05:30,24865.233316595408,24874.039447427847,24855.193686142266,24864.176112321366,1665
2024-01-05 15:00:00+05:30,24864.176112321366,24884.53745887936,24860.00154898114,24877.035645053384,3412
2024-01-05 15:01:00+05:30,24877.035645053384,24883.8339458096,24870.35755818785,24879.028956070004,3056
2024-01-05 15:02:00+05:30,24879.028956070004,24889.14132193672,24868.589207684472,24885.447223672156,2457
2024-01-05 15:03:00+05:30,24885.447223672156,24891.24205213104,24871.72931448871,24883.680906736987,3651
2024-01-05 15:04:00+05:30,24883.680906736987,24888.728282890537,24869.109277303993,24873.330459794674,3705
2024-01-05 15:05:00+05:30,24873.330459794674,24882.397347470436,24845.86032826201,24856.468254921972,1080
2024-01-05 15:06:00+05:30,24856.468254921972,24869.826669721628,24853.153606623844,24857.90144281338,3101
2024-01-05 15:07:00+05:30,24857.90144281338,24868.50779865429,24847.845683773274,24852.899093577646,3513
2024-01-05 15:08:00+05:30,24852.899093577646,24857.719018358315,24848.71928245151,24852.89574794498,2449
2024-01-05 15:09:00+05:30,24852.89574794498,24864.614250229493,24841.11229449233,24859.60593793683,2053
2024-01-05 15:10:00+05:30,24859.60593793683,24867.5880721689,24845.18908388934,24848.254191264958,3893
2024-01-05 15:11:00+05:30,24848.254191264958,24858.745438562837,24825.14442499156,24835.161330823998,903
2024-01-05 15:12:00+05:30,24835.161330823998,24842.195154549605,24827.92582919161,24837.14572159837,2562
2024-01-05 15:13:00+05:30,24837.14572159837,24844.722708200483,24827.93445757154,24839.91503130983,1844
2024-01-05 15:14:00+05:30,24839.91503130983,24846.701111942493,24835.059855453084,24837.92808819581,1275
2024-01-05 15:15:00+05:30,24837.92808819581,24847.64154381321,24827.446866997565,24834.06109571218,3074
2024-01-05 15:16:00+05:30,24834.06109571218,24840.61163262681,24814.69342619512,24822.23596123198,1486
2024-01-05 15:17:00+05:30,24822.23596123198,24824.3661542032,24816.72831899042,24821.640003365228,2702
2024-01-05 15:18:00+05:30,24821.640003365228,24830.506763546535,24807.644011561748,24816.147310745444,3435
2024-01-05 15:19:00+05:30,24816.147310745444,24830.2917208955,24813.315063597925,24819.410920015456,2605
2024-01-05 15:20:00+05:30,24819.410920015456,24835.43772928234,24816.606162934335,24826.51812929278,3536
2024-01-05 15:21:00+05:30,24826.51812929278,24828.85264196025,24813.89330336045,24822.41402496595,895
2024-01-05 15:22:00+05:30,24822.41402496595,24830.271424191455,24817.773937486952,24825.558757700343,2060
2024-01-05 15:23:00+05:30,24825.558757700343,24834.2195815513,24814.974437909306,24826.982957572345,2967
2024-01-05 15:24:00+05:30,24826.982957572345,24839.207663134133,24819.327522026295,24832.245138876,1952
2024-01-05 15:25:00+05:30,24832.245138876,24846.512717825022,24821.432410937072,24843.720192632703,3023
2024-01-05 15:26:00+05:30,24843.720192632703,24853.534051685343,24833.220191772863,24848.687269198403,1459
2024-01-05 15:27:00+05:30,24848.687269198403,24860.077409457277,24839.627185326637,24854.02670254403,2590
2024-01-05 15:28:00+05:30,24854.02670254403,24867.03023313448,24842.2155788471,24859.994179720565,3509
2024-01-05 15:29:00+05:30,24859.994179720565,24871.829000246482,24852.39568082502,24856.86124538035,1577
2024-01-05 15:30:00+05:30,24856.86124538035,24866.03379846198,24849.23274549016,24856.854936439973,3957
2024-01-08 09:15:00+05:30,24851.25607106151,24856.119983237237,24850.25607106151,24855.119983237237,2217
2024-01-08 09:16:00+05:30,24855.119983237237,24865.888053580144,24839.173901664406,24851.14159674649,2442
2024-01-08 09:17:00+05:30,24851.14159674649,24864.80967291431,24843.060482196655,24857.639180779493,3457
2024-01-08 09:18:00+05:30,24857.639180779493,24880.85747333394,24848.741710098013,24870.213099589557,2773
2024-01-08 09:19:00+05:30,24870.213099589557,24881.542717477132,24867.323005059676,24873.617409618768,1337
2024-01-08 09:20:00+05:30,24873.617409618768,24876.35588611571,24859.00940229696,24863.98618899487,3965
2024-01-08 09:21:00+05:30,24863.98618899487,24866.344929842115,24848.987716766813,24852.207772463287,1401
2024-01-08 09:22:00+05:30,24852.207772463287,24855.963955532086,24846.218863705493,24850.701887403055,1210
2024-01-08 09:23:00+05:30,24850.701887403055,24856.396983885366,24834.10947424595,24837.44940325639,1795
2024-01-08 09:24:00+05:30,24837.44940325639,24841.16396426465,24834.067331889095,24837.196646589957,3660
2024-01-08 09:25:00+05:30,24837.196646589957,24849.95323002689,24827.516978022075,24844.45316998627,3590
2024-01-08 09:26:00+05:30,24844.45316998627,24855.61938444883,24819.99790176854,24824.763658787593,1240
2024-01-08 09:27:00+05:30,24824.763658787593,24826.931348983126,24812.854557163002,24823.806419001223,2104
2024-01-08 09:28:00+05:30,24823.806419001223,24829.39016496219,24821.702566178184,24826.63804687035,1613
2024-01-08 09:29:00+05:30,24826.63804687035,24835.761711140673,24817.727868504317,24822.93281670849,3358
2024-01-08 09:30:00+05:30,24822.93281670849,24835.594112433966,24817.914487320184,24826.27483510157,1674
2024-01-08 09:31:00+05:30,24826.27483510157,24835.004520110837,24820.24418341608,24830.432945415967,2977
2024-01-08 09:32:00+05:30,24830.432945415967,24841.501247638695,24822.638639110068,24838.750675554955,3550
2024-01-08 09:33:00+05:30,24838.750675554955,24864.936504813995,24831.70970274889,24859.554792227867,1376
2024-01-08 09:34:00+05:30,24859.554792227867,24871.309128409604,24854.079879042638,24862.359876306953,3707
2024-01-08 09:35:00+05:30,24862.359876306953,24867.123537530635,24850.542584476883,24855.941360352936,2389
2024-01-08 09:36:00+05:30,24855.941360352936,24863.0117757702,24839.46917764637,24848.566001542924,3839
2024-01-08 09:37:00+05:30,24848.566001542924,24854.92861938369,24834.42841080614,24839.59142045374,1212
2024-01-08 09:38:00+05:30,24839.59142045374,24856.277505771825,24830.635311519516,24845.342459174874,2952
2024-01-08 09:39:00+05:30,24845.342459174874,24856.453782419256,24838.31506558936,24848.290089008933,2418
2024-01-08 09:40:00+05:30,24848.290089008933,24857.6402356063,24843.902460320754,24852.1827784319,1009
2024-01-08 09:41:00+05:30,24852.1827784319,24859.993653177535,24842.63967662717,24854.053857908948,1332
2024-01-08 09:42:00+05:30,24854.053857908948,24869.746919029596,24846.660916699675,24866.494326428852,1066
2024-01-08 09:43:00+05:30,24866.494326428852,24885.09750395836,24858.13176058511,24875.14085383649,2943
2024-01-08 09:44:00+05:30,24875.14085383649,24887.075270747275,24872.376409354016,24883.16896125327,3344
2024-01-08 09:45:00+05:30,24883.16896125327,24886.30348649376,24871.8004089242,24878.39309141038,2264
2024-01-08 09:46:00+05:30,24878.39309141038,24883.646053678945,24869.185448878845,24876.317413935187,3383
2024-01-08 09:47:00+05:30,24876.317413935187,24884.952897838626,24860.698301190747,24866.819120932876,2695
2024-01-08 09:48:00+05:30,24866.819120932876,24874.090629763017,24856.53192799496,24862.256429586396,3867
2024-01-08 09:49:00+05:30,24862.256429586396,24865.38240473917,24858.926745566387,24863.28830133432,2234
2024-01-08 09:50:00+05:30,24863.28830133432,24871.10651437744,24847.42461452412,24854.392517851615,1062
2024-01-08 09:51:00+05:30,24854.392517851615,24863.79845099647,24840.156778799173,24849.92651059762,2626
2024-01-08 09:52:00+05:30,24849.92651059762,24874.881551917464,24842.09494770975,24865.558939992083,1299
2024-01-08 09:53:00+05:30,24865.558939992083,24869.610170349857,24859.4323224343,24864.523686598,2142
2024-01-08 09:54:00+05:30,24864.523686598,24867.279352012527,24849.592901668755,24853.52143356356,983
2024-01-08 09:55:00+05:30,24853.52143356356,24859.253510603172,24838.714403198228,24844.44511048093,1756
2024-01-08 09:56:00+05:30,24844.44511048093,24848.55828953036,24839.000111051973,24844.147430299086,1935
2024-01-08 09:57:00+05:30,24844.147430299086,24862.45284753071,24840.246176511355,24850.885780711244,3851
2024-01-08 09:58:00+05:30,24850.885780711244,24859.70615456214,24844.47583345599,24850.579734064984,916
2024-01-08 09:59:00+05:30,24850.579734064984,24862.566967244107,24845.008065724433,24857.500160671643,2492
2024-01-08 10:00:00+05:30,24857.500160671643,24870.46674102646,24850.175484190317,24860.229280946656,1846
2024-01-08 10:01:00+05:30,24860.229280946656,24868.23295976015,24841.86069358503,24852.165408083827,1276
2024-01-08 10:02:00+05:30,24852.165408083827,24862.750621817053,24846.59079268829,24860.338468350637,1870
2024-01-08 10:03:00+05:30,24860.338468350637,24864.510968385497,24848.533095867857,24857.2728939268,1925
2024-01-08 10:04:00+05:30,24857.2728939268,24876.468718268356,24853.56869155104,24871.89020994682,2897
2024-01-08 10:05:00+05:30,24871.89020994682,24883.04945004117,24863.424439790884,24867.803449891155,3278
2024-01-08 10:06:00+05:30,24867.803449891155,24876.20191187809,24856.486564216582,24867.08903605712,3195
2024-01-08 10:07:00+05:30,24867.08903605712,24870.974618301625,24853.884167148703,24863.33745140481,2544
2024-01-08 10:08:00+05:30,24863.33745140481,24873.809236759833,24852.54005495868,24861.68032137974,2601
2024-01-08 10:09:00+05:30,24861.68032137974,24871.396293994556,24851.475709495484,24865.512644929397,2337
2024-01-08 10:10:00+05:30,24865.512644929397,24877.42608819167,24853.538021138855,24864.468094294498,2680
2024-01-08 10:11:00+05:30,24864.468094294498,24881.346290489713,24853.092496323097,24873.811192808116,2635
2024-01-08 10:12:00+05:30,24873.811192808116,24879.54072298168,24864.544488599717,24877.417078619583,2196
2024-01-08 10:13:00+05:30,24877.417078619583,24895.812849619822,24866.12494984633,24889.777274695654,3112
2024-01-08 10:14:00+05:30,24889.777274695654,24899.413491696738,24885.091001744313,24890.703793131306,1467
2024-01-08 10:15:00+05:30,24890.703793131306,24907.21473926008,24883.929970188037,24900.874848213425,3933
2024-01-08 10:16:00+05:30,24900.874848213425,24918.978912649753,24896.978252201916,24910.37882511762,3864
2024-01-08 10:17:00+05:30,24910.37882511762,24913.31587254858,24906.652059753334,24909.70782705013,1253
2024-01-08 10:18:00+05:30,24909.70782705013,24931.47999584449,24903.746015146335,24929.327994899635,1860
2024-01-08 10:19:00+05:30,24929.327994899635,24944.136477081975,24923.934116993296,24941.201757509214,3796
2024-01-08 10:20:00+05:30,24941.201757509214,24954.143704793743,24932.889114408,24945.762732283012,910
2024-01-08 10:21:00+05:30,24945.762732283012,24949.983719316664,24938.645485200792,24944.7148243891,2280
2024-01-08 10:22:00+05:30,24944.7148243891,24954.88562734281,24941.001989068034,24944.55932934507,2981
2024-01-08 10:23:00+05:30,24944.55932934507,24954.46675882761,24936.77598167407,24943.732782927316,2781
2024-01-08 10:24:00+05:30,24943.732782927316,24949.647913101573,24938.43433032525,24946.36046738462,2787
2024-01-08 10:25:00+05:30,24946.36046738462,24948.941214992443,24928.604483252762,24938.27858531769,2159
2024-01-08 10:26:00+05:30,24938.27858531769,24947.87169576477,24929.392357719626,24939.192125473575,2183
2024-01-08 10:27:00+05:30,24939.192125473575,24948.1873377687,24923.566407148162,24935.122795601957,2271
2024-01-08 10:28:00+05:30,24935.122795601957,24959.077546370372,24923.46702106678,24948.205216597864,1469
2024-01-08 10:29:00+05:30,24948.205216597864,24960.002451536944,24940.45420753375,24954.50428881266,2064
2024-01-08 10:30:00+05:30,24954.50428881266,24969.89974497546,24949.894447741684,24967.63271929888,3419
2024-01-08 10:31:00+05:30,24967.63271929888,24995.715974198007,24959.99765811386,24986.16229916497,3247
2024-01-08 10:32:00+05:30,24986.16229916497,24998.281438890153,24981.17938901408,24990.302945561067,2752
2024-01-08 10:33:00+05:30,24990.302945561067,25017.61175368167,24983.10020509738,25006.070593409044,2351
2024-01-08 10:34:00+05:30,25006.070593409044,25014.506605723345,24996.47295296142,25009.468193455035,2095
2024-01-08 10:35:00+05:30,25009.468193455035,25016.888033778003,25000.229738533762,25014.79009291007,3266
2024-01-08 10:36:00+05:30,25014.79009291007,25017.352975633934,25001.611266725577,25008.197774334883,2126
2024-01-08 10:37:00+05:30,25008.197774334883,25020.23982247443,25003.14691923547,25009.393138887874,1131
2024-01-08 10:38:00+05:30,25009.393138887874,25026.31308923585,25007.097694294323,25020.775744318922,2565
2024-01-08 10:39:00+05:30,25020.775744318922,25027.845494241188,25010.188554354245,25025.10260434384,883
2024-01-08 10:40:00+05:30,25025.10260434384,25027.389764442756,25012.51885701329,25022.84092946379,3696
2024-01-08 10:41:00+05:30,25022.84092946379,25031.863701252987,25014.783007730453,25023.474573656396,1569
2024-01-08 10:42:00+05:30,25023.474573656396,25029.078413502804,25008.407402549547,25018.492531532345,1679
2024-01-08 10:43:00+05:30,25018.492531532345,25027.913789146107,25010.063735175027,25014.001271400673,1545
2024-01-08 10:44:00+05:30,25014.001271400673,25022.079711735718,24995.14039656324,25003.734533154784,1861
2024-01-08 10:45:00+05:30,25003.734533154784,25017.012503125658,24998.813095117832,25012.70168669662,1616
2024-01-08 10:46:00+05:30,25012.70168669662,25029.636730281338,25002.486745157697,25021.554700834695,2803
2024-01-08 10:47:00+05:30,25021.554700834695,25027.503462450903,25015.313818197876,25021.31730330619,2216
2024-01-08 10:48:00+05:30,25021.31730330619,25030.029098203573,25004.97255967232,25011.77431466156,3122
2024-01-08 10:49:00+05:30,25011.77431466156,25016.234501064628,25004.914905494818,25010.562785263384,2933
2024-01-08 10:50:00+05:30,25010.562785263384,25031.357333049065,25004.28922425956,25026.328027793832,2139
2024-01-08 10:51:00+05:30,25026.328027793832,25030.015920254227,25006.171005646745,25016.88656810657,3691
2024-01-08 10:52:00+05:30,25016.88656810657,25020.224662655768,25001.937461428763,25013.66747935656,2344
2024-01-08 10:53:00+05:30,25013.66747935656,25019.699736562066,25006.01955577691,25010.69866469455,3970
2024-01-08 10:54:00+05:30,25010.69866469455,25025.459801676792,25000.676821236677,25017.324451122986,2756
2024-01-08 10:55:00+05:30,25017.324451122986,25025.184717912354,24996.754254112366,25008.32791034406,2863
2024-01-08 10:56:00+05:30,25008.32791034406,25014.81107096507,25001.14278461371,25010.90775481997,3943
2024-01-08 10:57:00+05:30,25010.90775481997,25016.78924769042,24997.301960904708,25005.290412468275,3674
2024-01-08 10:58:00+05:30,25005.290412468275,25011.66423628611,24992.964123373215,25003.19268868841,1157
2024-01-08 10:59:00+05:30,25003.19268868841,25007.371394188915,24985.991622359696,24994.61232612754,2454
2024-01-08 11:00:00+05:30,24994.61232612754,25007.39211737762,24987.24586858611,24999.184090156818,1354
2024-01-08 11:01:00+05:30,24999.184090156818,25004.591176504975,24985.1029181002,24996.062455116873,3187
2024-01-08 11:02:00+05:30,24996.062455116873,24999.046503595822,24984.594728569464,24992.195167656722,1215
2024-01-08 11:03:00+05:30,24992.195167656722,25009.906843327637,24982.32783951077,25001.069500757367,3642
2024-01-08 11:04:00+05:30,25001.069500757367,25008.02106112256,24989.90983846448,25004.292202755434,1720
2024-01-08 11:05:00+05:30,25004.292202755434,25028.247824853115,24999.11282490896,25022.721134241827,3014
2024-01-08 11:06:00+05:30,25022.721134241827,25036.230164543384,25012.3856941573,25026.514239248936,1676
2024-01-08 11:07:00+05:30,25026.514239248936,25031.04079223204,25022.63166882698,25027.767010681648,2100
2024-01-08 11:08:00+05:30,25027.767010681648,25036.8369692826,25020.353243513688,25029.332651061253,1342
2024-01-08 11:09:00+05:30,25029.332651061253,25058.64041182562,25020.781972438104,25050.733540595964,3411
2024-01-08 11:10:00+05:30,25050.733540595964,25065.485825408996,25040.155024263375,25060.78512088022,3656
2024-01-08 11:11:00+05:30,25060.78512088022,25063.918776459745,25054.12551097557,25059.284473380354,3269
2024-01-08 11:12:00+05:30,25059.284473380354,25068.38400236765,25047.589456918155,25062.33794568389,1997
2024-01-08 11:13:00+05:30,25062.33794568389,25066.664663913125,25049.57314292969,25059.08359509076,3926
2024-01-08 11:14:00+05:30,25059.08359509076,25070.57804448107,25047.854798224416,25064.737739081764,1838
2024-01-08 11:15:00+05:30,25064.737739081764,25068.139906289274,25057.039720235112,25061.593360175517,3418
2024-01-08 11:16:00+05:30,25061.593360175517,25067.59241460243,25050.56214382524,25058.03214374663,2354
2024-01-08 11:17:00+05:30,25058.03214374663,25073.223473842576,25051.50780254147,25062.017279206666,2667
2024-01-08 11:18:00+05:30,25062.017279206666,25074.976327036984,25050.40375744585,25072.887092779605,2375
2024-01-08 11:19:00+05:30,25072.887092779605,25087.711464968823,25062.759309362187,25079.984922708685,1535
2024-01-08 11:20:00+05:30,25079.984922708685,25092.44474096292,25076.339623441334,25086.274571105292,1502
2024-01-08 11:21:00+05:30,25086.274571105292,25097.68943589394,25075.166784038876,25087.235891487777,828
2024-01-08 11:22:00+05:30,25087.235891487777,25096.919721504964,25064.03180212705,25069.65203199131,1870
2024-01-08 11:23:00+05:30,25069.65203199131,25076.172346219457,25062.28931933265,25069.02183884301,1540
2024-01-08 11:24:00+05:30,25069.02183884301,25073.580320083107,25065.52213598759,25068.069041481773,1311
2024-01-08 11:25:00+05:30,25068.069041481773,25084.15099233749,25060.9631996147,25072.719257281107,3060
2024-01-08 11:26:00+05:30,25072.719257281107,25096.780405674068,25061.6630531696,25086.575684655516,3890
2024-01-08 11:27:00+05:30,25086.575684655516,25103.745882243602,25079.941119934636,25092.91727968347,1279
2024-01-08 11:28:00+05:30,25092.91727968347,25095.775658062128,25078.034211697846,25080.35934694159,2460
2024-01-08 11:29:00+05:30,25080.35934694159,25087.061204825302,25069.92347237194,25081.128332528504,3058
2024-01-08 11:30:00+05:30,25081.128332528504,25087.806500583298,25073.233437832423,25079.934756688886,3830
2024-01-08 11:31:00+05:30,25079.934756688886,25090.89561696076,25076.919121002848,25085.94854686879,1642
2024-01-08 11:32:00+05:30,25085.94854686879,25090.28927466964,25076.976328977704,25086.059029015345,1402
2024-01-08 11:33:00+05:30,25086.059029015345,25091.313782348698,25068.32766471566,25072.176214570816,1330
2024-01-08 11:34:00+05:30,25072.176214570816,25075.885011683637,25057.79007418673,25065.891627628658,1885
2024-01-08 11:35:00+05:30,25065.891627628658,25077.4552157539,25057.819303201475,25064.00983963143,3560
2024-01-08 11:36:00+05:30,25064.00983963143,25075.023531818024,25044.584264693294,25049.065138885806,3753
2024-01-08 11:37:00+05:30,25049.065138885806,25057.27780522346,25042.3082601336,25048.649266282206,1206
2024-01-08 11:38:00+05:30,25048.649266282206,25056.37679239626,25042.010694344735,25046.997626947723,1883
2024-01-08 11:39:00+05:30,25046.997626947723,25067.5026729838,25040.295350165747,25055.59949695705,3526
2024-01-08 11:40:00+05:30,25055.59949695705,25062.587377039265,25047.35351331647,25055.20165671367,2751
2024-01-08 11:41:00+05:30,25055.20165671367,25064.820227811753,25043.912501387702,25050.959288746955,2739
2024-01-08 11:42:00+05:30,25050.959288746955,25053.284892849253,25047.918979922062,25050.47396165161,3162
2024-01-08 11:43:00+05:30,25050.47396165161,25057.30954255436,25042.76769544091,25051.065350489862,1654
2024-01-08 11:44:00+05:30,25051.065350489862,25062.787005981394,25039.611771965527,25058.87052445024,1271
2024-01-08 11:45:00+05:30,25058.87052445024,25061.717253087776,25041.55035116429,25052.081190952435,1555
2024-01-08 11:46:00+05:30,25052.081190952435,25062.50589656525,25029.224667355833,25035.44969293938,2683
2024-01-08 11:47:00+05:30,25035.44969293938,25066.065642407953,25025.73021479284,25056.752006876584,2682
2024-01-08 11:48:00+05:30,25056.752006876584,25068.464756085104,25053.053065666994,25062.915537131892,2096
2024-01-08 11:49:00+05:30,25062.915537131892,25066.8582420742,25053.81415569822,25063.639213976934,1631
2024-01-08 11:50:00+05:30,25063.639213976934,25092.38158189556,25059.866155946722,25082.40168380797,3343
2024-01-08 11:51:00+05:30,25082.40168380797,25087.92377733011,25071.35085129165,25074.152771579444,2723
2024-01-08 11:52:00+05:30,25074.152771579444,25083.96955962572,25059.923836745427,25068.55104732502,3130
2024-01-08 11:53:00+05:30,25068.55104732502,25076.60914091711,25060.053648385623,25065.612290683315,2769
2024-01-08 11:54:00+05:30,25065.612290683315,25078.915910405467,25058.450806852703,25069.706480678567,1936
2024-01-08 11:55:00+05:30,25069.706480678567,25077.682977020704,25064.101952056975,25066.601317485176,882
2024-01-08 11:56:00+05:30,25066.601317485176,25084.518257695887,25062.329805552847,25072.909564893696,3749
2024-01-08 11:57:00+05:30,25072.909564893696,25077.314762117847,25067.8585099605,25070.61807795721,1642
2024-01-08 11:58:00+05:30,25070.61807795721,25091.569593716038,25059.34049670462,25080.84824399313,3337
2024-01-08 11:59:00+05:30,25080.84824399313,25092.99255186804,25077.69236046671,25084.74819977162,3144
2024-01-08 12:00:00+05:30,25084.74819977162,25093.704881780504,25061.323198537182,25072.52902093072,3260
2024-01-08 12:01:00+05:30,25072.52902093072,25084.48252766248,25069.835565615707,25072.6420397445,1242
2024-01-08 12:02:00+05:30,25072.6420397445,25074.981803228035,25060.30730142503,25064.32826930873,1195
2024-01-08 12:03:00+05:30,25064.32826930873,25069.008912495934,25054.519932332183,25063.622678246596,3199
2024-01-08 12:04:00+05:30,25063.622678246596,25073.199203808952,25055.300777507113,25063.95177871281,1373
2024-01-08 12:05:00+05:30,25063.95177871281,25091.194655088097,25061.44577057197,25081.30516967149,3290
2024-01-08 12:06:00+05:30,25081.30516967149,25085.80080815552,25074.51703725806,25079.844751936987,1474
2024-01-08 12:07:00+05:30,25079.844751936987,25086.558417653792,25064.626816004686,25067.914073851858,3422
2024-01-08 12:08:00+05:30,25067.914073851858,25079.631793230816,25062.541113588348,25069.04073939337,1960
2024-01-08 12:09:00+05:30,25069.04073939337,25080.77991720676,25054.909552442587,25060.487599300894,3630
2024-01-08 12:10:00+05:30,25060.487599300894,25086.403954698122,25053.105413048506,25074.68669120667,1198
2024-01-08 12:11:00+05:30,25074.68669120667,25084.45969143279,25065.185722664148,25080.36763865979,1961
2024-01-08 12:12:00+05:30,25080.36763865979,25098.41164503851,25078.04862838883,25092.615396419562,1455
2024-01-08 12:13:00+05:30,25092.615396419562,25098.917706984652,25081.08977856793,25089.857704100603,3830
2024-01-08 12:14:00+05:30,25089.857704100603,25096.70790488213,25070.884223705412,25082.18444248453,3911
2024-01-08 12:15:00+05:30,25082.18444248453,25095.269485030545,25076.833423178407,25084.671062141286,943
2024-01-08 12:16:00+05:30,25084.671062141286,25091.514470836602,25065.840266688865,25074.459988366736,3036
2024-01-08 12:17:00+05:30,25074.459988366736,25079.39428716838,25060.887499667275,25067.36181623749,988
2024-01-08 12:18:00+05:30,25067.36181623749,25075.680013378056,25056.878978363602,25061.830556129436,888
2024-01-08 12:19:00+05:30,25061.830556129436,25071.71578753103,25053.649577686243,25060.970861688576,2693
2024-01-08 12:20:00+05:30,25060.970861688576,25069.03288539289,25047.027428406636,25049.613336456798,1378
2024-01-08 12:21:00+05:30,25049.613336456798,25060.890804503724,25025.349521274627,25034.13993320137,1001
2024-01-08 12:22:00+05:30,25034.13993320137,25057.083399584015,25026.756558245208,25045.27487273958,1972
2024-01-08 12:23:00+05:30,25045.27487273958,25054.745862090014,25036.72254159842,25041.374470775718,2468
2024-01-08 12:24:00+05:30,25041.374470775718,25052.254905750215,25037.89877568803,25040.214127959956,937
2024-01-08 12:25:00+05:30,25040.214127959956,25047.860411292397,25028.909104935832,25044.990294536598,1791
2024-01-08 12:26:00+05:30,25044.990294536598,25056.39106281528,25036.444233400052,25048.580064752394,804
2024-01-08 12:27:00+05:30,25048.580064752394,25050.81827768608,25041.381307296306,25043.834193487717,2992
2024-01-08 12:28:00+05:30,25043.834193487717,25048.537881673852,25030.788905770227,25040.679898482416,2982
2024-01-08 12:29:00+05:30,25040.679898482416,25061.662318104227,25037.584943257563,25053.238015658193,2181
2024-01-08 12:30:00+05:30,25053.238015658193,25071.966573103928,25046.66705250199,25063.098146908702,1655
2024-01-08 12:31:00+05:30,25063.098146908702,25079.36729183978,25059.896945529414,25069.079842808078,1852
2024-01-08 12:32:00+05:30,25069.079842808078,25092.454695905206,25057.880735337152,25082.06874205579,2209
2024-01-08 12:33:00+05:30,25082.06874205579,25086.784304455938,25059.572687453623,25067.985093756946,2908
2024-01-08 12:34:00+05:30,25067.985093756946,25075.734249827718,25059.12306971559,25069.308519718197,903
2024-01-08 12:35:00+05:30,25069.308519718197,25079.02052857117,25062.060100184637,25067.511619692126,3900
2024-01-08 12:36:00+05:30,25067.511619692126,25071.60197800851,25047.900390132836,25053.16505941007,1037
2024-01-08 12:37:00+05:30,25053.16505941007,25066.90118651025,25050.53298482138,25056.099899274643,1549
2024-01-08 12:38:00+05:30,25056.099899274643,25063.702629516978,25045.29580519708,25061.387579558606,2997
2024-01-08 12:39:00+05:30,25061.387579558606,25069.51155502571,25058.068710594434,25063.73806462962,1018
2024-01-08 12:40:00+05:30,25063.73806462962,25066.157930062876,25042.20102536868,25050.296728917227,3925
2024-01-08 12:41:00+05:30,25050.296728917227,25055.115137740326,25044.93859737089,25049.01556924176,1310
2024-01-08 12:42:00+05:30,25049.01556924176,25061.450977823664,25046.082003719894,25051.030244398862,1228
2024-01-08 12:43:00+05:30,25051.030244398862,25062.867357617048,25047.12648051933,25049.594740692057,3725
2024-01-08 12:44:00+05:30,25049.594740692057,25058.403521486318,25044.322277900377,25052.14032469676,2775
2024-01-08 12:45:00+05:30,25052.14032469676,25060.728181632992,25048.97582412461,25056.36102188284,3139
2024-01-08 12:46:00+05:30,25056.36102188284,25072.865559314563,25045.953852030165,25067.63090826576,1105
2024-01-08 12:47:00+05:30,25067.63090826576,25080.237325607657,25059.52790109129,25069.84430127132,808
2024-01-08 12:48:00+05:30,25069.84430127132,25094.351613863724,25066.018399486988,25090.41696891556,2888
2024-01-08 12:49:00+05:30,25090.41696891556,25102.20978196705,25088.15196844427,25092.52316586149,1476
2024-01-08 12:50:00+05:30,25092.52316586149,25100.25481052488,25085.825819441434,25095.159748502683,2833
2024-01-08 12:51:00+05:30,25095.159748502683,25106.076737972264,25084.72742131962,25101.58416921832,3260
2024-01-08 12:52:00+05:30,25101.58416921832,25112.549153015425,25097.018286401497,25101.49601292348,1871
2024-01-08 12:53:00+05:30,25101.49601292348,25105.69373030098,25091.696227961136,25099.493108705818,1258
2024-01-08 12:54:00+05:30,25099.493108705818,25120.870818970932,25095.068425481797,25109.45511241079,2383
2024-01-08 12:55:00+05:30,25109.45511241079,25115.886545190293,25081.88625180107,25093.584243612713,2359
2024-01-08 12:56:00+05:30,25093.584243612713,25105.547751258677,25076.054062068408,25080.53250941156,1219
2024-01-08 12:57:00+05:30,25080.53250941156,25106.22690506204,25076.45658644433,25096.917263126117,1404
2024-01-08 12:58:00+05:30,25096.917263126117,25113.406965825074,25088.776117176443,25103.055726686012,3470
2024-01-08 12:59:00+05:30,25103.055726686012,25115.146729061456,25098.17916397743,25107.70813208084,1707
2024-01-08 13:00:00+05:30,25107.70813208084,25122.251915584864,25097.0773331534,25110.549959238826,3571
2024-01-08 13:01:00+05:30,25110.549959238826,25122.379122609105,25100.903013104227,25113.231148976265,2231
2024-01-08 13:02:00+05:30,25113.231148976265,25119.604120536133,25097.591860714732,25106.517749895433,3617
2024-01-08 13:03:00+05:30,25106.517749895433,25109.08757038646,25093.328688503043,25104.869504528368,2342
2024-01-08 13:04:00+05:30,25104.869504528368,25108.771810421375,25091.26303659555,25097.561720488342,2077
2024-01-08 13:05:00+05:30,25097.561720488342,25117.581554459415,25095.147513666805,25106.92294382,3560
2024-01-08 13:06:00+05:30,25106.92294382,25123.76069911615,25101.772482394572,25112.339168275834,1469
2024-01-08 13:07:00+05:30,25112.339168275834,25117.03768438082,25107.827855119944,25114.72649391106,2344
2024-01-08 13:08:00+05:30,25114.72649391106,25124.36611169768,25110.95479857106,25118.259084555553,2792
2024-01-08 13:09:00+05:30,25118.259084555553,25124.734501627994,25111.814553390886,25117.805118709693,3844
2024-01-08 13:10:00+05:30,25117.805118709693,25121.41524488803,25106.947311518314,25109.558142098365,1501
2024-01-08 13:11:00+05:30,25109.558142098365,25125.50495927364,25107.536374333733,25123.170533535533,2458
2024-01-08 13:12:00+05:30,25123.170533535533,25139.335339459034,25115.910309310126,25128.72011285649,3733
2024-01-08 13:13:00+05:30,25128.72011285649,25139.02462201985,25124.478989610892,25127.974019558118,2285
2024-01-08 13:14:00+05:30,25127.974019558118,25143.929128850672,25117.723491309578,25133.082266614718,1345
2024-01-08 13:15:00+05:30,25133.082266614718,25148.37216413639,25129.966397087926,25143.396634127632,1727
2024-01-08 13:16:00+05:30,25143.396634127632,25163.88395916173,25140.453169843222,25153.012937011594,3221
2024-01-08 13:17:00+05:30,25153.012937011594,25170.414149510274,25145.149137462053,25158.668195038466,2040
2024-01-08 13:18:00+05:30,25158.668195038466,25175.549689803545,25148.619643385075,25165.5858752526,2128
2024-01-08 13:19:00+05:30,25165.5858752526,25171.047258764425,25154.624821342935,25164.43606305505,3914
2024-01-08 13:20:00+05:30,25164.43606305505,25181.138545375474,25153.818751884355,25175.389723238906,3791
2024-01-08 13:21:00+05:30,25175.389723238906,25190.269069729256,25168.762756689695,25183.261169687,2526
2024-01-08 13:22:00+05:30,25183.261169687,25202.286791307924,25178.774415810527,25191.141813383427,1192
2024-01-08 13:23:00+05:30,25191.141813383427,25198.140552021952,25179.569880107065,25181.814434141048,1387
2024-01-08 13:24:00+05:30,25181.814434141048,25193.612261822844,25170.384403198626,25187.346388062964,956
2024-01-08 13:25:00+05:30,25187.346388062964,25195.686217598333,25179.460120499778,25193.07139512882,1219
2024-01-08 13:26:00+05:30,25193.07139512882,25205.06374943921,25181.65429200883,25199.811593029637,1659
2024-01-08 13:27:00+05:30,25199.811593029637,25203.92566688609,25170.133867598455,25180.525909486685,2842
2024-01-08 13:28:00+05:30,25180.525909486685,25187.257844171152,25158.172880658232,25166.788014326958,1184
2024-01-08 13:29:00+05:30,25166.788014326958,25176.25180964339,25157.136862586474,25169.490033276656,2547
2024-01-08 13:30:00+05:30,25169.490033276656,25173.43747074441,25159.077654177072,25162.78657100071,1751
2024-01-08 13:31:00+05:30,25162.78657100071,25169.132107124304,25151.77051674492,25166.27628113208,2418
2024-01-08 13:32:00+05:30,25166.27628113208,25174.613706650478,25155.560767144292,25166.095945160472,2416
2024-01-08 13:33:00+05:30,25166.095945160472,25177.615045361053,25159.329281020367,25173.1959725706,2769
2024-01-08 13:34:00+05:30,25173.1959725706,25181.83131720822,25163.014107251714,25169.39264641686,3168
2024-01-08 13:35:00+05:30,25169.39264641686,25177.077449168217,25154.76562071293,25161.70566780118,1038
2024-01-08 13:36:00+05:30,25161.70566780118,25176.875035756988,25154.008964448178,25166.177243069076,2705
2024-01-08 13:37:00+05:30,25166.177243069076,25170.807358979797,25160.8415248377,25164.50016268516,1003
2024-01-08 13:38:00+05:30,25164.50016268516,25176.21816186296,25144.425369677363,25155.919713594896,3980
2024-01-08 13:39:00+05:30,25155.919713594896,25166.37721115219,25135.615859510555,25141.137005293847,1697
2024-01-08 13:40:00+05:30,25141.137005293847,25172.624121840203,25138.769023811077,25165.676338001667,1798
2024-01-08 13:41:00+05:30,25165.676338001667,25171.158213030034,25155.320457586648,25163.306839952416,1697
2024-01-08 13:42:00+05:30,25163.306839952416,25167.401603616145,25158.405957475403,25161.841232383747,3030
2024-01-08 13:43:00+05:30,25161.841232383747,25169.525328516156,25135.142696353705,25147.138554921934,3086
2024-01-08 13:44:00+05:30,25147.138554921934,25150.981304422272,25128.389289224724,25139.68270086263,2890
2024-01-08 13:45:00+05:30,25139.68270086263,25145.23203503881,25129.272290699555,25138.819836920753,3584
2024-01-08 13:46:00+05:30,25138.819836920753,25144.3231330422,25136.152370252847,25141.688811686705,3472
2024-01-08 13:47:00+05:30,25141.688811686705,25156.70128602628,25131.255105395885,25148.021168385374,2631
2024-01-08 13:48:00+05:30,25148.021168385374,25156.039854967734,25138.7864948592,25142.613961954135,3679
2024-01-08 13:49:00+05:30,25142.613961954135,25155.458290173116,25134.289071358355,25146.660996145376,3324
2024-01-08 13:50:00+05:30,25146.660996145376,25166.28986224859,25142.939783595404,25155.852112476812,3145
2024-01-08 13:51:00+05:30,25155.852112476812,25163.34837917146,25143.08223128266,25152.248332005896,3342
2024-01-08 13:52:00+05:30,25152.248332005896,25157.963730992444,25142.982678025277,25152.044291243557,1797
2024-01-08 13:53:00+05:30,25152.044291243557,25156.562107712864,25133.02107441479,25138.49418822096,2074
2024-01-08 13:54:00+05:30,25138.49418822096,25145.707139524467,25128.133132423754,25132.527195267536,2145
2024-01-08 13:55:00+05:30,25132.527195267536,25138.900527174195,25111.780189150446,25122.211719084746,2618
2024-01-08 13:56:00+05:30,25122.211719084746,25134.07023230671,25110.77737671751,25127.68338785842,2739
2024-01-08 13:57:00+05:30,25127.68338785842,25132.36178033832,25122.90897238341,25126.597854853124,3373
2024-01-08 13:58:00+05:30,25126.597854853124,25143.12771457762,25114.642492095423,25139.160806871918,2394
2024-01-08 13:59:00+05:30,25139.160806871918,25150.879149342993,25131.480267898332,25140.93243806301,3842
2024-01-08 14:00:00+05:30,25140.93243806301,25159.17045549969,25135.688078045943,25147.41885475909,2132
2024-01-08 14:01:00+05:30,25147.41885475909,25160.396230439368,25140.555547570508,25151.712151088854,3384
2024-01-08 14:02:00+05:30,25151.712151088854,25161.64982314221,25149.063551495656,25153.609128634464,1785
2024-01-08 14:03:00+05:30,25153.609128634464,25157.315745370175,25138.571414439586,25145.677921012226,2130
2024-01-08 14:04:00+05:30,25145.677921012226,25165.221026893254,25137.665751742737,25158.76250794028,1447
2024-01-08 14:05:00+05:30,25158.76250794028,25170.171397863596,25151.228709748102,25158.396026333092,1102
2024-01-08 14:06:00+05:30,25158.396026333092,25170.01076882214,25142.209983716257,25144.53020549888,1984
2024-01-08 14:07:00+05:30,25144.53020549888,25147.268212173236,25131.00097169655,25140.40776276623,1591
2024-01-08 14:08:00+05:30,25140.40776276623,25150.825509930284,25125.314970455693,25132.22626529551,3931
2024-01-08 14:09:00+05:30,25132.22626529551,25145.819802590875,25128.53667495707,25141.652244488036,2494
2024-01-08 14:10:00+05:30,25141.652244488036,25161.534630030827,25131.306526747736,25150.082864799864,2013
2024-01-08 14:11:00+05:30,25150.082864799864,25166.50410475527,25141.874999806754,25162.245629519297,1468
2024-01-08 14:12:00+05:30,25162.245629519297,25189.189829210667,25160.041490692776,25179.469865659157,1220
2024-01-08 14:13:00+05:30,25179.469865659157,25191.04246752794,25168.44818624362,25174.790753233538,3158
2024-01-08 14:14:00+05:30,25174.790753233538,25177.25879672596,25150.895473905886,25160.529014737196,1122
2024-01-08 14:15:00+05:30,25160.529014737196,25162.656643632374,25145.09947362791,25153.590607942242,1649
2024-01-08 14:16:00+05:30,25153.590607942242,25164.430973438884,25147.777294455813,25157.091671778056,1460
2024-01-08 14:17:00+05:30,25157.091671778056,25163.404328959834,25126.513512676127,25136.48888480428,2193
2024-01-08 14:18:00+05:30,25136.48888480428,25147.90125501864,25125.451044465695,25132.166861386882,2692
2024-01-08 14:19:00+05:30,25132.166861386882,25143.96086777565,25128.5646578466,25139.0349710494,2081
2024-01-08 14:20:00+05:30,25139.0349710494,25141.238225521676,25129.39367659121,25132.770429941116,861
2024-01-08 14:21:00+05:30,25132.770429941116,25143.465977176536,25121.20002823978,25132.172824041474,3946
2024-01-08 14:22:00+05:30,25132.172824041474,25140.186998846766,25120.858038495826,25125.469233365755,3492
2024-01-08 14:23:00+05:30,25125.469233365755,25146.495630570724,25117.580427879766,25139.349219101106,2136
2024-01-08 14:24:00+05:30,25139.349219101106,25163.11597744371,25134.87389281641,25154.81031440315,3114
2024-01-08 14:25:00+05:30,25154.81031440315,25165.852009275364,25142.05712796723,25147.262770794274,2958
2024-01-08 14:26:00+05:30,25147.262770794274,25151.883283892752,25135.78983567437,25141.03798296948,1467
2024-01-08 14:27:00+05:30,25141.03798296948,25146.932481233132,25138.893277015923,25142.422447743043,3860
2024-01-08 14:28:00+05:30,25142.422447743043,25160.119509414886,25140.320481251583,25148.229096058094,3117
2024-01-08 14:29:00+05:30,25148.229096058094,25159.205764970862,25145.34489720302,25152.023225888577,3177
2024-01-08 14:30:00+05:30,25152.023225888577,25159.96862232951,25142.761790955617,25157.62933276347,3650
2024-01-08 14:31:00+05:30,25157.62933276347,25175.517008951592,25152.86212059276,25165.909569696305,3095
2024-01-08 14:32:00+05:30,25165.909569696305,25183.639994744102,25159.490065223166,25175.99670674467,2601
2024-01-08 14:33:00+05:30,25175.99670674467,25193.853824186765,25167.80400981285,25191.389012469805,3455
2024-01-08 14:34:00+05:30,25191.389012469805,25199.418764446866,25184.283202459043,25193.67611961142,1795
2024-01-08 14:35:00+05:30,25193.67611961142,25201.61235723373,25180.047382318073,25190.986348249775,2091
2024-01-08 14:36:00+05:30,25190.986348249775,25202.089661415223,25181.182227988185,25191.442674149508,2296
2024-01-08 14:37:00+05:30,25191.442674149508,25218.485469862906,25180.638225520463,25209.875739417737,1561
2024-01-08 14:38:00+05:30,25209.875739417737,25225.91034431387,25204.8333294043,25217.537830516925,3430
2024-01-08 14:39:00+05:30,25217.537830516925,25233.719721573438,25205.675403516678,25224.26151684581,1527
2024-01-08 14:40:00+05:30,25224.26151684581,25242.14254893935,25212.74362467583,25235.932448110656,1322
2024-01-08 14:41:00+05:30,25235.932448110656,25256.884351923003,25227.33626662317,25246.766257794112,1124
2024-01-08 14:42:00+05:30,25246.766257794112,25275.62413848114,25236.739055887447,25266.379091233626,1006
2024-01-08 14:43:00+05:30,25266.379091233626,25269.331253814,25257.529653650847,25261.35161606131,1042
2024-01-08 14:44:00+05:30,25261.35161606131,25273.43194177554,25249.62314749119,25264.18330720736,2070
2024-01-08 14:45:00+05:30,25264.18330720736,25282.24864188508,25260.256914118567,25271.31629766502,3568
2024-01-08 14:46:00+05:30,25271.31629766502,25290.39219915997,25261.36855076169,25278.957670244665,2947
2024-01-08 14:47:00+05:30,25278.957670244665,25285.372953688,25274.848325126397,25277.18739367901,3752
2024-01-08 14:48:00+05:30,25277.18739367901,25280.402928607546,25256.062765203067,25265.75367427565,3237
2024-01-08 14:49:00+05:30,25265.75367427565,25273.434716776865,25257.107417960888,25264.835091509074,3439
2024-01-08 14:50:00+05:30,25264.835091509074,25267.824663930656,25254.592747247363,25260.628977472676,2785
2024-01-08 14:51:00+05:30,25260.628977472676,25268.702933188844,25255.934087488346,25260.96858718768,1515
2024-01-08 14:52:00+05:30,25260.96858718768,25280.180355957847,25254.232268302283,25270.703912693556,2132
2024-01-08 14:53:00+05:30,25270.703912693556,25285.239174833066,25265.798108550433,25277.303691708963,926
2024-01-08 14:54:00+05:30,25277.303691708963,25286.240550705796,25263.89077470417,25269.50823186894,2282
2024-01-08 14:55:00+05:30,25269.50823186894,25278.999842403286,25252.835226331055,25264.75622077944,3159
2024-01-08 14:56:00+05:30,25264.75622077944,25274.136410405245,25259.07376076986,25267.347690824514,3623
2024-01-08 14:57:00+05:30,25267.347690824514,25281.870367310425,25256.63683360235,25277.29141687193,2554
2024-01-08 14:58:00+05:30,25277.29141687193,25287.7151084595,25270.814171284394,25277.836168867492,1321
2024-01-08 14:59:00+05:30,25277.836168867492,25287.653900606503,25267.178127640913,25280.566415940582,2669
2024-01-08 15:00:00+05:30,25280.566415940582,25289.557437856136,25260.659555134254,25269.75512126422,2621
2024-01-08 15:01:00+05:30,25269.75512126422,25275.636972937795,25256.306749754167,25266.902894546805,2081
2024-01-08 15:02:00+05:30,25266.902894546805,25277.9478748952,25252.412719115815,25261.649247805828,3772
2024-01-08 15:03:00+05:30,25261.649247805828,25270.045943748304,25253.45586293383,25264.096921690612,2710
2024-01-08 15:04:00+05:30,25264.096921690612,25272.098826388356,25251.951462949626,25262.833679169562,3824
2024-01-08 15:05:00+05:30,25262.833679169562,25271.175147524395,25248.133967595342,25256.799735332446,3176
2024-01-08 15:06:00+05:30,25256.799735332446,25264.091716864437,25238.774084192373,25249.094574684153,2342
2024-01-08 15:07:00+05:30,25249.094574684153,25261.394292328387,25240.3462580517,25251.449425143048,2348
2024-01-08 15:08:00+05:30,25251.449425143048,25256.134043642924,25240.44924697156,25247.048871919662,1895
2024-01-08 15:09:00+05:30,25247.048871919662,25259.182388251953,25242.195606941365,25256.559876442883,2186
2024-01-08 15:10:00+05:30,25256.559876442883,25261.922356063966,25251.327413502837,25258.36929435272,3564
2024-01-08 15:11:00+05:30,25258.36929435272,25264.638963592857,25246.53637324973,25256.887162123465,2203
2024-01-08 15:12:00+05:30,25256.887162123465,25273.55981096893,25252.29906310835,25264.54408121842,2686
2024-01-08 15:13:00+05:30,25264.54408121842,25268.080262222986,25250.886491253925,25255.786001084438,924
2024-01-08 15:14:00+05:30,25255.786001084438,25269.644647930447,25244.01900422253,25263.443720262014,3407
2024-01-08 15:15:00+05:30,25263.443720262014,25271.742540597974,25249.600570138005,25258.35349817757,1984
2024-01-08 15:16:00+05:30,25258.35349817757,25268.584970245407,25252.990895319304,25264.516266380935,1324
2024-01-08 15:17:00+05:30,25264.516266380935,25272.959248857438,25250.756014328028,25259.6973737567,2036
2024-01-08 15:18:00+05:30,25259.6973737567,25268.202473366902,25246.345784938265,25252.785162150103,2888
2024-01-08 15:19:00+05:30,25252.785162150103,25257.081952007753,25236.212994591453,25238.864681979612,1607
2024-01-08 15:20:00+05:30,25238.864681979612,25250.539951569288,25227.812380064828,25239.617255249163,1691
2024-01-08 15:21:00+05:30,25239.617255249163,25255.288347166847,25237.09116901687,25243.784859367195,3023
2024-01-08 15:22:00+05:30,25243.784859367195,25255.08608781564,25221.858235797776,25233.29410064511,2955
2024-01-08 15:23:00+05:30,25233.29410064511,25251.754691239024,25227.147081578012,25247.48222429561,3367
2024-01-08 15:24:00+05:30,25247.48222429561,25252.9693353596,25240.03955052409,25247.721309219098,1689
2024-01-08 15:25:00+05:30,25247.721309219098,25255.158073269547,25232.421575984397,25239.293149445773,2064
2024-01-08 15:26:00+05:30,25239.293149445773,25265.010691732234,25232.676571793967,25254.865446035536,3922
2024-01-08 15:27:00+05:30,25254.865446035536,25257.097821232495,25241.597499130196,25252.03527288955,3151
2024-01-08 15:28:00+05:30,25252.03527288955,25268.255848339995,25246.680500182447,25263.73390799581,1714
2024-01-08 15:29:00+05:30,25263.73390799581,25272.250054418317,25230.240831937634,25242.126218121695,2440
2024-01-08 15:30:00+05:30,25242.126218121695,25263.465893283847,25234.325066058736,25259.198887985945,2567
2024-01-09 09:15:00+05:30,25257.608396231677,25262.156681886416,25256.608396231677,25261.156681886416,1780
2024-01-09 09:16:00+05:30,25261.156681886416,25264.500617833724,25256.477943221376,25260.509616798518,1225
2024-01-09 09:17:00+05:30,25260.509616798518,25274.988110492923,25251.49303955521,25268.395686367094,1655
2024-01-09 09:18:00+05:30,25268.395686367094,25276.209268835326,25263.828239572977,25268.01047479471,850
2024-01-09 09:19:00+05:30,25268.01047479471,25279.417831892326,25260.996896054377,25264.27309895701,932
2024-01-09 09:20:00+05:30,25264.27309895701,25282.219203748282,25255.715030217838,25276.92211521682,977
2024-01-09 09:21:00+05:30,25276.92211521682,25285.699112748764,25266.909291959295,25282.66286882621,3891
2024-01-09 09:22:00+05:30,25282.66286882621,25292.71765733287,25270.73664430653,25281.84002301731,986
2024-01-09 09:23:00+05:30,25281.84002301731,25285.947916164896,25277.587202871222,25282.096687048022,3999
2024-01-09 09:24:00+05:30,25282.096687048022,25291.799865499266,25277.198375403554,25279.250429211,2571
2024-01-09 09:25:00+05:30,25279.250429211,25283.461757457484,25271.887118533275,25280.054863850975,3657
2024-01-09 09:26:00+05:30,25280.054863850975,25282.196079391797,25261.15958654554,25272.9750501151,2907
2024-01-09 09:27:00+05:30,25272.9750501151,25297.07496980152,25268.631569267796,25286.466769251627,2494
2024-01-09 09:28:00+05:30,25286.466769251627,25304.52440978204,25280.961067268876,25295.954101401556,1596
2024-01-09 09:29:00+05:30,25295.954101401556,25298.931504634722,25268.219312375837,25279.19259010312,2188
2024-01-09 09:30:00+05:30,25279.19259010312,25283.75847030131,25263.52715564982,25272.1148407175,1471
2024-01-09 09:31:00+05:30,25272.1148407175,25282.02488422356,25263.879350085415,25271.928387356857,1845
2024-01-09 09:32:00+05:30,25271.928387356857,25274.97711919042,25257.887178980396,25267.207573265074,3259
2024-01-09 09:33:00+05:30,25267.207573265074,25278.01090776703,25247.658714675068,25251.2887060618,2617
2024-01-09 09:34:00+05:30,25251.2887060618,25259.80739314232,25244.727220825236,25256.692546393428,2482
2024-01-09 09:35:00+05:30,25256.692546393428,25264.117933084068,25243.71156251083,25247.8671048565,1215
2024-01-09 09:36:00+05:30,25247.8671048565,25257.0277666158,25239.821027622584,25253.182060077903,1572
2024-01-09 09:37:00+05:30,25253.182060077903,25264.262740205784,25244.711388798638,25256.77639405858,3268
2024-01-09 09:38:00+05:30,25256.77639405858,25272.193446767124,25249.58525391633,25268.419768117692,3478
2024-01-09 09:39:00+05:30,25268.419768117692,25271.576571641494,25252.29654072109,25261.835328502526,1896
2024-01-09 09:40:00+05:30,25261.835328502526,25281.399302692567,25258.30496905254,25275.75868558775,2635
2024-01-09 09:41:00+05:30,25275.75868558775,25284.86031331568,25259.96481950299,25266.63946039616,3365
2024-01-09 09:42:00+05:30,25266.63946039616,25285.396234364882,25264.546353213333,25278.12400747252,2152
2024-01-09 09:43:00+05:30,25278.12400747252,25293.86418510644,25273.742345703613,25286.32529836901,1122
2024-01-09 09:44:00+05:30,25286.32529836901,25296.91091351068,25283.329521964042,25289.78616780271,2867
2024-01-09 09:45:00+05:30,25289.78616780271,25297.48675077769,25276.758195142567,25281.739833446565,1683
2024-01-09 09:46:00+05:30,25281.739833446565,25297.54535108486,25270.704597783708,25294.100510025117,2132
2024-01-09 09:47:00+05:30,25294.100510025117,25306.859711694127,25283.01669314568,25300.366822700063,3449
2024-01-09 09:48:00+05:30,25300.366822700063,25303.238943652203,25283.079814701337,25287.971439013727,1052
2024-01-09 09:49:00+05:30,25287.971439013727,25290.983443214445,25260.982516208605,25268.5175380514,3320
2024-01-09 09:50:00+05:30,25268.5175380514,25272.827372387816,25258.93294076018,25263.674084498933,3218
2024-01-09 09:51:00+05:30,25263.674084498933,25265.965572361994,25252.899978677644,25257.3352076731,2902
2024-01-09 09:52:00+05:30,25257.3352076731,25266.399415770946,25250.52657823219,25262.879674913802,888
2024-01-09 09:53:00+05:30,25262.879674913802,25270.095392056,25251.53625416925,25264.092582624653,2637
2024-01-09 09:54:00+05:30,25264.092582624653,25268.882573434486,25253.012995016026,25266.668864379142,823
2024-01-09 09:55:00+05:30,25266.668864379142,25278.430776328594,25252.057049447973,25262.97286888237,3952
2024-01-09 09:56:00+05:30,25262.97286888237,25281.14221510087,25251.66967495254,25270.331931925903,3777
2024-01-09 09:57:00+05:30,25270.331931925903,25279.61183557957,25255.66032720707,25266.183963266725,2919
2024-01-09 09:58:00+05:30,25266.183963266725,25270.7813790685,25251.406129064995,25254.933559380504,1004
2024-01-09 09:59:00+05:30,25254.933559380504,25263.221164811548,25234.75999039604,25236.928278255364,1811
2024-01-09 10:00:00+05:30,25236.928278255364,25244.847592494007,25231.702940859865,25241.052204811156,3590
2024-01-09 10:01:00+05:30,25241.052204811156,25252.958127026654,25234.02450875154,25236.61882280515,1427
2024-01-09 10:02:00+05:30,25236.61882280515,25245.75828941075,25219.483051001123,25223.81545953363,1716
2024-01-09 10:03:00+05:30,25223.81545953363,25229.886808562802,25213.418723812476,25217.33150552535,2179
2024-01-09 10:04:00+05:30,25217.33150552535,25223.904334529372,25207.49594075399,25214.53904021961,2118
2024-01-09 10:05:00+05:30,25214.53904021961,25225.837954034672,25203.2244026225,25219.953879737895,3776
2024-01-09 10:06:00+05:30,25219.953879737895,25230.54430662554,25195.186618552238,25204.021386735894,3822
2024-01-09 10:07:00+05:30,25204.021386735894,25212.281673065136,25192.221788465453,25201.115430290884,1345
2024-01-09 10:08:00+05:30,25201.115430290884,25209.97748545928,25194.4670395829,25206.91351891073,1129
2024-01-09 10:09:00+05:30,25206.91351891073,25213.656779629626,25196.373859246927,25210.714256757914,3585
2024-01-09 10:10:00+05:30,25210.714256757914,25227.08228982141,25202.035712795998,25217.14322994063,1664
2024-01-09 10:11:00+05:30,25217.14322994063,25237.27867668909,25205.42977114536,25232.366001788585,3222
2024-01-09 10:12:00+05:30,25232.366001788585,25238.67545662269,25223.590960686375,25226.145064385626,1150
2024-01-09 10:13:00+05:30,25226.145064385626,25234.235365316013,25216.402085850626,25221.86677484027,1341
2024-01-09 10:14:00+05:30,25221.86677484027,25235.234442230867,25213.388308929585,25230.304886612394,1483
2024-01-09 10:15:00+05:30,25230.304886612394,25252.408093434653,25224.937874199168,25242.884498360112,842
2024-01-09 10:16:00+05:30,25242.884498360112,25254.871756382207,25237.07828711419,25245.823336210746,2735
2024-01-09 10:17:00+05:30,25245.823336210746,25248.576811527473,25238.061812482243,25243.78429925428,1009
2024-01-09 10:18:00+05:30,25243.78429925428,25251.64558250646,25225.234128969914,25235.4246010339,1588
2024-01-09 10:19:00+05:30,25235.4246010339,25251.845781656473,25231.207009731294,25240.547573214604,2464
2024-01-09 10:20:00+05:30,25240.547573214604,25252.236673774936,25231.22043145604,25243.63148303921,3880
2024-01-09 10:21:00+05:30,25243.63148303921,25247.846257529865,25231.92415338501,25235.971413026415,1606
2024-01-09 10:22:00+05:30,25235.971413026415,25240.683363235374,25224.19060209424,25232.47067094785,3679
2024-01-09 10:23:00+05:30,25232.47067094785,25243.047499151897,25217.754090187293,25225.50723295798,3093
2024-01-09 10:24:00+05:30,25225.50723295798,25240.179228856865,25221.602824662834,25230.395634450782,1840
2024-01-09 10:25:00+05:30,25230.395634450782,25235.023277447883,25221.757408894442,25229.76450715706,2570
2024-01-09 10:26:00+05:30,25229.76450715706,25246.679101713886,25226.198123175924,25239.652509021696,3650
2024-01-09 10:27:00+05:30,25239.652509021696,25255.762377392326,25232.00670400753,25250.36789380908,2024
2024-01-09 10:28:00+05:30,25250.36789380908,25263.530127471087,25241.46792896914,25253.367075924343,1734
2024-01-09 10:29:00+05:30,25253.367075924343,25265.5720580156,25248.72181301466,25262.90448238811,2585
2024-01-09 10:30:00+05:30,25262.90448238811,25273.650861339578,25258.522983790666,25271.368134266053,886
2024-01-09 10:31:00+05:30,25271.368134266053,25295.25272481961,25266.79159804576,25283.274146402004,3110
2024-01-09 10:32:00+05:30,25283.274146402004,25287.559578978744,25277.87199528482,25280.281377781645,1522
2024-01-09 10:33:00+05:30,25280.281377781645,25289.98888202356,25272.674278888655,25285.66552312962,3074
2024-01-09 10:34:00+05:30,25285.66552312962,25310.69768598194,25277.536791945586,25300.293392518408,1022
2024-01-09 10:35:00+05:30,25300.293392518408,25316.883607192445,25289.105418297342,25305.95632542234,1239
2024-01-09 10:36:00+05:30,25305.95632542234,25313.90513643672,25300.528609747973,25303.50305371269,2796
2024-01-09 10:37:00+05:30,25303.50305371269,25309.916556620174,25298.25480828313,25306.085374028233,1615
2024-01-09 10:38:00+05:30,25306.085374028233,25328.585014339675,25294.329851821833,25324.15765084803,3544
2024-01-09 10:39:00+05:30,25324.15765084803,25327.99357672134,25314.524241188108,25321.970894377115,1440
2024-01-09 10:40:00+05:30,25321.970894377115,25323.990292756596,25311.201778070455,25317.984308318166,3283
2024-01-09 10:41:00+05:30,25317.984308318166,25327.88015849498,25311.679596485446,25325.627320813794,2737
2024-01-09 10:42:00+05:30,25325.627320813794,25332.07476273281,25316.18491560887,25323.587066261625,3841
2024-01-09 10:43:00+05:30,25323.587066261625,25331.37723593017,25302.79720986587,25312.508508635434,3845
2024-01-09 10:44:00+05:30,25312.508508635434,25315.863401933064,25298.789988462457,25301.336442627806,3418
2024-01-09 10:45:00+05:30,25301.336442627806,25304.465645894692,25294.623309371556,25302.247344201638,2303
2024-01-09 10:46:00+05:30,25302.247344201638,25306.121429913117,25295.570785098178,25298.298362943297,2192
2024-01-09 10:47:00+05:30,25298.298362943297,25313.276994290507,25295.293529096965,25310.228368219778,988
2024-01-09 10:48:00+05:30,25310.228368219778,25313.056001500452,25300.651579680365,25306.498642348957,2944
2024-01-09 10:49:00+05:30,25306.498642348957,25311.059824851352,25293.178528073127,25296.78901933216,2048
2024-01-09 10:50:00+05:30,25296.78901933216,25301.40832203276,25287.698663999294,25291.731948201108,1555
2024-01-09 10:51:00+05:30,25291.731948201108,25294.84925412338,25276.70014396043,25283.179130991764,1731
2024-01-09 10:52:00+05:30,25283.179130991764,25296.05063654126,25272.49700256319,25292.894725755872,2041
2024-01-09 10:53:00+05:30,25292.894725755872,25295.23296891201,25276.291319055028,25287.785257368534,2243
2024-01-09 10:54:00+05:30,25287.785257368534,25306.79181102598,25280.887553499942,25300.03905723215,2209
2024-01-09 10:55:00+05:30,25300.03905723215,25307.85248701333,25295.645814259067,25305.175413131885,3910
2024-01-09 10:56:00+05:30,25305.175413131885,25329.88406382247,25297.699858961027,25321.457216362207,2173
2024-01-09 10:57:00+05:30,25321.457216362207,25332.566038084165,25316.048365498813,25321.522760233234,3892
2024-01-09 10:58:00+05:30,25321.522760233234,25332.876066072928,25311.19502076141,25328.800643279676,2934
2024-01-09 10:59:00+05:30,25328.800643279676,25332.995575066852,25302.228261934015,25313.779165718996,2577
2024-01-09 11:00:00+05:30,25313.779165718996,25323.14835161015,25308.928391868,25311.07737696968,3392
2024-01-09 11:01:00+05:30,25311.07737696968,25318.536005047623,25303.896710923837,25306.28041417279,3132
2024-01-09 11:02:00+05:30,25306.28041417279,25318.452266487922,25297.197323883145,25315.912075140943,3115
2024-01-09 11:03:00+05:30,25315.912075140943,25327.267619031696,25304.124119712906,25315.801925551485,876
2024-01-09 11:04:00+05:30,25315.801925551485,25324.146329568714,25311.143940786213,25321.792354287652,2584
2024-01-09 11:05:00+05:30,25321.792354287652,25329.33605711465,25308.953844383104,25317.22014861639,2651
2024-01-09 11:06:00+05:30,25317.22014861639,25321.234485343535,25306.129161059584,25308.296523178342,2790
2024-01-09 11:07:00+05:30,25308.296523178342,25318.131408789362,25298.86111162977,25308.549560319534,2775
2024-01-09 11:08:00+05:30,25308.549560319534,25322.841312182074,25301.559227208832,25319.374265014114,1327
2024-01-09 11:09:00+05:30,25319.374265014114,25327.21302297982,25307.58489330201,25319.88813589844,3489
2024-01-09 11:10:00+05:30,25319.88813589844,25339.517900354545,25308.4818428232,25332.75436241609,3736
2024-01-09 11:11:00+05:30,25332.75436241609,25338.912554160823,25327.95964863181,25331.15791148238,2180
2024-01-09 11:12:00+05:30,25331.15791148238,25337.830518734998,25325.345365464094,25329.38035125241,3780
2024-01-09 11:13:00+05:30,25329.38035125241,25335.828665515837,25319.4072294246,25327.602722605774,2142
2024-01-09 11:14:00+05:30,25327.602722605774,25332.38836717039,25323.0991340606,25326.550725412162,974
2024-01-09 11:15:00+05:30,25326.550725412162,25333.181998573968,25314.174705941674,25322.21723085659,3528
2024-01-09 11:16:00+05:30,25322.21723085659,25325.627008359643,25311.60869597732,25321.30775401864,1114
2024-01-09 11:17:00+05:30,25321.30775401864,25324.632581725975,25308.742861423016,25316.05057351373,1236
2024-01-09 11:18:00+05:30,25316.05057351373,25323.75346368338,25302.6891117402,25309.110274727238,2451
2024-01-09 11:19:00+05:30,25309.110274727238,25328.255402881423,25297.25960731937,25321.60150200234,3862
2024-01-09 11:20:00+05:30,25321.60150200234,25337.02280795064,25310.91026500871,25329.198240310085,2736
2024-01-09 11:21:00+05:30,25329.198240310085,25336.47407058973,25318.43596441857,25327.823223034382,3044
2024-01-09 11:22:00+05:30,25327.823223034382,25335.839768329006,25315.65355884339,25324.137708675193,1264
2024-01-09 11:23:00+05:30,25324.137708675193,25328.87179140544,25309.480361177615,25313.139785239742,3579
2024-01-09 11:24:00+05:30,25313.139785239742,25330.360088710193,25309.087482103285,25318.53240826554,3630
2024-01-09 11:25:00+05:30,25318.53240826554,25323.141924388397,25305.876769614508,25314.322351077204,3606
2024-01-09 11:26:00+05:30,25314.322351077204,25334.42001707234,25304.935848476904,25329.911675514475,1542
2024-01-09 11:27:00+05:30,25329.911675514475,25334.693939419692,25312.329617349853,25317.596335541355,2068
2024-01-09 11:28:00+05:30,25317.596335541355,25323.477906014883,25310.169832730702,25321.120275559693,1370
2024-01-09 11:29:00+05:30,25321.120275559693,25343.209126388734,25316.037708356766,25331.2966021496,3761
2024-01-09 11:30:00+05:30,25331.2966021496,25341.780252486515,25317.435126691413,25328.164465170034,1443
2024-01-09 11:31:00+05:30,25328.164465170034,25356.28970373241,25321.4387970685,25344.569597707126,3107
2024-01-09 11:32:00+05:30,25344.569597707126,25359.755266101958,25339.74338776168,25353.183578944005,3662
2024-01-09 11:33:00+05:30,25353.183578944005,25371.991361111355,25342.943270028536,25361.691328247747,2801
2024-01-09 11:34:00+05:30,25361.691328247747,25371.639495927713,25350.029541567445,25356.109493574408,1828
2024-01-09 11:35:00+05:30,25356.109493574408,25369.055583988382,25346.621425835874,25364.913227544628,1216
2024-01-09 11:36:00+05:30,25364.913227544628,25380.976990145253,25360.478549558942,25373.582761848378,1528
2024-01-09 11:37:00+05:30,25373.582761848378,25378.214012245775,25365.680900804247,25375.609754465484,2399
2024-01-09 11:38:00+05:30,25375.609754465484,25400.367231417542,25369.837511825695,25390.312779678752,1817
2024-01-09 11:39:00+05:30,25390.312779678752,25399.42851994863,25386.393173185712,25393.915535347314,2597
2024-01-09 11:40:00+05:30,25393.915535347314,25404.22091405746,25369.026830284576,25377.709110201322,3943
2024-01-09 11:41:00+05:30,25377.709110201322,25389.526302926457,25368.20251905045,25381.353632134455,1276
2024-01-09 11:42:00+05:30,25381.353632134455,25403.38977162718,25373.3519699549,25395.742976736346,2431
2024-01-09 11:43:00+05:30,25395.742976736346,25400.48798273514,25385.547143428223,25392.188315430212,1871
2024-01-09 11:44:00+05:30,25392.188315430212,25408.787492746134,25382.784813830087,25398.934360866544,848
2024-01-09 11:45:00+05:30,25398.934360866544,25403.065046133688,25392.021650874794,25395.134377186518,2333
2024-01-09 11:46:00+05:30,25395.134377186518,25399.50417440455,25392.84464321688,25396.17170840397,3916
2024-01-09 11:47:00+05:30,25396.17170840397,25401.342038237613,25372.402152052444,25376.56794087223,1506
2024-01-09 11:48:00+05:30,25376.56794087223,25385.30625540651,25354.465774020893,25363.817054167364,1229
2024-01-09 11:49:00+05:30,25363.817054167364,25373.051949094905,25355.12441060707,25362.566292393705,1591
2024-01-09 11:50:00+05:30,25362.566292393705,25365.38318666344,25354.10602979198,25359.174662217105,3907
2024-01-09 11:51:00+05:30,25359.174662217105,25370.377842492046,25337.141093294835,25345.946031158062,2079
2024-01-09 11:52:00+05:30,25345.946031158062,25356.31788653067,25340.448104709783,25352.306206871857,3560
2024-01-09 11:53:00+05:30,25352.306206871857,25366.78067313635,25346.833887555305,25355.95751563403,1226
2024-01-09 11:54:00+05:30,25355.95751563403,25363.48989351348,25340.409994298287,25350.202490289805,3511
2024-01-09 11:55:00+05:30,25350.202490289805,25362.028805928752,25323.599022867525,25335.370475040905,1792
2024-01-09 11:56:00+05:30,25335.370475040905,25343.556194772427,25323.476591774353,25340.690721400155,2842
2024-01-09 11:57:00+05:30,25340.690721400155,25348.56425928064,25333.02898348559,25337.828156301526,2076
2024-01-09 11:58:00+05:30,25337.828156301526,25351.082484183244,25329.84201624979,25344.27191673419,1433
2024-01-09 11:59:00+05:30,25344.27191673419,25357.67137934682,25340.029525453683,25353.767920266753,1613
2024-01-09 12:00:00+05:30,25353.767920266753,25363.257651565855,25348.102593334766,25351.94334856983,3680
2024-01-09 12:01:00+05:30,25351.94334856983,25358.64565318629,25346.727317298908,25350.975642576548,1510
2024-01-09 12:02:00+05:30,25350.975642576548,25368.17187888965,25341.644447071165,25357.535662956154,1852
2024-01-09 12:03:00+05:30,25357.535662956154,25367.910440660282,25346.650146373937,25356.28691454785,2147
2024-01-09 12:04:00+05:30,25356.28691454785,25360.626108303502,25335.46354169183,25341.87254844667,1679
2024-01-09 12:05:00+05:30,25341.87254844667,25352.425337819062,25336.768147252224,25347.134614337796,2930
2024-01-09 12:06:00+05:30,25347.134614337796,25354.70399370705,25342.115628964202,25350.132997348548,1842
2024-01-09 12:07:00+05:30,25350.132997348548,25359.573979222,25340.96189160081,25346.302779959336,986
2024-01-09 12:08:00+05:30,25346.302779959336,25361.11767516586,25336.179175704332,25350.790848386776,1677
2024-01-09 12:09:00+05:30,25350.790848386776,25360.75899009628,25342.365465656352,25348.354519778863,1855
2024-01-09 12:10:00+05:30,25348.354519778863,25350.36605105135,25341.38985209264,25345.671331368718,3689
2024-01-09 12:11:00+05:30,25345.671331368718,25360.20442304589,25335.256849373192,25352.154205347713,1707
2024-01-09 12:12:00+05:30,25352.154205347713,25354.490960962117,25338.42953728444,25342.00583815848,1746
2024-01-09 12:13:00+05:30,25342.00583815848,25353.90032383777,25318.58695284526,25329.98031430305,2679
2024-01-09 12:14:00+05:30,25329.98031430305,25340.912703120226,25323.116734821753,25329.123614806766,3258
2024-01-09 12:15:00+05:30,25329.123614806766,25334.743481454978,25309.425048587862,25319.335447947644,1106
2024-01-09 12:16:00+05:30,25319.335447947644,25331.703038803535,25312.208152653428,25326.211017477963,1334
2024-01-09 12:17:00+05:30,25326.211017477963,25329.314528733405,25311.816787337208,25320.799817851723,1187
2024-01-09 12:18:00+05:30,25320.799817851723,25328.298930791596,25299.2355486913,25307.820644773798,3919
2024-01-09 12:19:00+05:30,25307.820644773798,25316.304146363713,25297.154517780444,25304.985518756675,3813
2024-01-09 12:20:00+05:30,25304.985518756675,25314.27885053766,25276.852933874576,25288.181716948176,1953
2024-01-09 12:21:00+05:30,25288.181716948176,25302.283529989505,25280.60931440191,25298.860684753683,2553
2024-01-09 12:22:00+05:30,25298.860684753683,25306.352602666277,25291.379564767638,25298.869070354605,2156
2024-01-09 12:23:00+05:30,25298.869070354605,25313.314717020246,25289.110643675434,25304.30489600621,2705
2024-01-09 12:24:00+05:30,25304.30489600621,25318.67891566464,25297.685355099275,25308.49886351902,1540
2024-01-09 12:25:00+05:30,25308.49886351902,25312.445249646014,25302.794796185488,25310.264910635142,1315
2024-01-09 12:26:00+05:30,25310.264910635142,25317.119474658786,25294.057644952332,25302.534484497683,2642
2024-01-09 12:27:00+05:30,25302.534484497683,25313.76907286393,25296.13926265212,25308.76881559693,852
2024-01-09 12:28:00+05:30,25308.76881559693,25316.23445798013,25302.609716919815,25306.465225291984,969
2024-01-09 12:29:00+05:30,25306.465225291984,25313.862214136137,25293.03054528152,25300.85536714762,1069
2024-01-09 12:30:00+05:30,25300.85536714762,25306.80373053387,25280.029142530784,25285.521249013254,3751
2024-01-09 12:31:00+05:30,25285.521249013254,25307.128438647618,25278.40791280893,25295.53655124378,939
2024-01-09 12:32:00+05:30,25295.53655124378,25303.842784401,25283.59021875098,25293.96443867367,993
2024-01-09 12:33:00+05:30,25293.96443867367,25299.138253868165,25279.35311825934,25291.044215117636,1963
2024-01-09 12:34:00+05:30,25291.044215117636,25302.460860504405,25264.761086214894,25276.71182200104,848
2024-01-09 12:35:00+05:30,25276.71182200104,25289.507798341958,25273.835867912945,25284.077147167474,1575
2024-01-09 12:36:00+05:30,25284.077147167474,25293.90592445391,25272.365661780317,25283.45853877322,2696
2024-01-09 12:37:00+05:30,25283.45853877322,25300.87075670616,25271.769231685517,25291.394061365412,3872
2024-01-09 12:38:00+05:30,25291.394061365412,25294.767253474052,25285.139566311016,25291.34589205725,3846
2024-01-09 12:39:00+05:30,25291.34589205725,25296.830129653976,25279.298009493763,25285.08911224034,933
2024-01-09 12:40:00+05:30,25285.08911224034,25294.022293401173,25278.464846710267,25289.65955710912,3691
2024-01-09 12:41:00+05:30,25289.65955710912,25301.195193108968,25274.91020377596,25277.914639199065,804
2024-01-09 12:42:00+05:30,25277.914639199065,25284.250993780464,25257.46265072041,25266.30274101057,2690
2024-01-09 12:43:00+05:30,25266.30274101057,25277.119037951994,25261.581899970344,25266.012269880626,1067
2024-01-09 12:44:00+05:30,25266.012269880626,25280.057308543543,25261.953946346446,25271.91816870903,3559
2024-01-09 12:45:00+05:30,25271.91816870903,25290.32066938009,25265.29795391891,25280.648604424678,825
2024-01-09 12:46:00+05:30,25280.648604424678,25284.962392378562,25269.862598915846,25280.177055798544,3593
2024-01-09 12:47:00+05:30,25280.177055798544,25285.966473075066,25276.796436711324,25279.509989360737,2359
2024-01-09 12:48:00+05:30,25279.509989360737,25291.523669028673,25271.97729988996,25281.297509602435,1193
2024-01-09 12:49:00+05:30,25281.297509602435,25290.36974742417,25268.68927955222,25279.95042482447,2086
2024-01-09 12:50:00+05:30,25279.95042482447,25291.20076782765,25265.65903973675,25276.34995809182,1625
2024-01-09 12:51:00+05:30,25276.34995809182,25290.15622340102,25272.885214088437,25280.38030004393,1778
2024-01-09 12:52:00+05:30,25280.38030004393,25289.085578656417,25272.02473125939,25276.76148032957,938
2024-01-09 12:53:00+05:30,25276.76148032957,25285.495423816523,25272.986624751615,25275.338859897096,3879
2024-01-09 12:54:00+05:30,25275.338859897096,25289.423103388486,25265.529878905316,25284.679980216057,2777
2024-01-09 12:55:00+05:30,25284.679980216057,25290.00763932186,25282.03959293498,25286.590560730907,3189
2024-01-09 12:56:00+05:30,25286.590560730907,25294.501704744398,25274.785521085894,25282.86797981843,2119
2024-01-09 12:57:00+05:30,25282.86797981843,25296.31849570938,25272.49137029915,25288.39998809398,1410
2024-01-09 12:58:00+05:30,25288.39998809398,25299.071000604523,25278.71269933323,25287.549400877215,2577
2024-01-09 12:59:00+05:30,25287.549400877215,25297.45467118935,25277.108169142964,25292.927534877843,1102
2024-01-09 13:00:00+05:30,25292.927534877843,25297.393608582508,25278.514548241543,25286.598306934688,2795
2024-01-09 13:01:00+05:30,25286.598306934688,25297.8446340566,25278.47215709415,25280.939059653665,3632
2024-01-09 13:02:00+05:30,25280.939059653665,25287.75576716633,25266.553828315235,25270.29978658176,1821
2024-01-09 13:03:00+05:30,25270.29978658176,25285.903799089047,25259.41959533141,25279.053648402158,3524
2024-01-09 13:04:00+05:30,25279.053648402158,25298.42241315909,25275.706273910168,25289.93023329184,1136
2024-01-09 13:05:00+05:30,25289.93023329184,25301.268621462757,25284.41830227727,25299.182075016324,1042
2024-01-09 13:06:00+05:30,25299.182075016324,25305.93548118509,25293.03491553824,25302.08804053613,1323
2024-01-09 13:07:00+05:30,25302.08804053613,25314.933082510248,25292.762069268665,25303.80357522117,3488
2024-01-09 13:08:00+05:30,25303.80357522117,25307.07815558776,25290.256516165835,25302.216648406913,2546
2024-01-09 13:09:00+05:30,25302.216648406913,25318.11752663489,25292.472979994982,25306.849444354855,2747
2024-01-09 13:10:00+05:30,25306.849444354855,25318.072663974388,25302.296979104416,25305.63587968205,1165
2024-01-09 13:11:00+05:30,25305.63587968205,25308.246714713616,25295.49547005036,25298.13369633551,3294
2024-01-09 13:12:00+05:30,25298.13369633551,25313.071375695734,25291.302743958393,25305.884957409417,3043
2024-01-09 13:13:00+05:30,25305.884957409417,25317.873635637858,25302.459612358572,25312.870541929027,3122
2024-01-09 13:14:00+05:30,25312.870541929027,25325.71113584387,25306.935311801266,25317.037192916898,3993
2024-01-09 13:15:00+05:30,25317.037192916898,25328.36595269518,25308.52280396477,25316.71118631808,1821
2024-01-09 13:16:00+05:30,25316.71118631808,25321.783407391646,25307.0204759801,25313.989914905567,974
2024-01-09 13:17:00+05:30,25313.989914905567,25318.255911490825,25308.479476111515,25314.868464874697,3541
2024-01-09 13:18:00+05:30,25314.868464874697,25327.96604433367,25308.791181164874,25316.618039617417,1170
2024-01-09 13:19:00+05:30,25316.618039617417,25326.350554727294,25295.949830229943,25307.94706727115,936
2024-01-09 13:20:00+05:30,25307.94706727115,25313.623465108718,25294.896586362993,25304.66412603482,3292
2024-01-09 13:21:00+05:30,25304.66412603482,25315.168099884617,25293.583660580378,25296.818616218992,3793
2024-01-09 13:22:00+05:30,25296.818616218992,25312.626803675594,25290.0597593506,25305.375768825164,3583
2024-01-09 13:23:00+05:30,25305.375768825164,25308.416850938607,25286.09859303309,25295.30471090388,967
2024-01-09 13:24:00+05:30,25295.30471090388,25301.070420757067,25274.625741424425,25286.317687894316,3578
2024-01-09 13:25:00+05:30,25286.317687894316,25295.72417031305,25274.718662816114,25279.769168260143,2927
2024-01-09 13:26:00+05:30,25279.769168260143,25286.22974981762,25269.665236332443,25281.093987374465,3287
2024-01-09 13:27:00+05:30,25281.093987374465,25289.556698709803,25264.7158353843,25274.199392670187,2302
2024-01-09 13:28:00+05:30,25274.199392670187,25291.292925979033,25271.0732919747,25287.542294984898,1332
2024-01-09 13:29:00+05:30,25287.542294984898,25302.982321689804,25285.169462420745,25293.168093527067,2835
2024-01-09 13:30:00+05:30,25293.168093527067,25297.21957142019,25272.43784989474,25275.172992427935,2204
2024-01-09 13:31:00+05:30,25275.172992427935,25282.299686870796,25272.180589471027,25276.94788101092,3777
2024-01-09 13:32:00+05:30,25276.94788101092,25289.380804933935,25268.00430994777,25279.652029652432,3931
2024-01-09 13:33:00+05:30,25279.652029652432,25283.615218192073,25267.797997062466,25270.186043114543,3123
2024-01-09 13:34:00+05:30,25270.186043114543,25276.72527719078,25259.929288390573,25269.570666312167,1920
2024-01-09 13:35:00+05:30,25269.570666312167,25280.372671937304,25261.74971369036,25270.269738654406,2391
2024-01-09 13:36:00+05:30,25270.269738654406,25278.670281493465,25254.235130418027,25265.497053968833,3087
2024-01-09 13:37:00+05:30,25265.497053968833,25268.29268128007,25259.820957328848,25264.778892060305,2999
2024-01-09 13:38:00+05:30,25264.778892060305,25270.378644838347,25253.959735537268,25267.36038406815,2035
2024-01-09 13:39:00+05:30,25267.36038406815,25277.082877762696,25252.18428594507,25263.521919885257,1978
2024-01-09 13:40:00+05:30,25263.521919885257,25266.05853187237,25256.16342558644,25263.080398037102,2447
2024-01-09 13:41:00+05:30,25263.080398037102,25266.645520621543,25248.159921548748,25254.05211191481,1256
2024-01-09 13:42:00+05:30,25254.05211191481,25261.42770845844,25246.716058708877,25258.80941820811,2473
2024-01-09 13:43:00+05:30,25258.80941820811,25262.73461301165,25243.856209205784,25254.033970101184,1235
2024-01-09 13:44:00+05:30,25254.033970101184,25271.41395917493,25243.280559705905,25263.218470427295,1363
2024-01-09 13:45:00+05:30,25263.218470427295,25283.815513161404,25254.87035504529,25278.781543417164,1657
2024-01-09 13:46:00+05:30,25278.781543417164,25293.69503849384,25274.771993437156,25291.439084657814,3828
2024-01-09 13:47:00+05:30,25291.439084657814,25299.965452953453,25285.76846959105,25287.959267487317,3684
2024-01-09 13:48:00+05:30,25287.959267487317,25299.0647292281,25277.715910084527,25291.218566713975,3612
2024-01-09 13:49:00+05:30,25291.218566713975,25298.668355332084,25279.378781593517,25289.26899331541,2192
2024-01-09 13:50:00+05:30,25289.26899331541,25300.76179098176,25283.89334855462,25292.75073246518,3134
2024-01-09 13:51:00+05:30,25292.75073246518,25301.098672160977,25281.651849935166,25286.50476937084,3005
2024-01-09 13:52:00+05:30,25286.50476937084,25290.44632665967,25268.314691802003,25278.863504907258,1615
2024-01-09 13:53:00+05:30,25278.863504907258,25281.00713687865,25272.743117066802,25278.47148037292,1881
2024-01-09 13:54:00+05:30,25278.47148037292,25284.41159120101,25268.873034254117,25272.419279435537,3506
2024-01-09 13:55:00+05:30,25272.419279435537,25283.82079249956,25263.902543801596,25281.656408679435,3450
2024-01-09 13:56:00+05:30,25281.656408679435,25293.278695334422,25269.745504628787,25287.109774405635,1945
2024-01-09 13:57:00+05:30,25287.109774405635,25299.900865873664,25278.932643706736,25289.631848791578,2821
2024-01-09 13:58:00+05:30,25289.631848791578,25292.71465394336,25285.825471485678,25288.51157939613,869
2024-01-09 13:59:00+05:30,25288.51157939613,25297.349235411242,25283.18399045836,25287.222452921473,1600
2024-01-09 14:00:00+05:30,25287.222452921473,25302.62034097308,25281.99806587903,25294.53015874581,3739
2024-01-09 14:01:00+05:30,25294.53015874581,25305.562612299815,25282.692528101812,25295.093485728965,969
2024-01-09 14:02:00+05:30,25295.093485728965,25302.450609326857,25291.048325534073,25295.196873882975,3527
2024-01-09 14:03:00+05:30,25295.196873882975,25318.160648984747,25290.18187195921,25309.307274773688,3279
2024-01-09 14:04:00+05:30,25309.307274773688,25320.035880705436,25306.83264390617,25310.400898910997,3079
2024-01-09 14:05:00+05:30,25310.400898910997,25318.52502020196,25303.39059445095,25308.466622636148,1371
2024-01-09 14:06:00+05:30,25308.466622636148,25312.540002742193,25296.260159657453,25306.781132882392,1442
2024-01-09 14:07:00+05:30,25306.781132882392,25327.737373363816,25301.785009400424,25316.422583364638,3237
2024-01-09 14:08:00+05:30,25316.422583364638,25323.183144286275,25303.28931958156,25312.718491624404,803
2024-01-09 14:09:00+05:30,25312.718491624404,25316.909844796457,25297.220653019558,25309.153364393038,1254
2024-01-09 14:10:00+05:30,25309.153364393038,25327.92228808967,25305.863782675373,25317.445541239253,1843
2024-01-09 14:11:00+05:30,25317.445541239253,25334.53980908907,25312.85373525896,25326.255794929562,3387
2024-01-09 14:12:00+05:30,25326.255794929562,25342.666557934943,25320.50357556836,25336.9252140142,3702
2024-01-09 14:13:00+05:30,25336.9252140142,25346.322336346537,25328.337671765414,25330.519366763296,3030
2024-01-09 14:14:00+05:30,25330.519366763296,25340.578598321492,25328.180761906482,25333.881527367772,2337
2024-01-09 14:15:00+05:30,25333.881527367772,25342.45399394395,25318.469620455115,25329.66135644404,1378
2024-01-09 14:16:00+05:30,25329.66135644404,25343.614337145227,25317.79011576065,25332.864040496042,2152
2024-01-09 14:17:00+05:30,25332.864040496042,25335.05629370688,25314.574890850963,25321.024252264746,2235
2024-01-09 14:18:00+05:30,25321.024252264746,25330.54696140125,25308.427495620334,25319.58856756953,3353
2024-01-09 14:19:00+05:30,25319.58856756953,25338.98314005907,25315.45439751153,25327.793632311717,2898
2024-01-09 14:20:00+05:30,25327.793632311717,25339.669997340632,25321.782789121527,25329.401618316835,2668
2024-01-09 14:21:00+05:30,25329.401618316835,25341.38443744501,25302.511025088595,25311.304605471367,1380
2024-01-09 14:22:00+05:30,25311.304605471367,25325.160504550673,25306.376739537467,25318.897498859365,1646
2024-01-09 14:23:00+05:30,25318.897498859365,25326.11844909187,25310.241522198285,25321.724057801388,1434
2024-01-09 14:24:00+05:30,25321.724057801388,25327.305865096667,25311.725870049988,25319.75345185668,3055
2024-01-09 14:25:00+05:30,25319.75345185668,25322.15760166532,25308.07136552742,25319.812860044716,1377
2024-01-09 14:26:00+05:30,25319.812860044716,25328.316576223668,25307.290681624225,25317.468159871703,2101
2024-01-09 14:27:00+05:30,25317.468159871703,25329.557633322765,25312.066123757428,25326.24415315696,1010
2024-01-09 14:28:00+05:30,25326.24415315696,25336.867308196026,25318.312242403095,25326.08205926097,2148
2024-01-09 14:29:00+05:30,25326.08205926097,25338.018355905995,25307.244812181063,25314.105119488926,3855
2024-01-09 14:30:00+05:30,25314.105119488926,25320.36661763154,25300.601144495613,25307.76904596048,2776
2024-01-09 14:31:00+05:30,25307.76904596048,25329.662721763278,25300.35273095658,25320.168797279388,1501
2024-01-09 14:32:00+05:30,25320.168797279388,25333.58869713388,25313.55817419378,25328.765318214562,1178
2024-01-09 14:33:00+05:30,25328.765318214562,25346.823730014676,25326.420364742684,25334.90076370529,2555
2024-01-09 14:34:00+05:30,25334.90076370529,25346.111803608863,25325.59439590066,25329.059900877903,2300
2024-01-09 14:35:00+05:30,25329.059900877903,25341.92540787208,25324.615018176926,25333.264008807448,1373
2024-01-09 14:36:00+05:30,25333.264008807448,25348.543027529908,25321.727678588566,25341.16444181288,846
2024-01-09 14:37:00+05:30,25341.16444181288,25344.249472121788,25329.89673948285,25342.052688822572,1669
2024-01-09 14:38:00+05:30,25342.052688822572,25359.452134751056,25333.36259485701,25347.708019870304,1306
2024-01-09 14:39:00+05:30,25347.708019870304,25358.481533221096,25336.666986427572,25356.43676513613,3641
2024-01-09 14:40:00+05:30,25356.43676513613,25375.662162018052,25346.591299648724,25364.42418767388,3217
2024-01-09 14:41:00+05:30,25364.42418767388,25374.83428590805,25356.206389083356,25368.03448837793,1405
2024-01-09 14:42:00+05:30,25368.03448837793,25383.65630709061,25363.34802338603,25371.733468748487,1682
2024-01-09 14:43:00+05:30,25371.733468748487,25377.661517227993,25358.74461796654,25362.620372653277,1030
2024-01-09 14:44:00+05:30,25362.620372653277,25368.034239975274,25358.287392621154,25360.60344580136,3600
2024-01-09 14:45:00+05:30,25360.60344580136,25375.457562535572,25349.23874637506,25367.090235658972,3487
2024-01-09 14:46:00+05:30,25367.090235658972,25389.511531853863,25361.824388133515,25380.157863306973,1141
2024-01-09 14:47:00+05:30,25380.157863306973,25389.563915494906,25368.3452328503,25381.743026249944,2430
2024-01-09 14:48:00+05:30,25381.743026249944,25392.438586716646,25379.440653719907,25390.146343021675,3986
2024-01-09 14:49:00+05:30,25390.146343021675,25394.19762527333,25382.87727610437,25390.460659343065,2228
2024-01-09 14:50:00+05:30,25390.460659343065,25396.52844068163,25371.914683698826,25383.39626017152,2248
2024-01-09 14:51:00+05:30,25383.39626017152,25392.16063178326,25380.889102175057,25386.896189222614,3801
2024-01-09 14:52:00+05:30,25386.896189222614,25399.087996359798,25374.89665776003,25390.589202411797,3705
2024-01-09 14:53:00+05:30,25390.589202411797,25402.20306553187,25374.478630754,25384.10116394574,1954
2024-01-09 14:54:00+05:30,25384.10116394574,25392.363019229928,25372.973259325165,25377.82353512231,1576
2024-01-09 14:55:00+05:30,25377.82353512231,25386.21445440845,25366.060429002708,25378.425213162132,3292
2024-01-09 14:56:00+05:30,25378.425213162132,25381.033550707507,25364.82478783913,25374.824303422483,2514
2024-01-09 14:57:00+05:30,25374.824303422483,25383.833335739895,25370.032200795184,25378.861358693157,2086
2024-01-09 14:58:00+05:30,25378.861358693157,25388.922011983257,25357.642613889297,25368.870680225882,1383
2024-01-09 14:59:00+05:30,25368.870680225882,25385.494282284333,25364.447853096066,25375.2727803187,2178
2024-01-09 15:00:00+05:30,25375.2727803187,25378.908916705113,25360.230603506654,25370.87648497972,1318
2024-01-09 15:01:00+05:30,25370.87648497972,25382.75162730621,25360.453360217976,25373.78862126799,3153
2024-01-09 15:02:00+05:30,25373.78862126799,25384.33255072068,25353.586452735526,25362.287656033466,3327
2024-01-09 15:03:00+05:30,25362.287656033466,25380.86847156432,25355.02206133187,25369.589577262184,2071
2024-01-09 15:04:00+05:30,25369.589577262184,25377.998185573502,25364.47952234864,25371.361728202108,2374
2024-01-09 15:05:00+05:30,25371.361728202108,25393.48390751554,25367.701973354186,25387.516073031376,884
2024-01-09 15:06:00+05:30,25387.516073031376,25390.215850385626,25368.98153587525,25375.25718093534,1279
2024-01-09 15:07:00+05:30,25375.25718093534,25380.127289709708,25358.276714073403,25361.72614241379,1643
2024-01-09 15:08:00+05:30,25361.72614241379,25370.304312639517,25354.3984359232,25367.396351715473,1407
2024-01-09 15:09:00+05:30,25367.396351715473,25381.768396799383,25359.469817652698,25374.387527826275,3577
2024-01-09 15:10:00+05:30,25374.387527826275,25378.568661906105,25351.81638633584,25361.192245997612,3685
2024-01-09 15:11:00+05:30,25361.192245997612,25376.28663927047,25355.3622345859,25365.45843258919,1839
2024-01-09 15:12:00+05:30,25365.45843258919,25376.496204712577,25359.119867996033,25372.75949384474,942
2024-01-09 15:13:00+05:30,25372.75949384474,25386.174122029486,25363.407618855304,25383.630333269473,2741
2024-01-09 15:14:00+05:30,25383.630333269473,25395.947343455493,25377.929279785632,25384.89027257543,1699
2024-01-09 15:15:00+05:30,25384.89027257543,25392.967210448143,25370.53387616897,25373.518291022112,2740
2024-01-09 15:16:00+05:30,25373.518291022112,25381.560565380158,25348.318660121142,25359.174560343665,1882
2024-01-09 15:17:00+05:30,25359.174560343665,25383.749739931525,25355.63477083993,25375.237047645638,3352
2024-01-09 15:18:00+05:30,25375.237047645638,25381.138894914882,25372.66222447929,25378.586647047112,941
2024-01-09 15:19:00+05:30,25378.586647047112,25389.00044036981,25374.18679755915,25386.280664795402,2011
2024-01-09 15:20:00+05:30,25386.280664795402,25391.470783225846,25373.660249792516,25384.127699319102,3496
2024-01-09 15:21:00+05:30,25384.127699319102,25390.50859699095,25373.096094361637,25382.655533541558,2940
2024-01-09 15:22:00+05:30,25382.655533541558,25389.689626426094,25378.214413036087,25381.357156042093,1355
2024-01-09 15:23:00+05:30,25381.357156042093,25390.65793835572,25366.120058471297,25374.569885636043,1975
2024-01-09 15:24:00+05:30,25374.569885636043,25382.472568894107,25361.942556291608,25372.64864197393,1974
2024-01-09 15:25:00+05:30,25372.64864197393,25379.497297003458,25353.1601038992,25364.521281999558,1624
2024-01-09 15:26:00+05:30,25364.521281999558,25374.393609332245,25354.268459202463,25361.657008383478,2677
2024-01-09 15:27:00+05:30,25361.657008383478,25377.84123177689,25350.975886326865,25370.323393607647,1036
2024-01-09 15:28:00+05:30,25370.323393607647,25373.350816416678,25364.738648902952,25370.782015994515,993
2024-01-09 15:29:00+05:30,25370.782015994515,25377.816125236677,25363.66723253003,25365.953472511348,3409
2024-01-09 15:30:00+05:30,25365.953472511348,25384.909721484462,25362.398881180776,25379.26564601053,3182
2024-01-10 09:15:00+05:30,25391.313219692478,25392.313219692478,25376.788344619836,25377.788344619836,1052
2024-01-10 09:16:00+05:30,25377.788344619836,25381.589453255507,25364.73019916218,25375.430732943823,1468
2024-01-10 09:17:00+05:30,25375.430732943823,25381.428860165186,25369.60101575359,25375.28435554839,1789
2024-01-10 09:18:00+05:30,25375.28435554839,25392.717399958434,25365.564155634445,25382.00431969191,3552
2024-01-10 09:19:00+05:30,25382.00431969191,25388.03451717998,25367.015503079583,25376.36586030136,2781
2024-01-10 09:20:00+05:30,25376.36586030136,25387.091751147484,25352.782201678787,25362.532259369476,2403
2024-01-10 09:21:00+05:30,25362.532259369476,25372.827048019557,25354.524276389384,25365.151163642473,1070
2024-01-10 09:22:00+05:30,25365.151163642473,25386.78352819838,25357.36644915965,25378.929126616764,3267
2024-01-10 09:23:00+05:30,25378.929126616764,25396.52146374872,25368.47766743915,25386.395593010286,3247
2024-01-10 09:24:00+05:30,25386.395593010286,25396.17046374255,25370.391391035755,25376.814685044992,3713
2024-01-10 09:25:00+05:30,25376.814685044992,25383.029208623695,25370.885150130052,25379.739791251857,3782
2024-01-10 09:26:00+05:30,25379.739791251857,25395.178862241486,25376.03138805189,25387.68735292812,2679
2024-01-10 09:27:00+05:30,25387.68735292812,25405.344142623067,25384.620561735665,25393.991468101452,3290
2024-01-10 09:28:00+05:30,25393.991468101452,25412.320751324372,25384.358891020405,25407.32992833147,2673
2024-01-10 09:29:00+05:30,25407.32992833147,25416.807476990605,25398.687861884995,25413.284079180437,813
2024-01-10 09:30:00+05:30,25413.284079180437,25424.54606282567,25387.96457682222,25391.62824473854,2077
2024-01-10 09:31:00+05:30,25391.62824473854,25404.058055641282,25386.640465231445,25395.498559973767,3394
2024-01-10 09:32:00+05:30,25395.498559973767,25405.330729841768,25380.692369019318,25389.155692348475,1254
2024-01-10 09:33:00+05:30,25389.155692348475,25397.53193047064,25376.29985665754,25381.64132356243,3756
2024-01-10 09:34:00+05:30,25381.64132356243,25384.75150900649,25361.6258223082,25368.12747454459,3405
2024-01-10 09:35:00+05:30,25368.12747454459,25379.19118927825,25351.326498904833,25357.900210983506,3913
2024-01-10 09:36:00+05:30,25357.900210983506,25362.097258456386,25348.323692323087,25354.588873807897,2090
2024-01-10 09:37:00+05:30,25354.588873807897,25372.83021526702,25350.49818135077,25362.401482049863,890
2024-01-10 09:38:00+05:30,25362.401482049863,25377.5573522247,25356.92859576043,25370.576922929133,1922
2024-01-10 09:39:00+05:30,25370.576922929133,25380.807271279966,25360.87826260058,25375.120078947046,1343
2024-01-10 09:40:00+05:30,25375.120078947046,25388.294615510466,25365.51494118411,25384.02840479849,1176
2024-01-10 09:41:00+05:30,25384.02840479849,25395.08445008673,25369.445347414276,25380.50705624047,2179
2024-01-10 09:42:00+05:30,25380.50705624047,25390.883089900315,25364.577992921706,25373.616376396672,2973
2024-01-10 09:43:00+05:30,25373.616376396672,25391.104611623137,25362.6012573355,25387.642070704624,1807
2024-01-10 09:44:00+05:30,25387.642070704624,25402.431150025484,25376.48838842081,25390.681833435512,1553
2024-01-10 09:45:00+05:30,25390.681833435512,25394.63293882589,25376.182271563997,25387.506288487864,1436
2024-01-10 09:46:00+05:30,25387.506288487864,25404.387003645228,25380.492871249575,25392.720138960238,1235
2024-01-10 09:47:00+05:30,25392.720138960238,25400.93062486457,25376.296771338406,25386.55749644561,2987
2024-01-10 09:48:00+05:30,25386.55749644561,25405.232341885814,25377.96991057144,25398.094022374193,1133
2024-01-10 09:49:00+05:30,25398.094022374193,25407.480511274327,25381.517024009154,25387.653161042916,1607
2024-01-10 09:50:00+05:30,25387.653161042916,25398.055437673145,25377.884238014656,25383.06536883491,3267
2024-01-10 09:51:00+05:30,25383.06536883491,25389.195431122098,25374.63368311106,25381.17693751373,2246
2024-01-10 09:52:00+05:30,25381.17693751373,25391.748360651884,25370.41001724979,25379.195777354988,1370
2024-01-10 09:53:00+05:30,25379.195777354988,25389.999430030904,25359.497727272308,25369.183812772426,3066
2024-01-10 09:54:00+05:30,25369.183812772426,25381.503960222784,25364.26989371296,25375.265129019488,1643
2024-01-10 09:55:00+05:30,25375.265129019488,25388.93075672596,25371.34045746945,25379.543927158382,3307
2024-01-10 09:56:00+05:30,25379.543927158382,25387.834070715333,25373.47005556803,25379.527373100875,2765
2024-01-10 09:57:00+05:30,25379.527373100875,25391.28802341081,25373.760316784475,25383.483872935976,3867
2024-01-10 09:58:00+05:30,25383.483872935976,25391.31847194321,25373.71189440007,25379.511436916353,1673
2024-01-10 09:59:00+05:30,25379.511436916353,25390.04735878786,25368.74649954076,25386.457624040155,1038
2024-01-10 10:00:00+05:30,25386.457624040155,25396.99524081168,25371.009681653963,25381.66485663243,849
2024-01-10 10:01:00+05:30,25381.66485663243,25390.260491180674,25370.722634625847,25373.1004093129,1761
2024-01-10 10:02:00+05:30,25373.1004093129,25376.099907090564,25365.76795352931,25371.326157276973,1879
2024-01-10 10:03:00+05:30,25371.326157276973,25378.65714967899,25364.679870023778,25369.41135308055,3560
2024-01-10 10:04:00+05:30,25369.41135308055,25375.893897170976,25358.1866516589,25371.69170828527,901
2024-01-10 10:05:00+05:30,25371.69170828527,25383.01463199256,25359.731251891557,25376.44857484684,1351
2024-01-10 10:06:00+05:30,25376.44857484684,25398.633673248998,25368.74308643467,25388.97201080272,2259
2024-01-10 10:07:00+05:30,25388.97201080272,25391.410436459188,25375.244559593775,25378.458141231597,3344
2024-01-10 10:08:00+05:30,25378.458141231597,25387.88727640776,25363.315988629245,25365.945732128417,3823
2024-01-10 10:09:00+05:30,25365.945732128417,25373.818336074237,25359.098550956733,25367.75490148013,1827
2024-01-10 10:10:00+05:30,25367.75490148013,25380.36094434284,25359.79670214304,25377.392799702324,2853
2024-01-10 10:11:00+05:30,25377.392799702324,25387.972438116496,25374.544655438902,25384.945920684662,3656
2024-01-10 10:12:00+05:30,25384.945920684662,25396.663085309563,25375.302294784917,25383.88069404299,2238
2024-01-10 10:13:00+05:30,25383.88069404299,25390.06409231563,25379.511832581862,25381.82921298989,2267
2024-01-10 10:14:00+05:30,25381.82921298989,25386.53912101981,25369.429908322854,25379.398417391956,2389
2024-01-10 10:15:00+05:30,25379.398417391956,25402.328815574827,25376.93832251985,25392.68090991637,3665
2024-01-10 10:16:00+05:30,25392.68090991637,25394.720733257564,25381.50600073637,25390.92835018228,2415
2024-01-10 10:17:00+05:30,25390.92835018228,25404.785820689653,25381.288531943013,25393.223736931614,3056
2024-01-10 10:18:00+05:30,25393.223736931614,25400.72010953186,25379.48563247525,25383.773337360744,3934
2024-01-10 10:19:00+05:30,25383.773337360744,25393.342262456797,25379.615661434513,25390.634764310755,1006
2024-01-10 10:20:00+05:30,25390.634764310755,25398.32373770257,25382.44743624907,25389.521789544942,1731
2024-01-10 10:21:00+05:30,25389.521789544942,25400.026303938786,25384.812311408507,25387.41932711636,1862
2024-01-10 10:22:00+05:30,25387.41932711636,25394.769890977128,25378.754597358566,25385.06413597125,1000
2024-01-10 10:23:00+05:30,25385.06413597125,25387.471681064973,25374.72372387591,25383.99044482322,1732
2024-01-10 10:24:00+05:30,25383.99044482322,25410.158309105936,25373.27242343182,25404.486018454478,852
2024-01-10 10:25:00+05:30,25404.486018454478,25412.593804869124,25398.40541181818,25409.07803505857,2409
2024-01-10 10:26:00+05:30,25409.07803505857,25416.13992815596,25405.55231746907,25414.053629208498,1248
2024-01-10 10:27:00+05:30,25414.053629208498,25423.103660403467,25404.946267381983,25408.262741184728,2489
2024-01-10 10:28:00+05:30,25408.262741184728,25417.284253554873,25393.370557325128,25397.525930402877,3794
2024-01-10 10:29:00+05:30,25397.525930402877,25400.520588334995,25376.820033215605,25381.20454053713,1664
2024-01-10 10:30:00+05:30,25381.20454053713,25387.237936851838,25364.987472620945,25376.7300814077,1716
2024-01-10 10:31:00+05:30,25376.7300814077,25387.159089596516,25364.870253391095,25377.991587067063,2655
2024-01-10 10:32:00+05:30,25377.991587067063,25383.669955232403,25371.052719649077,25379.72658311022,2148
2024-01-10 10:33:00+05:30,25379.72658311022,25387.12571631083,25357.749811926165,25368.690769244826,1211
2024-01-10 10:34:00+05:30,25368.690769244826,25376.976870324084,25357.278914288287,25373.616145551925,1013
2024-01-10 10:35:00+05:30,25373.616145551925,25376.394683239836,25365.389179838192,25369.366931716937,3666
2024-01-10 10:36:00+05:30,25369.366931716937,25387.175171730454,25365.19215639647,25377.93152255186,2030
2024-01-10 10:37:00+05:30,25377.93152255186,25383.125987038762,25365.85735463067,25375.999904158085,3107
2024-01-10 10:38:00+05:30,25375.999904158085,25384.949105925683,25371.437260791765,25376.356531837726,1077
2024-01-10 10:39:00+05:30,25376.356531837726,25384.64362959805,25365.81217592962,25370.838836000054,1672
2024-01-10 10:40:00+05:30,25370.838836000054,25381.29058806685,25359.245789945668,25365.677427062237,1959
2024-01-10 10:41:00+05:30,25365.677427062237,25369.058229211605,25360.37270195683,25365.991196560866,1300
2024-01-10 10:42:00+05:30,25365.991196560866,25377.216540272795,25361.357526816875,25370.384609476212,2910
2024-01-10 10:43:00+05:30,25370.384609476212,25378.424855552308,25367.93397945884,25375.88223531532,2962
2024-01-10 10:44:00+05:30,25375.88223531532,25385.812891398135,25362.459966164166,25370.585290431885,3679
2024-01-10 10:45:00+05:30,25370.585290431885,25377.26914270155,25353.000123145623,25361.246318845348,2314
2024-01-10 10:46:00+05:30,25361.246318845348,25373.434987528297,25354.802176903624,25364.502990646386,1533
2024-01-10 10:47:00+05:30,25364.502990646386,25385.070095595776,25357.797025579664,25374.26225806479,3324
2024-01-10 10:48:00+05:30,25374.26225806479,25382.871107178562,25365.010066701503,25370.611763687495,2938
2024-01-10 10:49:00+05:30,25370.611763687495,25374.238682600175,25356.440767895656,25367.45778563119,3771
2024-01-10 10:50:00+05:30,25367.45778563119,25372.757478893847,25360.485250254125,25364.177434411995,1078
2024-01-10 10:51:00+05:30,25364.177434411995,25376.8437279262,25360.851641584002,25366.787702718153,1139
2024-01-10 10:52:00+05:30,25366.787702718153,25379.488904672016,25355.329417175763,25374.088124070036,3400
2024-01-10 10:53:00+05:30,25374.088124070036,25382.203215279376,25362.349862996347,25367.099394210334,1528
2024-01-10 10:54:00+05:30,25367.099394210334,25377.119926995387,25361.888839638887,25370.46645661688,3689
2024-01-10 10:55:00+05:30,25370.46645661688,25390.134250178806,25364.608668323628,25381.389536939147,2328
2024-01-10 10:56:00+05:30,25381.389536939147,25395.91167022439,25372.036952849834,25385.99240253931,3061
2024-01-10 10:57:00+05:30,25385.99240253931,25394.52540965113,25370.93720563595,25380.317657583197,1897
2024-01-10 10:58:00+05:30,25380.317657583197,25390.945810254285,25358.607173134184,25369.50613606974,1751
2024-01-10 10:59:00+05:30,25369.50613606974,25373.838667798573,25365.48009682515,25369.925590749797,3972
2024-01-10 11:00:00+05:30,25369.925590749797,25390.371227962954,25359.806786700145,25380.266701777706,1930
2024-01-10 11:01:00+05:30,25380.266701777706,25390.409919504607,25377.918815058383,25386.447245580643,2089
2024-01-10 11:02:00+05:30,25386.447245580643,25405.608832007376,25374.945199152135,25397.477777496864,3385
2024-01-10 11:03:00+05:30,25397.477777496864,25407.981350778424,25384.860426345815,25394.918611471316,2864
2024-01-10 11:04:00+05:30,25394.918611471316,25404.476076078492,25384.06355023454,25395.592499249724,1124
2024-01-10 11:05:00+05:30,25395.592499249724,25398.0724460088,25383.9801220468,25389.727053063667,870
2024-01-10 11:06:00+05:30,25389.727053063667,25404.43785792219,25385.137095404392,25394.10142334168,3331
2024-01-10 11:07:00+05:30,25394.10142334168,25399.412786951973,25388.022122625207,25392.866683145123,3734
2024-01-10 11:08:00+05:30,25392.866683145123,25396.14700434869,25382.326752494602,25387.183185045287,1663
2024-01-10 11:09:00+05:30,25387.183185045287,25398.85689371031,25375.059401445604,25384.528979488623,1096
2024-01-10 11:10:00+05:30,25384.528979488623,25394.800073058563,25377.72362655323,25389.037477349477,2897
2024-01-10 11:11:00+05:30,25389.037477349477,25399.2891672968,25378.14538292626,25395.91939158518,3007
2024-01-10 11:12:00+05:30,25395.91939158518,25412.559773797682,25390.7803751549,25402.101887962122,2861
2024-01-10 11:13:00+05:30,25402.101887962122,25428.409629015023,25400.04282130966,25419.92399309043,1944
2024-01-10 11:14:00+05:30,25419.92399309043,25429.000220500035,25417.49319170939,25425.927914331896,2111
2024-01-10 11:15:00+05:30,25425.927914331896,25428.202563168696,25409.006546082004,25419.36440042843,1534
2024-01-10 11:16:00+05:30,25419.36440042843,25439.057822059665,25411.56290879312,25427.835815247552,1053
2024-01-10 11:17:00+05:30,25427.835815247552,25439.418283114952,25411.10558815998,25421.821813030365,3273
2024-01-10 11:18:00+05:30,25421.821813030365,25432.934265845375,25410.025554900967,25413.96318977667,882
2024-01-10 11:19:00+05:30,25413.96318977667,25429.973268901067,25408.33408143056,25419.774258542908,3622
2024-01-10 11:20:00+05:30,25419.774258542908,25422.317081303092,25406.30473570972,25415.78208895076,3844
2024-01-10 11:21:00+05:30,25415.78208895076,25427.43819637258,25408.676947628002,25416.25968401288,1864
2024-01-10 11:22:00+05:30,25416.25968401288,25421.397856091808,25404.03247300757,25412.899605364757,2368
2024-01-10 11:23:00+05:30,25412.899605364757,25418.7455698162,25401.583880112463,25411.9265988377,1852
2024-01-10 11:24:00+05:30,25411.9265988377,25415.779069616638,25395.393970683323,25399.372995018264,2451
2024-01-10 11:25:00+05:30,25399.372995018264,25411.349931250814,25396.377869258948,25406.57438501276,1380
2024-01-10 11:26:00+05:30,25406.57438501276,25418.529466046257,25396.12030278718,25416.22648777246,1439
2024-01-10 11:27:00+05:30,25416.22648777246,25427.704760865192,25408.575397853856,25414.90148317532,1880
2024-01-10 11:28:00+05:30,25414.90148317532,25427.448842825423,25405.231235837426,25424.755891566772,2310
2024-01-10 11:29:00+05:30,25424.755891566772,25443.658123529694,25412.838349541515,25431.723632570687,2344
2024-01-10 11:30:00+05:30,25431.723632570687,25443.774426026815,25428.561130065165,25441.233627176953,2460
2024-01-10 11:31:00+05:30,25441.233627176953,25457.291138788914,25436.520870614288,25452.871040751306,2302
2024-01-10 11:32:00+05:30,25452.871040751306,25455.723850300787,25432.327670042,25444.21763046602,1381
2024-01-10 11:33:00+05:30,25444.21763046602,25462.376450822216,25438.65723508266,25450.880642161595,1278
2024-01-10 11:34:00+05:30,25450.880642161595,25454.304756411966,25439.32250936516,25450.355187682813,904
2024-01-10 11:35:00+05:30,25450.355187682813,25465.888425044006,25442.18399988609,25456.619594085696,1288
2024-01-10 11:36:00+05:30,25456.619594085696,25466.34145161926,25446.990126993984,25455.21436557278,3332
2024-01-10 11:37:00+05:30,25455.21436557278,25480.483368973753,25452.621102838133,25471.292203808105,2704
2024-01-10 11:38:00+05:30,25471.292203808105,25488.243009269503,25468.582204240403,25484.356061699815,2323
2024-01-10 11:39:00+05:30,25484.356061699815,25495.091916851678,25475.089315655652,25484.88390477021,1275
2024-01-10 11:40:00+05:30,25484.88390477021,25493.76324099564,25475.492806441336,25488.846015387862,2308
2024-01-10 11:41:00+05:30,25488.846015387862,25501.96314918206,25483.83500715396,25491.20934908934,3618
2024-01-10 11:42:00+05:30,25491.20934908934,25496.3344401968,25482.269137337422,25493.767452140415,3427
2024-01-10 11:43:00+05:30,25493.767452140415,25503.996467791414,25482.874899758874,25501.394039608695,3489
2024-01-10 11:44:00+05:30,25501.394039608695,25504.388959183452,25491.59346255776,25494.761788625863,3827
2024-01-10 11:45:00+05:30,25494.761788625863,25498.669125253236,25478.159725452348,25484.753310727512,2523
2024-01-10 11:46:00+05:30,25484.753310727512,25505.025122600062,25473.950772946722,25493.820428156312,2864
2024-01-10 11:47:00+05:30,25493.820428156312,25501.818955941155,25490.75810876932,25497.073052899883,1392
2024-01-10 11:48:00+05:30,25497.073052899883,25499.17843656492,25489.13594788163,25494.343492443542,877
2024-01-10 11:49:00+05:30,25494.343492443542,25501.934055263064,25480.65605450595,25489.935116957276,2927
2024-01-10 11:50:00+05:30,25489.935116957276,25497.15772448607,25468.548354364182,25479.480054584594,3854
2024-01-10 11:51:00+05:30,25479.480054584594,25483.771281950732,25468.202563739676,25478.034484779833,2455
2024-01-10 11:52:00+05:30,25478.034484779833,25487.205662270648,25463.455332365087,25465.731964780745,3902
2024-01-10 11:53:00+05:30,25465.731964780745,25473.607261693534,25459.569217137156,25467.41394123634,2185
2024-01-10 11:54:00+05:30,25467.41394123634,25472.15894510862,25463.768587533068,25470.150261524257,1552
2024-01-10 11:55:00+05:30,25470.150261524257,25475.719833958858,25463.160732010227,25465.6985680626,3110
2024-01-10 11:56:00+05:30,25465.6985680626,25479.69692416,25459.773692266666,25473.86496589584,1418
2024-01-10 11:57:00+05:30,25473.86496589584,25484.79842684005,25468.601427512072,25480.075320413896,1666
2024-01-10 11:58:00+05:30,25480.075320413896,25485.729739599752,25470.533094065697,25482.06779379247,1404
2024-01-10 11:59:00+05:30,25482.06779379247,25488.78996862021,25469.634516398426,25476.94135793863,2691
2024-01-10 12:00:00+05:30,25476.94135793863,25487.78933664363,25467.59505502649,25472.48730021203,2436
2024-01-10 12:01:00+05:30,25472.48730021203,25476.422944027472,25458.52087079849,25465.831444510244,3601
2024-01-10 12:02:00+05:30,25465.831444510244,25476.793853475283,25446.11260725762,25451.518814666033,2899
2024-01-10 12:03:00+05:30,25451.518814666033,25454.740604874656,25446.399450828376,25451.925781119426,1651
2024-01-10 12:04:00+05:30,25451.925781119426,25465.887012526775,25442.691026487,25457.714806796157,1284
2024-01-10 12:05:00+05:30,25457.714806796157,25460.879951317962,25443.07787600064,25446.59090492218,846
2024-01-10 12:06:00+05:30,25446.59090492218,25457.8203607148,25444.448073528696,25449.528358433337,2574
2024-01-10 12:07:00+05:30,25449.528358433337,25454.436033720038,25445.865131891424,25447.898943834756,2702
2024-01-10 12:08:00+05:30,25447.898943834756,25457.953064276473,25442.612998736382,25448.954730265737,3658
2024-01-10 12:09:00+05:30,25448.954730265737,25464.914795202825,25442.199315100068,25454.53715089036,1593
2024-01-10 12:10:00+05:30,25454.53715089036,25466.397850090292,25442.76379709015,25461.63192132217,1093
2024-01-10 12:11:00+05:30,25461.63192132217,25471.882929244268,25445.06880581653,25456.661914917575,1041
2024-01-10 12:12:00+05:30,25456.661914917575,25466.748450768253,25453.07011399245,25462.404430292925,2514
2024-01-10 12:13:00+05:30,25462.404430292925,25468.938992644416,25450.47691635492,25459.373681293117,1843
2024-01-10 12:14:00+05:30,25459.373681293117,25462.182660601396,25438.09718362805,25440.199441081415,3148
2024-01-10 12:15:00+05:30,25440.199441081415,25461.948840255434,25431.44395707478,25455.58691958457,2211
2024-01-10 12:16:00+05:30,25455.58691958457,25467.347433204046,25443.65968000787,25455.92589950746,3886
2024-01-10 12:17:00+05:30,25455.92589950746,25459.55703736415,25445.535798731653,25453.563991974224,1753
2024-01-10 12:18:00+05:30,25453.563991974224,25470.574195351306,25444.675076414984,25463.717997977164,3798
2024-01-10 12:19:00+05:30,25463.717997977164,25469.807452766658,25455.341271353325,25467.180234994208,2282
2024-01-10 12:20:00+05:30,25467.180234994208,25476.445425774014,25460.89193000328,25462.96830029415,3463
2024-01-10 12:21:00+05:30,25462.96830029415,25468.91578843697,25458.14289041516,25464.575001931003,3696
2024-01-10 12:22:00+05:30,25464.575001931003,25476.639259521293,25458.168927300696,25467.037345966444,1558
2024-01-10 12:23:00+05:30,25467.037345966444,25475.353860351683,25458.314022147686,25465.531585039887,1969
2024-01-10 12:24:00+05:30,25465.531585039887,25477.16261696187,25440.148719412082,25447.604616812736,3917
2024-01-10 12:25:00+05:30,25447.604616812736,25452.83600631258,25438.887072852456,25448.72797311257,1576
2024-01-10 12:26:00+05:30,25448.72797311257,25457.81401599969,25435.160074971784,25441.617740635607,3300
2024-01-10 12:27:00+05:30,25441.617740635607,25449.73989999908,25428.88457951873,25433.700642599622,1119
2024-01-10 12:28:00+05:30,25433.700642599622,25436.80400471073,25424.729116757615,25434.015479147,2783
2024-01-10 12:29:00+05:30,25434.015479147,25457.41149788603,25431.467158044317,25450.200781748037,900
2024-01-10 12:30:00+05:30,25450.200781748037,25461.83689524049,25438.47527796032,25441.132837258778,3496
2024-01-10 12:31:00+05:30,25441.132837258778,25453.778940864515,25434.333865201985,25443.413192045595,3538
2024-01-10 12:32:00+05:30,25443.413192045595,25448.83321210139,25426.401161724538,25432.191744472842,3242
2024-01-10 12:33:00+05:30,25432.191744472842,25440.354059150246,25415.11883877041,25419.9987049181,3165
2024-01-10 12:34:00+05:30,25419.9987049181,25425.342471702075,25412.195686653908,25417.168409021386,1584
2024-01-10 12:35:00+05:30,25417.168409021386,25433.827479239077,25406.947907447415,25424.0392002771,1530
2024-01-10 12:36:00+05:30,25424.0392002771,25435.380306080675,25415.813249376482,25426.087809731907,3464
2024-01-10 12:37:00+05:30,25426.087809731907,25431.880615978796,25423.88955284722,25428.14475083393,2002
2024-01-10 12:38:00+05:30,25428.14475083393,25447.09539867524,25423.69413570356,25437.293826085093,2522
2024-01-10 12:39:00+05:30,25437.293826085093,25452.430973523427,25430.939822786248,25440.907810486475,3861
2024-01-10 12:40:00+05:30,25440.907810486475,25449.236805658984,25432.002117098447,25436.412618723927,1744
2024-01-10 12:41:00+05:30,25436.412618723927,25446.598361785316,25422.95274328647,25429.145030540785,1893
2024-01-10 12:42:00+05:30,25429.145030540785,25434.77122769007,25419.910347242716,25426.756397352136,958
2024-01-10 12:43:00+05:30,25426.756397352136,25432.319439111572,25423.624071473394,25429.325017597002,1258
2024-01-10 12:44:00+05:30,25429.325017597002,25438.5000065819,25421.0792852001,25426.76669054145,3719
2024-01-10 12:45:00+05:30,25426.76669054145,25436.254341550775,25417.801904784672,25424.88003801551,2809
2024-01-10 12:46:00+05:30,25424.88003801551,25433.125623066473,25413.980381022327,25420.558759659918,1522
2024-01-10 12:47:00+05:30,25420.558759659918,25431.404443178402,25406.155090420427,25414.39821885423,3936
2024-01-10 12:48:00+05:30,25414.39821885423,25417.991347486408,25399.68964067886,25405.25884532102,1768
2024-01-10 12:49:00+05:30,25405.25884532102,25412.578060981934,25393.622026138135,25399.16874223733,2111
2024-01-10 12:50:00+05:30,25399.16874223733,25415.583240247535,25392.705045397302,25412.512913192655,2750
2024-01-10 12:51:00+05:30,25412.512913192655,25430.635267424932,25402.31023210138,25420.551329001955,3431
2024-01-10 12:52:00+05:30,25420.551329001955,25435.11258517777,25409.286286869905,25430.90823754995,2244
2024-01-10 12:53:00+05:30,25430.90823754995,25434.87758823691,25423.394958593446,25431.71438052199,3141
2024-01-10 12:54:00+05:30,25431.71438052199,25441.821947290908,25421.120260564687,25430.71340022251,3323
2024-01-10 12:55:00+05:30,25430.71340022251,25443.843081342213,25423.897473554727,25436.77733963582,2803
2024-01-10 12:56:00+05:30,25436.77733963582,25445.448192485543,25424.778264357767,25433.863124856325,1078
2024-01-10 12:57:00+05:30,25433.863124856325,25452.549426725145,25427.269130125413,25442.40824440031,1500
2024-01-10 12:58:00+05:30,25442.40824440031,25452.973178383047,25435.35210843165,25443.3411724301,3161
2024-01-10 12:59:00+05:30,25443.3411724301,25461.052166200952,25434.238872038426,25449.266180652274,1170
2024-01-10 13:00:00+05:30,25449.266180652274,25459.512922659203,25432.364224496523,25443.34778023102,3606
2024-01-10 13:01:00+05:30,25443.34778023102,25467.985620477342,25438.167160304765,25457.00890463496,3054
2024-01-10 13:02:00+05:30,25457.00890463496,25462.129201668533,25445.288348863294,25458.52032489514,3639
2024-01-10 13:03:00+05:30,25458.52032489514,25466.208780601333,25450.57133108297,25463.49931512533,2932
2024-01-10 13:04:00+05:30,25463.49931512533,25474.287567323743,25455.544481165252,25457.82629454423,901
2024-01-10 13:05:00+05:30,25457.82629454423,25464.116401810446,25446.230900458166,25452.57521543376,3739
2024-01-10 13:06:00+05:30,25452.57521543376,25468.232464720022,25440.85443526902,25457.81217053065,924
2024-01-10 13:07:00+05:30,25457.81217053065,25468.478032650048,25441.094754559632,25445.376892623666,1372
2024-01-10 13:08:00+05:30,25445.376892623666,25463.84250027656,25436.23044685835,25454.706448357105,2779
2024-01-10 13:09:00+05:30,25454.706448357105,25461.059711408085,25439.928291616412,25450.17418811701,1526
2024-01-10 13:10:00+05:30,25450.17418811701,25466.181377918736,25441.883877855842,25457.40246897524,1251
2024-01-10 13:11:00+05:30,25457.40246897524,25464.88922186158,25444.857480145507,25452.4116968426,3794
2024-01-10 13:12:00+05:30,25452.4116968426,25461.50363135462,25440.667539242808,25452.01583822448,2756
2024-01-10 13:13:00+05:30,25452.01583822448,25455.331977553426,25449.271406157666,25452.60405753908,1976
2024-01-10 13:14:00+05:30,25452.60405753908,25464.57767396862,25447.17103196264,25459.46466851939,3790
2024-01-10 13:15:00+05:30,25459.46466851939,25466.79526554377,25440.971756458344,25452.96555559954,3032
2024-01-10 13:16:00+05:30,25452.96555559954,25465.267706238315,25441.37798086487,25457.08061119801,2940
2024-01-10 13:17:00+05:30,25457.08061119801,25464.434432152324,25454.714724890633,25459.25113186494,3662
2024-01-10 13:18:00+05:30,25459.25113186494,25470.261182137936,25452.678491888302,25465.039010047483,2244
2024-01-10 13:19:00+05:30,25465.039010047483,25467.823394860407,25451.668409215552,25458.681505138633,2524
2024-01-10 13:20:00+05:30,25458.681505138633,25469.60347986516,25455.585438214544,25458.65903229364,3206
2024-01-10 13:21:00+05:30,25458.65903229364,25469.788742126035,25450.034340028586,25453.062185464634,818
2024-01-10 13:22:00+05:30,25453.062185464634,25457.60752042573,25446.95125479086,25450.140203097122,2123
2024-01-10 13:23:00+05:30,25450.140203097122,25462.93283295433,25447.26682411076,25458.170247937487,3427
2024-01-10 13:24:00+05:30,25458.170247937487,25470.232090658355,25454.61383345193,25467.065910523874,3919
2024-01-10 13:25:00+05:30,25467.065910523874,25475.97428926376,25455.43723693288,25459.998523555998,3870
2024-01-10 13:26:00+05:30,25459.998523555998,25468.427178719765,25448.495161619972,25458.72405995503,3307
2024-01-10 13:27:00+05:30,25458.72405995503,25464.54172746523,25454.557790517,25458.11593903797,3014
2024-01-10 13:28:00+05:30,25458.11593903797,25468.048087427625,25441.978619347065,25450.911332610463,2356
2024-01-10 13:29:00+05:30,25450.911332610463,25461.029519929267,25437.977135224486,25447.898561988604,1737
2024-01-10 13:30:00+05:30,25447.898561988604,25450.4767539914,25428.209632728325,25439.759441026566,2747
2024-01-10 13:31:00+05:30,25439.759441026566,25446.4339560574,25435.678075978594,25443.8884666732,2204
2024-01-10 13:32:00+05:30,25443.8884666732,25452.558190864394,25428.43111796686,25436.64356526942,1581
2024-01-10 13:33:00+05:30,25436.64356526942,25452.43100025167,25433.923198851415,25447.220790393694,1896
2024-01-10 13:34:00+05:30,25447.220790393694,25458.0319727259,25429.315087054576,25432.34929585619,1791
2024-01-10 13:35:00+05:30,25432.34929585619,25440.33146926659,25422.372111484798,25436.56517518456,1396
2024-01-10 13:36:00+05:30,25436.56517518456,25446.234456131413,25426.02357880808,25441.039917687758,3292
2024-01-10 13:37:00+05:30,25441.039917687758,25444.260549347615,25424.36206301283,25436.030228747106,2485
2024-01-10 13:38:00+05:30,25436.030228747106,25446.578766436047,25411.464415171453,25423.11881063041,3450
2024-01-10 13:39:00+05:30,25423.11881063041,25435.14416965387,25417.902358850668,25424.326025149814,3535
2024-01-10 13:40:00+05:30,25424.326025149814,25432.664397335415,25407.705803999917,25414.97553089817,3891
2024-01-10 13:41:00+05:30,25414.97553089817,25434.861962039828,25403.06425917091,25423.036434008252,2627
2024-01-10 13:42:00+05:30,25423.036434008252,25432.703670169307,25414.004962733732,25423.713571096592,1306
2024-01-10 13:43:00+05:30,25423.713571096592,25427.843968823487,25419.19297921704,25423.443655955773,3362
2024-01-10 13:44:00+05:30,25423.443655955773,25429.701419355308,25419.448564798797,25424.117345180573,2910
2024-01-10 13:45:00+05:30,25424.117345180573,25440.20512023592,25417.280906941593,25429.61274899416,2356
2024-01-10 13:46:00+05:30,25429.61274899416,25434.77395321369,25423.4073443778,25429.27920081189,962
2024-01-10 13:47:00+05:30,25429.27920081189,25438.33502535968,25418.633980621726,25433.230572406264,1095
2024-01-10 13:48:00+05:30,25433.230572406264,25444.95660335783,25425.244453310006,25435.802757035774,837
2024-01-10 13:49:00+05:30,25435.802757035774,25446.23819975899,25424.25504176804,25431.712532552127,1230
2024-01-10 13:50:00+05:30,25431.712532552127,25451.092752952954,25427.052552779725,25439.822424508304,3848
2024-01-10 13:51:00+05:30,25439.822424508304,25460.35817063984,25432.029515534396,25451.647206426504,1033
2024-01-10 13:52:00+05:30,25451.647206426504,25462.94882061374,25444.48365655663,25459.786179628634,1445
2024-01-10 13:53:00+05:30,25459.786179628634,25464.415629196148,25453.319924644005,25460.496823881625,3193
2024-01-10 13:54:00+05:30,25460.496823881625,25475.559840114474,25454.80424550211,25465.405396458005,1219
2024-01-10 13:55:00+05:30,25465.405396458005,25470.6364723675,25449.586891229374,25457.205771392382,2106
2024-01-10 13:56:00+05:30,25457.205771392382,25466.80460562507,25444.025794238343,25450.823025585185,2512
2024-01-10 13:57:00+05:30,25450.823025585185,25453.76447911936,25441.832522486202,25444.001934786258,1850
2024-01-10 13:58:00+05:30,25444.001934786258,25449.977714217468,25435.725898603847,25439.407672286066,1771
2024-01-10 13:59:00+05:30,25439.407672286066,25454.89374854718,25436.73595557596,25445.42836693345,3760
2024-01-10 14:00:00+05:30,25445.42836693345,25454.229981426364,25432.609112846323,25439.020385889064,3708
2024-01-10 14:01:00+05:30,25439.020385889064,25448.79967293725,25422.451016513995,25434.001542166538,2582
2024-01-10 14:02:00+05:30,25434.001542166538,25443.544563562235,25411.138789272925,25422.437370344094,962
2024-01-10 14:03:00+05:30,25422.437370344094,25430.80540822878,25410.923134652006,25416.99666220272,2392
2024-01-10 14:04:00+05:30,25416.99666220272,25428.702904468777,25392.548260200077,25404.25372283988,1942
2024-01-10 14:05:00+05:30,25404.25372283988,25418.973181326288,25399.992945193615,25410.652306444408,1046
2024-01-10 14:06:00+05:30,25410.652306444408,25415.54879325564,25403.345520324176,25409.191170937404,3770
2024-01-10 14:07:00+05:30,25409.191170937404,25424.51231750785,25398.20633709309,25415.84901862526,3397
2024-01-10 14:08:00+05:30,25415.84901862526,25431.924803527,25408.788265722673,25425.772958097063,2378
2024-01-10 14:09:00+05:30,25425.772958097063,25434.488815911838,25421.26077926438,25428.995562383727,1168
2024-01-10 14:10:00+05:30,25428.995562383727,25440.56116756609,25420.815442583804,25431.21008214781,3228
2024-01-10 14:11:00+05:30,25431.21008214781,25440.701524824322,25427.408654925857,25431.91573671337,2897
2024-01-10 14:12:00+05:30,25431.91573671337,25434.484384041505,25420.73118893116,25428.425871111234,3162
2024-01-10 14:13:00+05:30,25428.425871111234,25439.77043772274,25406.32714930759,25411.903586079858,1872
2024-01-10 14:14:00+05:30,25411.903586079858,25415.836994358648,25407.3045350667,25412.98320146919,2267
2024-01-10 14:15:00+05:30,25412.98320146919,25422.21237769786,25403.975716443056,25407.47966018859,2092
2024-01-10 14:16:00+05:30,25407.47966018859,25412.168715832686,25392.25883705337,25399.768675841744,3932
2024-01-10 14:17:00+05:30,25399.768675841744,25407.71725986184,25385.794925600294,25395.15006967646,3153
2024-01-10 14:18:00+05:30,25395.15006967646,25403.02710464132,25385.122085177634,25394.679403260197,3592
2024-01-10 14:19:00+05:30,25394.679403260197,25405.647876922452,25390.57486269728,25399.56404577457,3391
2024-01-10 14:20:00+05:30,25399.56404577457,25408.86309594745,25386.599763791575,25391.867040101675,1823
2024-01-10 14:21:00+05:30,25391.867040101675,25402.855062492894,25377.875035717014,25382.174430837782,1109
2024-01-10 14:22:00+05:30,25382.174430837782,25397.411488738948,25373.161340602663,25389.923993386386,2590
2024-01-10 14:23:00+05:30,25389.923993386386,25397.096954599223,25378.000630565573,25393.762624930863,2930
2024-01-10 14:24:00+05:30,25393.762624930863,25407.01995760429,25385.15777642323,25399.423143531963,3714
2024-01-10 14:25:00+05:30,25399.423143531963,25410.816502711583,25387.970738977485,25397.098035254112,2551
2024-01-10 14:26:00+05:30,25397.098035254112,25402.99542015034,25382.540458597065,25386.43623070917,3718
2024-01-10 14:27:00+05:30,25386.43623070917,25398.087045048604,25380.136439654412,25396.02332824148,2559
2024-01-10 14:28:00+05:30,25396.02332824148,25411.260805098005,25390.030113168144,25405.00971946248,2749
2024-01-10 14:29:00+05:30,25405.00971946248,25409.61798313265,25390.724122151314,25400.24848048726,1636
2024-01-10 14:30:00+05:30,25400.24848048726,25410.59140758611,25398.01566964017,25403.053908449594,930
2024-01-10 14:31:00+05:30,25403.053908449594,25414.452844187228,25395.293356376034,25410.9265831647,3139
2024-01-10 14:32:00+05:30,25410.9265831647,25440.89418763408,25403.99290853442,25429.206354281567,1977
2024-01-10 14:33:00+05:30,25429.206354281567,25448.503823273393,25420.19925237882,25437.951900352546,3711
2024-01-10 14:34:00+05:30,25437.951900352546,25444.304982973357,25428.76000930822,25441.86685295171,1531
2024-01-10 14:35:00+05:30,25441.86685295171,25453.28792916463,25436.654300912684,25440.054593720422,2580
2024-01-10 14:36:00+05:30,25440.054593720422,25442.76769652436,25430.264783810137,25436.46854909174,1072
2024-01-10 14:37:00+05:30,25436.46854909174,25438.55839301652,25425.831847095942,25435.84421490162,990
2024-01-10 14:38:00+05:30,25435.84421490162,25446.100622907965,25424.842114743507,25430.740941665797,3372
2024-01-10 14:39:00+05:30,25430.740941665797,25437.59487125654,25428.723329378863,25435.328119480437,3812
2024-01-10 14:40:00+05:30,25435.328119480437,25445.014324413398,25423.86459946349,25436.25495526685,3573
2024-01-10 14:41:00+05:30,25436.25495526685,25442.728939200108,25430.386066442406,25434.39429946632,3158
2024-01-10 14:42:00+05:30,25434.39429946632,25439.01209979307,25419.29352792929,25426.762693628534,850
2024-01-10 14:43:00+05:30,25426.762693628534,25433.098453428105,25423.700964977714,25427.51167601989,1335
2024-01-10 14:44:00+05:30,25427.51167601989,25431.26278463985,25414.837683583548,25424.93932526948,2631
2024-01-10 14:45:00+05:30,25424.93932526948,25431.131414047435,25420.157529106673,25427.779192949234,2094
2024-01-10 14:46:00+05:30,25427.779192949234,25433.754628462208,25418.332285740365,25420.673539377043,2232
2024-01-10 14:47:00+05:30,25420.673539377043,25432.22107673293,25413.25866553537,25425.673138113776,3165
2024-01-10 14:48:00+05:30,25425.673138113776,25429.35162330149,25420.57297705963,25424.774773039215,1966
2024-01-10 14:49:00+05:30,25424.774773039215,25441.25219106815,25418.238078854658,25439.033104092003,2800
2024-01-10 14:50:00+05:30,25439.033104092003,25442.41471935465,25421.737755387105,25433.32526242606,1532
2024-01-10 14:51:00+05:30,25433.32526242606,25457.26187011097,25430.53330154249,25448.00892357922,1879
2024-01-10 14:52:00+05:30,25448.00892357922,25480.876958450706,25444.781997382244,25469.701531366092,1767
2024-01-10 14:53:00+05:30,25469.701531366092,25481.526401596147,25463.118121943422,25469.579366440328,2303
2024-01-10 14:54:00+05:30,25469.579366440328,25488.867122000225,25465.38728963247,25484.95893478743,3044
2024-01-10 14:55:00+05:30,25484.95893478743,25500.28744471154,25474.233477184793,25493.644654573887,3711
2024-01-10 14:56:00+05:30,25493.644654573887,25505.24029875249,25481.945597603768,25484.82662829492,1619
2024-01-10 14:57:00+05:30,25484.82662829492,25488.285818101904,25469.992130747836,25480.930239443216,2990
2024-01-10 14:58:00+05:30,25480.930239443216,25499.818606769397,25478.494311243885,25488.82328101529,3754
2024-01-10 14:59:00+05:30,25488.82328101529,25494.223491395373,25484.49210916042,25491.48067312598,2932
2024-01-10 15:00:00+05:30,25491.48067312598,25504.90753228314,25489.34225149644,25498.407538426294,1931
2024-01-10 15:01:00+05:30,25498.407538426294,25507.387226504132,25495.25370457261,25502.033472056504,2174
2024-01-10 15:02:00+05:30,25502.033472056504,25522.821306712904,25496.355373306887,25513.3844102673,1019
2024-01-10 15:03:00+05:30,25513.3844102673,25525.15304904421,25506.478613448762,25512.062116313202,901
2024-01-10 15:04:00+05:30,25512.062116313202,25519.05057940066,25501.234114851693,25504.64678539597,2820
2024-01-10 15:05:00+05:30,25504.64678539597,25515.73824035683,25496.098844838198,25500.13813806861,1534
2024-01-10 15:06:00+05:30,25500.13813806861,25511.376606921356,25494.383235427988,25500.395586089515,2672
2024-01-10 15:07:00+05:30,25500.395586089515,25510.195198577585,25491.74026124499,25494.10971665238,2457
2024-01-10 15:08:00+05:30,25494.10971665238,25499.93480485154,25482.85383965021,25494.339917273155,3726
2024-01-10 15:09:00+05:30,25494.339917273155,25496.69928631425,25483.222550896906,25493.215827164648,1368
2024-01-10 15:10:00+05:30,25493.215827164648,25502.820928173427,25488.925413363908,25491.31760937183,1929
2024-01-10 15:11:00+05:30,25491.31760937183,25495.01717966788,25486.20529523946,25491.431736683495,2735
2024-01-10 15:12:00+05:30,25491.431736683495,25498.241470542205,25484.341172746623,25488.95951943878,2068
2024-01-10 15:13:00+05:30,25488.95951943878,25505.304943891373,25480.173918952605,25496.756770497,3891
2024-01-10 15:14:00+05:30,25496.756770497,25500.379393686693,25487.231983180012,25497.925850767515,2465
2024-01-10 15:15:00+05:30,25497.925850767515,25511.90510312515,25495.316030846665,25504.082324318428,2784
2024-01-10 15:16:00+05:30,25504.082324318428,25515.41319792526,25485.156045483487,25493.777172718124,1076
2024-01-10 15:17:00+05:30,25493.777172718124,25502.927177610753,25491.72263273237,25494.40097214866,2636
2024-01-10 15:18:00+05:30,25494.40097214866,25505.890538190677,25488.263603877807,25491.26511857671,3688
2024-01-10 15:19:00+05:30,25491.26511857671,25501.157290962947,25470.278840261577,25477.12152808135,2770
2024-01-10 15:20:00+05:30,25477.12152808135,25498.123039226695,25473.81615795334,25492.742216295657,2628
2024-01-10 15:21:00+05:30,25492.742216295657,25499.162221270788,25480.08689344526,25483.32345116302,2193
2024-01-10 15:22:00+05:30,25483.32345116302,25497.90875553789,25472.855675853298,25489.854399636657,3697
2024-01-10 15:23:00+05:30,25489.854399636657,25502.227243145437,25480.530701495478,25495.86990615696,1849
2024-01-10 15:24:00+05:30,25495.86990615696,25515.902562052084,25486.212251984518,25504.900149572004,1305
2024-01-10 15:25:00+05:30,25504.900149572004,25516.169335604405,25499.099260703762,25502.02702552583,3001
2024-01-10 15:26:00+05:30,25502.02702552583,25506.479381271958,25476.11914813391,25483.3688651813,2362
2024-01-10 15:27:00+05:30,25483.3688651813,25490.922756598313,25481.24435816062,25488.49064234774,2207
2024-01-10 15:28:00+05:30,25488.49064234774,25497.30093176093,25477.585654701033,25488.146107611246,1927
2024-01-10 15:29:00+05:30,25488.146107611246,25502.34426188598,25480.442204224917,25493.492052079262,1146
2024-01-10 15:30:00+05:30,25493.492052079262,25503.9330738081,25486.193232100304,25492.769144096448,2772
2024-01-11 09:15:00+05:30,25464.686087449212,25491.4537134695,25463.686087449212,25490.4537134695,940
2024-01-11 09:16:00+05:30,25490.4537134695,25499.136177863707,25486.796475125797,25493.37561497561,2311
2024-01-11 09:17:00+05:30,25493.37561497561,25499.45460138313,25486.800355040148,25489.890244411243,2896
2024-01-11 09:18:00+05:30,25489.890244411243,25502.35798978783,25479.537298115356,25499.79274395325,2507
2024-01-11 09:19:00+05:30,25499.79274395325,25509.332828077317,25481.224575856362,25488.022729704247,3102
2024-01-11 09:20:00+05:30,25488.022729704247,25501.220671187686,25477.276094401244,25490.631805094043,3223
2024-01-11 09:21:00+05:30,25490.631805094043,25502.03453069616,25477.403952806828,25487.109185545134,3524
2024-01-11 09:22:00+05:30,25487.109185545134,25489.21217700274,25482.968564351282,25486.93145719381,2345
2024-01-11 09:23:00+05:30,25486.93145719381,25495.646627668782,25470.828953398457,25480.443874652647,3122
2024-01-11 09:24:00+05:30,25480.443874652647,25482.70855708727,25448.055372903847,25458.31188939472,877
2024-01-11 09:25:00+05:30,25458.31188939472,25478.666191965625,25455.3013534243,25469.94912062374,927
2024-01-11 09:26:00+05:30,25469.94912062374,25487.024193021978,25458.393578205494,25475.68198122503,2669
2024-01-11 09:27:00+05:30,25475.68198122503,25486.23701392381,25472.688309675443,25479.14128638757,3160
2024-01-11 09:28:00+05:30,25479.14128638757,25482.403824392437,25469.542844408756,25479.249771888728,1201
2024-01-11 09:29:00+05:30,25479.249771888728,25489.880507621943,25469.225744275533,25481.9311659934,3208
2024-01-11 09:30:00+05:30,25481.9311659934,25492.465611655556,25471.855783726653,25479.972998800604,1819
2024-01-11 09:31:00+05:30,25479.972998800604,25489.187102247954,25471.609888048974,25481.24013243717,3882
2024-01-11 09:32:00+05:30,25481.24013243717,25500.060436852313,25472.601168127872,25492.056816091357,1833
2024-01-11 09:33:00+05:30,25492.056816091357,25499.018116476556,25477.05730025279,25487.809489994015,808
2024-01-11 09:34:00+05:30,25487.809489994015,25491.982206108645,25475.125926272634,25481.78912025981,3069
2024-01-11 09:35:00+05:30,25481.78912025981,25502.726916148877,25476.9326069088,25496.184354086883,2865
2024-01-11 09:36:00+05:30,25496.184354086883,25504.888918263317,25487.659270441458,25492.98866266772,2596
2024-01-11 09:37:00+05:30,25492.98866266772,25497.15749136902,25490.002950197966,25495.103904639505,3866
2024-01-11 09:38:00+05:30,25495.103904639505,25498.353294400335,25491.560595397164,25494.281220803117,3120
2024-01-11 09:39:00+05:30,25494.281220803117,25509.499104767976,25489.80132495919,25499.178236910386,3070
2024-01-11 09:40:00+05:30,25499.178236910386,25509.02041702237,25492.24578447531,25504.44912563396,3437
2024-01-11 09:41:00+05:30,25504.44912563396,25511.619510139084,25493.034181557152,25505.81716823235,3604
2024-01-11 09:42:00+05:30,25505.81716823235,25508.990349929314,25490.668539986065,25499.042754636055,2450
2024-01-11 09:43:00+05:30,25499.042754636055,25502.455714036965,25482.62988001253,25492.458455325355,2068
2024-01-11 09:44:00+05:30,25492.458455325355,25501.121026717956,25483.074883034067,25493.474845128272,1652
2024-01-11 09:45:00+05:30,25493.474845128272,25514.875848747557,25486.24603624233,25507.54079715425,1128
2024-01-11 09:46:00+05:30,25507.54079715425,25513.683646667338,25489.121821674547,25494.695311237298,2532
2024-01-11 09:47:00+05:30,25494.695311237298,25502.72164861196,25490.896851746165,25494.360275753865,1788
2024-01-11 09:48:00+05:30,25494.360275753865,25501.6421713549,25490.609068153244,25498.26926845642,3891
2024-01-11 09:49:00+05:30,25498.26926845642,25505.849599101206,25488.205773711114,25494.44405785622,2829
2024-01-11 09:50:00+05:30,25494.44405785622,25499.64887190574,25485.848706724308,25496.59218160785,3402
2024-01-11 09:51:00+05:30,25496.59218160785,25500.840452118886,25484.289647422636,25496.23018800483,1208
2024-01-11 09:52:00+05:30,25496.23018800483,25508.159726840655,25488.32241647594,25502.568249942207,996
2024-01-11 09:53:00+05:30,25502.568249942207,25519.904583076073,25499.74798417885,25515.332758537264,2567
2024-01-11 09:54:00+05:30,25515.332758537264,25520.71961144389,25502.399013153943,25513.384113661814,3593
2024-01-11 09:55:00+05:30,25513.384113661814,25522.743175243708,25507.906875841632,25516.003692305516,2820
2024-01-11 09:56:00+05:30,25516.003692305516,25528.2662155479,25511.697013759323,25519.72428433823,1940
2024-01-11 09:57:00+05:30,25519.72428433823,25524.50406053644,25516.997495192718,25521.297616088712,2406
2024-01-11 09:58:00+05:30,25521.297616088712,25529.902057511626,25510.68214004823,25521.737974644475,3664
2024-01-11 09:59:00+05:30,25521.737974644475,25527.133037670217,25499.719149504053,25506.155612133392,990
2024-01-11 10:00:00+05:30,25506.155612133392,25511.582285726727,25501.801106758052,25507.214681320365,3086
2024-01-11 10:01:00+05:30,25507.214681320365,25510.45231625803,25494.634623675425,25499.60596269519,3004
2024-01-11 10:02:00+05:30,25499.60596269519,25506.328389550516,25486.636967482427,25496.683309236934,1154
2024-01-11 10:03:00+05:30,25496.683309236934,25502.37427068787,25486.44376521074,25500.20329915499,985
2024-01-11 10:04:00+05:30,25500.20329915499,25508.615678970906,25489.015993732573,25504.715253972045,2829
2024-01-11 10:05:00+05:30,25504.715253972045,25510.054015855105,25495.85235766081,25501.629876768813,1530
2024-01-11 10:06:00+05:30,25501.629876768813,25513.45171921613,25492.09950188847,25498.420002571303,2821
2024-01-11 10:07:00+05:30,25498.420002571303,25504.886058695207,25493.435432165992,25496.55292615918,1909
2024-01-11 10:08:00+05:30,25496.55292615918,25503.231828056974,25484.069205573716,25488.950323089903,1706
2024-01-11 10:09:00+05:30,25488.950323089903,25511.485228690355,25477.93002046432,25500.703915109363,2846
2024-01-11 10:10:00+05:30,25500.703915109363,25521.435616847124,25490.097435223575,25513.87602970078,2881
2024-01-11 10:11:00+05:30,25513.87602970078,25522.312225396952,25502.638413517576,25512.676854120742,849
2024-01-11 10:12:00+05:30,25512.676854120742,25530.416806126657,25502.10983569879,25524.85606516093,847
2024-01-11 10:13:00+05:30,25524.85606516093,25533.99415797269,25517.75538462745,25530.820747110116,2291
2024-01-11 10:14:00+05:30,25530.820747110116,25534.904478659417,25517.757995265743,25523.005050258816,2359
2024-01-11 10:15:00+05:30,25523.005050258816,25532.77612993239,25520.643538922322,25530.025178667325,3458
2024-01-11 10:16:00+05:30,25530.025178667325,25542.61035662387,25520.49226100081,25535.181656150795,2896
2024-01-11 10:17:00+05:30,25535.181656150795,25539.405018961494,25526.37352049517,25536.5138005732,2907
2024-01-11 10:18:00+05:30,25536.5138005732,25542.96246173558,25515.8008392396,25525.83353783549,1179
2024-01-11 10:19:00+05:30,25525.83353783549,25530.437956405793,25513.344508027487,25521.542958275357,1399
2024-01-11 10:20:00+05:30,25521.542958275357,25523.560193193527,25493.149702179595,25504.550421696207,3402
2024-01-11 10:21:00+05:30,25504.550421696207,25513.414966680226,25493.53355732796,25504.467846377847,3710
2024-01-11 10:22:00+05:30,25504.467846377847,25506.749538264237,25498.285247737385,25502.44999441658,3360
2024-01-11 10:23:00+05:30,25502.44999441658,25509.949432197383,25482.81263227119,25494.277684747474,1280
2024-01-11 10:24:00+05:30,25494.277684747474,25500.498072645823,25476.23759932268,25485.09285388591,3681
2024-01-11 10:25:00+05:30,25485.09285388591,25505.687060631986,25478.03889425068,25495.135810226024,3382
2024-01-11 10:26:00+05:30,25495.135810226024,25501.077431045647,25473.156868540125,25483.96258411935,3930
2024-01-11 10:27:00+05:30,25483.96258411935,25492.932797416255,25474.04176652108,25489.52512299132,1843
2024-01-11 10:28:00+05:30,25489.52512299132,25496.460279035437,25481.276679230752,25490.42201002753,1734
2024-01-11 10:29:00+05:30,25490.42201002753,25506.378819367976,25482.571849325395,25499.741571504568,3524
2024-01-11 10:30:00+05:30,25499.741571504568,25502.544687175843,25479.313389444167,25487.765434696095,1033
2024-01-11 10:31:00+05:30,25487.765434696095,25492.919866106404,25479.863548149635,25488.66864151892,3622
2024-01-11 10:32:00+05:30,25488.66864151892,25501.89263291371,25486.059468824875,25498.044789636457,1112
2024-01-11 10:33:00+05:30,25498.044789636457,25502.185051550485,25490.365525848883,25496.924142803873,3350
2024-01-11 10:34:00+05:30,25496.924142803873,25506.929064842603,25476.697340967185,25486.51203018948,1075
2024-01-11 10:35:00+05:30,25486.51203018948,25491.55844929077,25470.024936013124,25472.087821502075,1977
2024-01-11 10:36:00+05:30,25472.087821502075,25480.93772395735,25463.056471170286,25466.967626904407,1651
2024-01-11 10:37:00+05:30,25466.967626904407,25476.794866324668,25456.533698707284,25474.621683608264,1934
2024-01-11 10:38:00+05:30,25474.621683608264,25498.084969381813,25470.389947527452,25486.11367639255,2155
2024-01-11 10:39:00+05:30,25486.11367639255,25497.28127551429,25483.56623823787,25486.66897815621,1663
2024-01-11 10:40:00+05:30,25486.66897815621,25499.723755383904,25481.163242345036,25493.39488315908,1922
2024-01-11 10:41:00+05:30,25493.39488315908,25503.703223742054,25490.350587503428,25500.980398387495,2619
2024-01-11 10:42:00+05:30,25500.980398387495,25512.315332733095,25498.196999462547,25505.615240391606,3757
2024-01-11 10:43:00+05:30,25505.615240391606,25514.3285897141,25488.18626359262,25499.49720453269,1229
2024-01-11 10:44:00+05:30,25499.49720453269,25510.026548578135,25491.261013646308,25505.0395983298,3293
2024-01-11 10:45:00+05:30,25505.0395983298,25507.06534335791,25487.336695105452,25497.67398226073,2814
2024-01-11 10:46:00+05:30,25497.67398226073,25503.694486961227,25494.88448253946,25498.652819554965,1148
2024-01-11 10:47:00+05:30,25498.652819554965,25512.85328644737,25490.085893045904,25504.73203733571,3089
2024-01-11 10:48:00+05:30,25504.73203733571,25515.80598181989,25502.16104921974,25512.940226486102,931
2024-01-11 10:49:00+05:30,25512.940226486102,25520.064015008225,25509.88093254575,25512.224537258007,2490
2024-01-11 10:50:00+05:30,25512.224537258007,25530.787219232334,25509.766871356518,25520.848964067853,2540
2024-01-11 10:51:00+05:30,25520.848964067853,25540.87481047751,25516.371948803757,25532.406140436186,885
2024-01-11 10:52:00+05:30,25532.406140436186,25549.63156087449,25522.434293255465,25539.84511851896,3331
2024-01-11 10:53:00+05:30,25539.84511851896,25549.42915344145,25534.891541087378,25539.741702456104,1493
2024-01-11 10:54:00+05:30,25539.741702456104,25553.017612963515,25530.80903430899,25542.319049854363,1145
2024-01-11 10:55:00+05:30,25542.319049854363,25548.866983462205,25537.820002272703,25542.75547853999,3997
2024-01-11 10:56:00+05:30,25542.75547853999,25552.164002336012,25538.594950828247,25543.43875724016,3265
2024-01-11 10:57:00+05:30,25543.43875724016,25560.784474633765,25539.063382253586,25549.148659804276,812
2024-01-11 10:58:00+05:30,25549.148659804276,25566.468885006583,25543.99925570401,25557.59960146136,1955
2024-01-11 10:59:00+05:30,25557.59960146136,25570.005118303892,25548.01074922816,25558.01244341572,2519
2024-01-11 11:00:00+05:30,25558.01244341572,25575.381982593015,25547.81490820956,25563.88315257554,3170
2024-01-11 11:01:00+05:30,25563.88315257554,25571.664152485126,25559.684671389834,25566.097524423927,2517
2024-01-11 11:02:00+05:30,25566.097524423927,25570.954494568945,25555.986059047395,25567.602715757275,941
2024-01-11 11:03:00+05:30,25567.602715757275,25572.419403089705,25556.76318762613,25560.67671859026,1164
2024-01-11 11:04:00+05:30,25560.67671859026,25567.00609430917,25549.326720181813,25563.853720165236,1587
2024-01-11 11:05:00+05:30,25563.853720165236,25566.855831311183,25559.680798901765,25563.350682393735,2820
2024-01-11 11:06:00+05:30,25563.350682393735,25572.15927795583,25552.70937697059,25565.849140878723,3195
2024-01-11 11:07:00+05:30,25565.849140878723,25585.093309678352,25554.58633825479,25573.688754660332,2342
2024-01-11 11:08:00+05:30,25573.688754660332,25590.973314866904,25569.732183137166,25579.628047102622,1143
2024-01-11 11:09:00+05:30,25579.628047102622,25593.755548860256,25572.709142028678,25585.28970394748,1058
2024-01-11 11:10:00+05:30,25585.28970394748,25597.05506204447,25573.274810932893,25581.86929450087,3906
2024-01-11 11:11:00+05:30,25581.86929450087,25586.77582931818,25563.81213861165,25570.265298686467,3576
2024-01-11 11:12:00+05:30,25570.265298686467,25573.834078899778,25555.89205523195,25567.677077221502,1076
2024-01-11 11:13:00+05:30,25567.677077221502,25578.95772361788,25565.59500125146,25567.84812131054,3054
2024-01-11 11:14:00+05:30,25567.84812131054,25580.420149366455,25561.5595621128,25569.578749900782,1094
2024-01-11 11:15:00+05:30,25569.578749900782,25584.839124196547,25558.351152238818,25579.918785515118,1564
2024-01-11 11:16:00+05:30,25579.918785515118,25591.827612628153,25574.16249129986,25582.43650408094,2178
2024-01-11 11:17:00+05:30,25582.43650408094,25596.77293846064,25573.207944408867,25593.33822042725,1841
2024-01-11 11:18:00+05:30,25593.33822042725,25604.722542406063,25588.605607951627,25590.62887970695,3682
2024-01-11 11:19:00+05:30,25590.62887970695,25595.467392628656,25575.905484724444,25582.872949799555,993
2024-01-11 11:20:00+05:30,25582.872949799555,25593.509244285175,25579.94941312211,25589.578166693278,1931
2024-01-11 11:21:00+05:30,25589.578166693278,25601.378905945796,25575.052079479512,25581.51503917372,1077
2024-01-11 11:22:00+05:30,25581.51503917372,25584.004548467088,25566.825433850103,25570.153483272046,1234
2024-01-11 11:23:00+05:30,25570.153483272046,25574.52810038654,25559.45177798636,25566.29033740739,945
2024-01-11 11:24:00+05:30,25566.29033740739,25581.052622607815,25562.628786374436,25569.054770077444,1149
2024-01-11 11:25:00+05:30,25569.054770077444,25584.024239675193,25559.634335724855,25577.471811738702,1198
2024-01-11 11:26:00+05:30,25577.471811738702,25583.679835545707,25570.401851838298,25577.812553836593,2664
2024-01-11 11:27:00+05:30,25577.812553836593,25592.836645389703,25569.074714597347,25584.793046247658,1992
2024-01-11 11:28:00+05:30,25584.793046247658,25587.311816028465,25575.709071551883,25584.90400629281,1075
2024-01-11 11:29:00+05:30,25584.90400629281,25587.147496568563,25567.029984100503,25573.1002705355,1493
2024-01-11 11:30:00+05:30,25573.1002705355,25578.978607636138,25563.004663446936,25565.201166245035,3478
2024-01-11 11:31:00+05:30,25565.201166245035,25576.253949343434,25543.661597099,25553.08027122727,1520
2024-01-11 11:32:00+05:30,25553.08027122727,25564.01448429442,25546.395235239328,25551.825657137542,3392
2024-01-11 11:33:00+05:30,25551.825657137542,25562.164264535884,25529.802107424428,25536.590916188758,2533
2024-01-11 11:34:00+05:30,25536.590916188758,25547.158125343674,25518.398301520567,25526.21694751219,3409
2024-01-11 11:35:00+05:30,25526.21694751219,25532.728146959984,25508.52310169404,25520.24665053549,1195
2024-01-11 11:36:00+05:30,25520.24665053549,25536.63928646457,25510.368195717754,25527.067147351987,1833
2024-01-11 11:37:00+05:30,25527.067147351987,25539.612367601807,25516.52525664395,25531.19458609721,1781
2024-01-11 11:38:00+05:30,25531.19458609721,25534.976712690648,25521.437818458984,25528.532026414552,2027
2024-01-11 11:39:00+05:30,25528.532026414552,25532.776860026897,25520.67232093891,25530.150000147372,3124
2024-01-11 11:40:00+05:30,25530.150000147372,25539.27797074809,25523.177758347298,25528.447646734126,3235
2024-01-11 11:41:00+05:30,25528.447646734126,25555.197937693712,25522.134101135038,25548.797817861625,1925
2024-01-11 11:42:00+05:30,25548.797817861625,25559.78142806875,25527.013630171663,25536.602784009174,3175
2024-01-11 11:43:00+05:30,25536.602784009174,25548.36963337222,25514.881261537983,25521.66182561147,1177
2024-01-11 11:44:00+05:30,25521.66182561147,25528.550887987803,25497.016021338557,25507.480940513113,2061
2024-01-11 11:45:00+05:30,25507.480940513113,25510.53878205984,25489.126753842378,25496.960704880108,3948
2024-01-11 11:46:00+05:30,25496.960704880108,25502.265035587094,25484.57710310355,25494.37659385723,3196
2024-01-11 11:47:00+05:30,25494.37659385723,25507.85337265382,25486.176143974957,25501.268203614876,3529
2024-01-11 11:48:00+05:30,25501.268203614876,25505.747575455658,25491.162861413093,25499.45650657476,3834
2024-01-11 11:49:00+05:30,25499.45650657476,25505.471496256756,25490.924996005368,25497.40470104345,2241
2024-01-11 11:50:00+05:30,25497.40470104345,25506.101939786415,25486.537714636648,25496.185515045996,3416
2024-01-11 11:51:00+05:30,25496.185515045996,25506.8890339444,25492.235655819597,25497.471212963937,3016
2024-01-11 11:52:00+05:30,25497.471212963937,25506.47468777301,25479.890231245365,25490.539080795,3429
2024-01-11 11:53:00+05:30,25490.539080795,25498.391589336436,25486.67887501761,25494.99740048864,1748
2024-01-11 11:54:00+05:30,25494.99740048864,25506.602711904412,25488.167166415562,25494.420337407268,2827
2024-01-11 11:55:00+05:30,25494.420337407268,25502.51289354958,25486.69947265374,25495.984710041557,2182
2024-01-11 11:56:00+05:30,25495.984710041557,25502.02636919795,25491.4573196221,25499.798497001866,2022
2024-01-11 11:57:00+05:30,25499.798497001866,25513.934175520717,25488.466154957565,25503.757830446095,1969
2024-01-11 11:58:00+05:30,25503.757830446095,25514.319497792483,25501.564735801097,25509.32915654359,2990
2024-01-11 11:59:00+05:30,25509.32915654359,25521.274426841643,25497.74869406234,25502.66993183457,1865
2024-01-11 12:00:00+05:30,25502.66993183457,25509.390086244708,25494.76835932549,25505.87737353403,1333
2024-01-11 12:01:00+05:30,25505.87737353403,25516.72083601214,25487.99768616063,25494.15684554514,2704
2024-01-11 12:02:00+05:30,25494.15684554514,25503.628999671895,25471.212809972967,25478.408556392602,3728
2024-01-11 12:03:00+05:30,25478.408556392602,25481.16678649022,25463.54499637739,25475.320755522323,2941
2024-01-11 12:04:00+05:30,25475.320755522323,25486.97690542631,25470.585045236643,25477.995275607413,2938
2024-01-11 12:05:00+05:30,25477.995275607413,25484.020834537874,25473.396329866555,25481.185200504675,2977
2024-01-11 12:06:00+05:30,25481.185200504675,25486.62275716567,25476.23582295678,25483.462977540614,1521
2024-01-11 12:07:00+05:30,25483.462977540614,25494.472785349728,25479.108541588215,25489.34764905652,1546
2024-01-11 12:08:00+05:30,25489.34764905652,25498.466816282245,25469.775617648524,25475.96560318814,1080
2024-01-11 12:09:00+05:30,25475.96560318814,25482.55836333596,25465.300943714563,25471.53764861935,833
2024-01-11 12:10:00+05:30,25471.53764861935,25474.272703548457,25460.214946129614,25469.464344570442,1324
2024-01-11 12:11:00+05:30,25469.464344570442,25480.440683409575,25454.083519874916,25463.10692907892,2390
2024-01-11 12:12:00+05:30,25463.10692907892,25470.53019084433,25458.12617641632,25465.102689068615,3841
2024-01-11 12:13:00+05:30,25465.102689068615,25471.985446301132,25453.2358299503,25468.967071253224,3433
2024-01-11 12:14:00+05:30,25468.967071253224,25476.771218467227,25464.382437470813,25470.83806070835,3347
2024-01-11 12:15:00+05:30,25470.83806070835,25481.882255037202,25460.674121045584,25471.281561461503,2272
2024-01-11 12:16:00+05:30,25471.281561461503,25495.26370369769,25464.430734667854,25487.883351452267,3654
2024-01-11 12:17:00+05:30,25487.883351452267,25498.61291633661,25476.894852066354,25488.05149705288,925
2024-01-11 12:18:00+05:30,25488.05149705288,25498.53936848885,25483.406154407152,25487.86346821307,1959
2024-01-11 12:19:00+05:30,25487.86346821307,25505.464908590955,25482.236307391388,25496.435877362215,2974
2024-01-11 12:20:00+05:30,25496.435877362215,25512.57346493145,25491.535836250154,25509.447939493122,1650
2024-01-11 12:21:00+05:30,25509.447939493122,25514.02754979563,25492.44456602248,25502.437653003522,1798
2024-01-11 12:22:00+05:30,25502.437653003522,25506.222601903915,25484.079461026635,25494.825334067726,1437
2024-01-11 12:23:00+05:30,25494.825334067726,25511.829671753076,25490.915620191037,25504.419365495658,1197
2024-01-11 12:24:00+05:30,25504.419365495658,25516.469048202292,25496.539560455378,25512.35327203268,1900
2024-01-11 12:25:00+05:30,25512.35327203268,25522.300469038248,25510.01739322895,25518.279734209467,2319
2024-01-11 12:26:00+05:30,25518.279734209467,25525.71002765546,25506.446317961327,25516.123618861282,839
2024-01-11 12:27:00+05:30,25516.123618861282,25527.321328119153,25511.591630909617,25520.68498096289,2563
2024-01-11 12:28:00+05:30,25520.68498096289,25527.994001796247,25507.173848964358,25510.089182517346,2645
2024-01-11 12:29:00+05:30,25510.089182517346,25518.85796531461,25489.492175178875,25501.41284637324,3142
2024-01-11 12:30:00+05:30,25501.41284637324,25522.734505615077,25492.221992517854,25512.551599437884,2090
2024-01-11 12:31:00+05:30,25512.551599437884,25515.817598823156,25498.773480270458,25503.07649535622,810
2024-01-11 12:32:00+05:30,25503.07649535622,25509.963851464738,25491.43949224218,25501.653057039726,3411
2024-01-11 12:33:00+05:30,25501.653057039726,25510.399219577517,25499.249125762955,25506.00746475637,3669
2024-01-11 12:34:00+05:30,25506.00746475637,25519.526307676653,25500.355070049234,25508.04025514718,2114
2024-01-11 12:35:00+05:30,25508.04025514718,25519.10343285246,25496.02359834174,25499.76934077583,1940
2024-01-11 12:36:00+05:30,25499.76934077583,25505.139174127864,25487.728681130015,25495.168657228314,2424
2024-01-11 12:37:00+05:30,25495.168657228314,25511.01435453232,25487.500082184,25499.14932088955,1561
2024-01-11 12:38:00+05:30,25499.14932088955,25510.097854268028,25486.03286598199,25495.665987152286,1725
2024-01-11 12:39:00+05:30,25495.665987152286,25517.54986476058,25484.410328120983,25507.439651727065,1857
2024-01-11 12:40:00+05:30,25507.439651727065,25510.40809691428,25500.634702196072,25506.126313227134,3117
2024-01-11 12:41:00+05:30,25506.126313227134,25523.698346510704,25503.629433496408,25519.12812421017,1164
2024-01-11 12:42:00+05:30,25519.12812421017,25527.469665542903,25512.45750224506,25518.686358123137,1864
2024-01-11 12:43:00+05:30,25518.686358123137,25532.252768670733,25509.84529693173,25527.37173697864,3323
2024-01-11 12:44:00+05:30,25527.37173697864,25534.81771684678,25520.693307716883,25530.24308379013,2253
2024-01-11 12:45:00+05:30,25530.24308379013,25532.47822204498,25525.611679262507,25530.404936977153,2157
2024-01-11 12:46:00+05:30,25530.404936977153,25533.459847820053,25511.913143314385,25520.160670551537,3422
2024-01-11 12:47:00+05:30,25520.160670551537,25535.324241450013,25512.654683157787,25524.04297599184,2667
2024-01-11 12:48:00+05:30,25524.04297599184,25529.01276949956,25516.206631167854,25524.24362020915,3235
2024-01-11 12:49:00+05:30,25524.24362020915,25530.451839958947,25512.74876995226,25526.48171435443,2793
2024-01-11 12:50:00+05:30,25526.48171435443,25533.221427147768,25511.562620686556,25522.131539888112,3334
2024-01-11 12:51:00+05:30,25522.131539888112,25530.69201822418,25511.81307494771,25514.841058057482,3558
2024-01-11 12:52:00+05:30,25514.841058057482,25523.826115017488,25497.94320032864,25507.356607258484,2643
2024-01-11 12:53:00+05:30,25507.356607258484,25517.154023495183,25500.518461555654,25506.14083210332,991
2024-01-11 12:54:00+05:30,25506.14083210332,25518.168179804456,25497.864281270482,25512.3546042977,1211
2024-01-11 12:55:00+05:30,25512.3546042977,25524.178929304704,25503.20856723471,25509.361222583837,3015
2024-01-11 12:56:00+05:30,25509.361222583837,25518.444267374907,25489.065207856787,25500.73432037493,1079
2024-01-11 12:57:00+05:30,25500.73432037493,25504.49576089978,25484.083673723027,25494.091905528116,3848
2024-01-11 12:58:00+05:30,25494.091905528116,25503.31127256003,25476.30759313779,25485.141579805306,3562
2024-01-11 12:59:00+05:30,25485.141579805306,25494.239037956333,25468.10125692035,25472.620167486642,2126
2024-01-11 13:00:00+05:30,25472.620167486642,25481.323715936996,25466.01448491737,25469.218690592483,3929
2024-01-11 13:01:00+05:30,25469.218690592483,25474.567733768174,25460.53014167935,25463.785159841456,1408
2024-01-11 13:02:00+05:30,25463.785159841456,25469.703347423158,25452.790656693967,25460.500862498073,2835
2024-01-11 13:03:00+05:30,25460.500862498073,25480.89418873305,25454.645303204972,25473.690935476705,3902
2024-01-11 13:04:00+05:30,25473.690935476705,25485.951825218606,25461.880920770778,25479.982186454956,1642
2024-01-11 13:05:00+05:30,25479.982186454956,25500.49400034587,25473.838720272666,25490.02152466255,3194
2024-01-11 13:06:00+05:30,25490.02152466255,25492.829504978643,25485.638486746364,25489.662451604054,1458
2024-01-11 13:07:00+05:30,25489.662451604054,25494.321128479925,25478.09002376663,25491.081436490942,2186
2024-01-11 13:08:00+05:30,25491.081436490942,25501.842318277486,25477.548204101746,25484.696061699593,1565
2024-01-11 13:09:00+05:30,25484.696061699593,25496.151279102203,25461.35587432345,25471.27752441488,3672
2024-01-11 13:10:00+05:30,25471.27752441488,25473.462619003898,25454.66740307064,25459.18637549543,3705
2024-01-11 13:11:00+05:30,25459.18637549543,25464.1567027007,25448.495113367735,25455.98388302331,2580
2024-01-11 13:12:00+05:30,25455.98388302331,25468.084620289912,25446.44280106086,25458.941437533318,1968
2024-01-11 13:13:00+05:30,25458.941437533318,25483.115184269755,25447.13502538456,25474.81760502071,2939
2024-01-11 13:14:00+05:30,25474.81760502071,25478.52953623036,25471.214509671063,25473.746973509125,3069
2024-01-11 13:15:00+05:30,25473.746973509125,25482.630813763673,25454.386474165996,25462.016645338903,3963
2024-01-11 13:16:00+05:30,25462.016645338903,25469.918312337555,25448.84792393216,25458.73750292032,3781
2024-01-11 13:17:00+05:30,25458.73750292032,25465.57129113546,25453.86170856716,25461.93517621516,1347
2024-01-11 13:18:00+05:30,25461.93517621516,25471.35100101597,25447.210171155,25452.929419947028,3708
2024-01-11 13:19:00+05:30,25452.929419947028,25463.835613434105,25444.500491137314,25448.887112230026,2350
2024-01-11 13:20:00+05:30,25448.887112230026,25462.890806958523,25445.151264905144,25452.071835614315,3650
2024-01-11 13:21:00+05:30,25452.071835614315,25461.69533601986,25446.90977278037,25452.4509370994,1676
2024-01-11 13:22:00+05:30,25452.4509370994,25463.041762469544,25443.36058252844,25455.181431318517,1891
2024-01-11 13:23:00+05:30,25455.181431318517,25467.146851688813,25451.02808082205,25455.202956838944,2810
2024-01-11 13:24:00+05:30,25455.202956838944,25459.063511780572,25444.264852858494,25454.643015037695,1730
2024-01-11 13:25:00+05:30,25454.643015037695,25472.304589197174,25450.695192123727,25464.25928960079,2616
2024-01-11 13:26:00+05:30,25464.25928960079,25476.937960394614,25457.989662411794,25470.49823769606,3095
2024-01-11 13:27:00+05:30,25470.49823769606,25474.063363649948,25459.156648574022,25472.00882397296,929
2024-01-11 13:28:00+05:30,25472.00882397296,25479.371118311563,25462.162842672235,25475.55684831095,1056
2024-01-11 13:29:00+05:30,25475.55684831095,25483.47956644979,25463.758640481083,25474.85354388205,1615
2024-01-11 13:30:00+05:30,25474.85354388205,25478.257332147048,25471.659108289885,25474.164743294783,1829
2024-01-11 13:31:00+05:30,25474.164743294783,25485.056786033136,25469.014873827375,25476.89391952742,1521
2024-01-11 13:32:00+05:30,25476.89391952742,25480.326491651325,25472.600893635008,25478.185932203258,1808
2024-01-11 13:33:00+05:30,25478.185932203258,25506.988555936165,25467.99910660704,25496.649424912965,1589
2024-01-11 13:34:00+05:30,25496.649424912965,25503.111084475262,25494.170515339836,25498.315529305968,3440
2024-01-11 13:35:00+05:30,25498.315529305968,25511.07900432573,25493.556581322602,25501.250472911684,3242
2024-01-11 13:36:00+05:30,25501.250472911684,25525.210495698575,25490.93140590308,25516.777856237935,3981
2024-01-11 13:37:00+05:30,25516.777856237935,25522.144113012455,25504.26244506762,25509.96279455512,1781
2024-01-11 13:38:00+05:30,25509.96279455512,25515.14949055103,25504.998396523803,25510.75488871898,3052
2024-01-11 13:39:00+05:30,25510.75488871898,25530.879725055038,25505.524433270864,25519.985650728806,1214
2024-01-11 13:40:00+05:30,25519.985650728806,25525.041444011033,25514.25920134623,25521.567949564793,2874
2024-01-11 13:41:00+05:30,25521.567949564793,25530.177022171265,25512.57567808107,25521.294205154936,3142
2024-01-11 13:42:00+05:30,25521.294205154936,25524.706576164026,25509.735466010457,25515.238956756435,1544
2024-01-11 13:43:00+05:30,25515.238956756435,25523.83501542283,25509.551560952757,25515.424507876996,1157
2024-01-11 13:44:00+05:30,25515.424507876996,25522.601847891274,25500.29999049133,25510.295555959154,2097
2024-01-11 13:45:00+05:30,25510.295555959154,25524.595895623606,25503.495833109948,25517.998239143748,1930
2024-01-11 13:46:00+05:30,25517.998239143748,25534.149817002137,25507.317953475085,25522.197314332352,2521
2024-01-11 13:47:00+05:30,25522.197314332352,25525.50452576336,25515.04334326166,25520.15364525046,899
2024-01-11 13:48:00+05:30,25520.15364525046,25539.792291766822,25516.427504215473,25528.66556993937,1427
2024-01-11 13:49:00+05:30,25528.66556993937,25531.185785009988,25511.231817508346,25521.30732692961,2525
2024-01-11 13:50:00+05:30,25521.30732692961,25523.604152105883,25509.619182263265,25515.086416547187,3272
2024-01-11 13:51:00+05:30,25515.086416547187,25531.374475692657,25509.845709930232,25520.601755389165,3847
2024-01-11 13:52:00+05:30,25520.601755389165,25528.429895295816,25517.244037463177,25522.71424516433,2461
2024-01-11 13:53:00+05:30,25522.71424516433,25529.595476361985,25503.71207604473,25514.43894706851,3104
2024-01-11 13:54:00+05:30,25514.43894706851,25517.43186632608,25497.632305388503,25509.046232913362,3603
2024-01-11 13:55:00+05:30,25509.046232913362,25517.778216399238,25499.881404695738,25507.407577755355,1578
2024-01-11 13:56:00+05:30,25507.407577755355,25510.076571182577,25500.347226379617,25502.769856621522,3904
2024-01-11 13:57:00+05:30,25502.769856621522,25510.72317559614,25499.309370342682,25504.337571177977,3163
2024-01-11 13:58:00+05:30,25504.337571177977,25508.477570862222,25491.966595497288,25503.587572030458,1400
2024-01-11 13:59:00+05:30,25503.587572030458,25518.810763363832,25497.2830707681,25507.194624658106,3154
2024-01-11 14:00:00+05:30,25507.194624658106,25518.649551472165,25499.601124225002,25506.75577481594,2742
2024-01-11 14:01:00+05:30,25506.75577481594,25517.00004646761,25499.55938831477,25509.383478627773,2075
2024-01-11 14:02:00+05:30,25509.383478627773,25515.691675866652,25497.66430353694,25506.266175800025,3074
2024-01-11 14:03:00+05:30,25506.266175800025,25521.05524339258,25499.375597576214,25509.104786861513,2227
2024-01-11 14:04:00+05:30,25509.104786861513,25522.732158030078,25497.464464403893,25511.67073244328,1425
2024-01-11 14:05:00+05:30,25511.67073244328,25524.332696306992,25502.670010211375,25516.817135631696,1025
2024-01-11 14:06:00+05:30,25516.817135631696,25521.690813484147,25512.000653898915,25519.36935732395,2220
2024-01-11 14:07:00+05:30,25519.36935732395,25523.879060819985,25506.803080451704,25516.540096606743,2951
2024-01-11 14:08:00+05:30,25516.540096606743,25525.464837775646,25510.75370546592,25516.086873471384,2998
2024-01-11 14:09:00+05:30,25516.086873471384,25535.61443435334,25513.73482763273,25525.56092997727,1081
2024-01-11 14:10:00+05:30,25525.56092997727,25535.806130995807,25516.30873872286,25523.663701060465,1190
2024-01-11 14:11:00+05:30,25523.663701060465,25535.699608752668,25516.07489418708,25524.163668223442,1133
2024-01-11 14:12:00+05:30,25524.163668223442,25539.818729409868,25512.242685322784,25535.70722673437,1111
2024-01-11 14:13:00+05:30,25535.70722673437,25551.352287304744,25533.486136833824,25540.38598031715,3987
2024-01-11 14:14:00+05:30,25540.38598031715,25551.47973917984,25534.966899229505,25545.397905301324,2269
2024-01-11 14:15:00+05:30,25545.397905301324,25552.469902892775,25529.602828789677,25539.008796316986,3479
2024-01-11 14:16:00+05:30,25539.008796316986,25541.534674901195,25528.065729979415,25532.50530614928,2189
2024-01-11 14:17:00+05:30,25532.50530614928,25541.339021741012,25528.926269143332,25534.57710927393,1664
2024-01-11 14:18:00+05:30,25534.57710927393,25557.57517737439,25528.969406066364,25550.021495643858,3391
2024-01-11 14:19:00+05:30,25550.021495643858,25558.533842446406,25525.50013022429,25536.957354009253,3716
2024-01-11 14:20:00+05:30,25536.957354009253,25543.6885875918,25517.281863003314,25524.717246688582,1183
2024-01-11 14:21:00+05:30,25524.717246688582,25532.272510960334,25512.88975951734,25528.78904027365,3249
2024-01-11 14:22:00+05:30,25528.78904027365,25541.5756366201,25516.828561546026,25530.63426186921,1560
2024-01-11 14:23:00+05:30,25530.63426186921,25534.310807624726,25515.99371364953,25523.489175587332,2769
2024-01-11 14:24:00+05:30,25523.489175587332,25541.721552162235,25513.712937873697,25530.007418641388,2387
2024-01-11 14:25:00+05:30,25530.007418641388,25536.33228335793,25522.995066461248,25531.342515860015,1511
2024-01-11 14:26:00+05:30,25531.342515860015,25541.05350824044,25520.124142604356,25527.810763613365,3329
2024-01-11 14:27:00+05:30,25527.810763613365,25532.482344470816,25515.74277759277,25527.137159245583,3390
2024-01-11 14:28:00+05:30,25527.137159245583,25536.75183954759,25512.486164311722,25523.13486443256,2393
2024-01-11 14:29:00+05:30,25523.13486443256,25531.512375267106,25513.52568345761,25525.256428295856,1512
2024-01-11 14:30:00+05:30,25525.256428295856,25528.371803254413,25516.06714166624,25520.06867970013,2921
2024-01-11 14:31:00+05:30,25520.06867970013,25527.52603060434,25508.267208918354,25511.7624052197,3987
2024-01-11 14:32:00+05:30,25511.7624052197,25514.566729503866,25497.342823764597,25506.4409098611,1675
2024-01-11 14:33:00+05:30,25506.4409098611,25518.645596090817,25503.22568901146,25508.98638933903,1604
2024-01-11 14:34:00+05:30,25508.98638933903,25520.920603411836,25504.57137957539,25517.01726325578,2418
2024-01-11 14:35:00+05:30,25517.01726325578,25527.90445144622,25506.17982710437,25512.29356398583,1568
2024-01-11 14:36:00+05:30,25512.29356398583,25516.845766215174,25499.838196851346,25504.786971315447,2036
2024-01-11 14:37:00+05:30,25504.786971315447,25509.78676089264,25498.61835455559,25506.798039269306,3488
2024-01-11 14:38:00+05:30,25506.798039269306,25523.517874385092,25497.34029078916,25514.740890196023,3736
2024-01-11 14:39:00+05:30,25514.740890196023,25519.498415555176,25501.92650007896,25511.865821915675,2225
2024-01-11 14:40:00+05:30,25511.865821915675,25530.53185774578,25503.60525788604,25522.69171295112,2720
2024-01-11 14:41:00+05:30,25522.69171295112,25533.890677247662,25509.450414428815,25516.948943233234,3627
2024-01-11 14:42:00+05:30,25516.948943233234,25533.541175693284,25513.688129012015,25527.192402079934,2502
2024-01-11 14:43:00+05:30,25527.192402079934,25543.848542933145,25524.56318736525,25532.092168143226,2111
2024-01-11 14:44:00+05:30,25532.092168143226,25540.544203159418,25517.49250412572,25519.73497361469,3829
2024-01-11 14:45:00+05:30,25519.73497361469,25532.033329599417,25514.49612921778,25523.481350675545,818
2024-01-11 14:46:00+05:30,25523.481350675545,25525.76609483833,25514.37493336795,25521.78127509889,1269
2024-01-11 14:47:00+05:30,25521.78127509889,25532.6018501947,25515.605639307596,25520.41991932657,1922
2024-01-11 14:48:00+05:30,25520.41991932657,25531.237516306235,25505.59349720557,25515.03918989339,1970
2024-01-11 14:49:00+05:30,25515.03918989339,25517.585003979082,25509.505243005387,25515.081535567973,2943
2024-01-11 14:50:00+05:30,25515.081535567973,25523.692972179837,25501.929956770233,25510.256551669598,3818
2024-01-11 14:51:00+05:30,25510.256551669598,25514.118007404635,25500.109232982504,25511.14668425559,3794
2024-01-11 14:52:00+05:30,25511.14668425559,25529.802084893647,25503.065572881053,25518.742870721315,3893
2024-01-11 14:53:00+05:30,25518.742870721315,25538.14921855148,25515.161625338893,25528.587572717362,1754
2024-01-11 14:54:00+05:30,25528.587572717362,25538.67008041551,25518.407556346025,25536.510914523675,1897
2024-01-11 14:55:00+05:30,25536.510914523675,25552.878806284567,25531.33916058407,25542.764635139534,3422
2024-01-11 14:56:00+05:30,25542.764635139534,25553.598960402393,25531.203451966547,25545.84106910907,3446
2024-01-11 14:57:00+05:30,25545.84106910907,25554.184698395627,25536.015065692325,25544.306278018652,1635
2024-01-11 14:58:00+05:30,25544.306278018652,25547.851094622853,25524.47629947691,25536.139679618285,3879
2024-01-11 14:59:00+05:30,25536.139679618285,25555.043153225735,25526.77078480387,25543.370583297197,1897
2024-01-11 15:00:00+05:30,25543.370583297197,25550.988865625775,25533.599636053958,25540.111337489994,1911
2024-01-11 15:01:00+05:30,25540.111337489994,25551.01481256078,25535.43662626683,25541.375384543982,3900
2024-01-11 15:02:00+05:30,25541.375384543982,25548.08280712427,25521.893510803675,25531.411033297536,1078
2024-01-11 15:03:00+05:30,25531.411033297536,25542.146302726636,25525.457547090187,25534.513163593183,2437
2024-01-11 15:04:00+05:30,25534.513163593183,25550.659409797787,25529.301627091143,25544.41784282124,1557
2024-01-11 15:05:00+05:30,25544.41784282124,25546.440556764443,25535.34718662067,25543.66833751042,3473
2024-01-11 15:06:00+05:30,25543.66833751042,25555.428751468826,25541.397913261495,25550.11364104899,3987
2024-01-11 15:07:00+05:30,25550.11364104899,25562.028526640177,25541.93605391652,25548.953091738447,3319
2024-01-11 15:08:00+05:30,25548.953091738447,25558.526666833754,25540.87203912182,25550.066332337028,3405
2024-01-11 15:09:00+05:30,25550.066332337028,25552.297488839995,25536.504785993908,25546.541001983573,1826
2024-01-11 15:10:00+05:30,25546.541001983573,25558.339220626523,25521.686923405177,25527.1685043036,1105
2024-01-11 15:11:00+05:30,25527.1685043036,25538.90689766592,25518.160078176694,25529.718519480233,1817
2024-01-11 15:12:00+05:30,25529.718519480233,25541.842810394253,25524.223440445632,25533.14557565186,3571
2024-01-11 15:13:00+05:30,25533.14557565186,25540.857221345912,25531.03909707935,25537.24977729062,1544
2024-01-11 15:14:00+05:30,25537.24977729062,25560.393710890683,25529.258006293763,25549.482234514708,1645
2024-01-11 15:15:00+05:30,25549.482234514708,25559.813460847778,25543.805674477786,25556.050489720947,2910
2024-01-11 15:16:00+05:30,25556.050489720947,25571.08615636004,25548.873093484985,25559.32106818986,1715
2024-01-11 15:17:00+05:30,25559.32106818986,25561.429889137085,25549.421349879438,25554.49682791834,3310
2024-01-11 15:18:00+05:30,25554.49682791834,25584.293577334465,25545.1564707943,25575.512793409664,2955
2024-01-11 15:19:00+05:30,25575.512793409664,25580.210620273017,25561.346158873137,25565.70143708882,3005
2024-01-11 15:20:00+05:30,25565.70143708882,25574.428879796593,25553.58558353923,25562.88873278771,1626
2024-01-11 15:21:00+05:30,25562.88873278771,25573.514188181958,25551.84699099619,25559.275363911747,3435
2024-01-11 15:22:00+05:30,25559.275363911747,25574.32021854409,25549.05006709737,25567.000460059317,2209
2024-01-11 15:23:00+05:30,25567.000460059317,25578.6288613461,25562.541337695977,25569.39805927175,3356
2024-01-11 15:24:00+05:30,25569.39805927175,25577.585797808206,25565.327968289326,25573.279198452805,1217
2024-01-11 15:25:00+05:30,25573.279198452805,25583.533816230196,25558.509818576716,25560.58218510038,3388
2024-01-11 15:26:00+05:30,25560.58218510038,25563.308534834585,25553.30923690096,25556.772896261627,1601
2024-01-11 15:27:00+05:30,25556.772896261627,25571.24001710337,25546.039956927303,25564.266717868602,2384
2024-01-11 15:28:00+05:30,25564.266717868602,25568.08987191267,25548.84854498083,25560.59224627852,1875
2024-01-11 15:29:00+05:30,25560.59224627852,25564.40409349417,25548.34918744504,25551.56031262683,2549
2024-01-11 15:30:00+05:30,25551.56031262683,25556.032359474502,25546.812251328607,25553.041705795535,3644
