datetime,open,high,low,close,volume,strike,option_type,expiry,iv
2024-01-02 09:15:00+05:30,25.390389230486807,25.491950787408754,25.28882767356486,25.390389230486807,100,24500,CE,2024-01-02,0.14
2024-01-02 09:15:00+05:30,25.390389230486807,25.491950787408754,25.28882767356486,25.390389230486807,100,24500,PE,2024-01-02,0.14
2024-01-02 09:16:00+05:30,30.54944250664882,30.671640276675415,30.427244736622225,30.54944250664882,100,24500,CE,2024-01-02,0.14
2024-01-02 09:16:00+05:30,20.231335954324795,20.312261298142094,20.150410610507496,20.231335954324795,100,24500,PE,2024-01-02,0.14
2024-01-02 09:17:00+05:30,35.20214655134693,35.342955137552316,35.06133796514154,35.20214655134693,100,24500,CE,2024-01-02,0.14
2024-01-02 09:17:00+05:30,15.578631909626683,15.640946437265189,15.516317381988177,15.578631909626683,100,24500,PE,2024-01-02,0.14
2024-01-02 09:18:00+05:30,33.34849501339228,33.48188899344585,33.21510103333871,33.34849501339228,100,24500,CE,2024-01-02,0.14
2024-01-02 09:18:00+05:30,17.43228344758133,17.502012581371655,17.362554313791005,17.43228344758133,100,24500,PE,2024-01-02,0.14
2024-01-02 09:19:00+05:30,32.29110934674351,32.42027378413049,32.161944909356535,32.29110934674351,100,24500,CE,2024-01-02,0.14
2024-01-02 09:19:00+05:30,18.4896691142301,18.563627790687022,18.41571043777318,18.4896691142301,100,24500,PE,2024-01-02,0.14
2024-01-02 09:20:00+05:30,30.373418622869185,30.49491229736066,30.25192494837771,30.373418622869185,100,24500,CE,2024-01-02,0.14
2024-01-02 09:20:00+05:30,20.40735983810443,20.48898927745685,20.32573039875201,20.40735983810443,100,24500,PE,2024-01-02,0.14
2024-01-02 09:21:00+05:30,32.569892463762486,32.700172033617534,32.43961289390744,32.569892463762486,100,24500,CE,2024-01-02,0.14
2024-01-02 09:21:00+05:30,18.210885997211125,18.28372954119997,18.13804245322228,18.210885997211125,100,24500,PE,2024-01-02,0.14
2024-01-02 09:22:00+05:30,32.41965081734158,32.549329420610945,32.28997221407221,32.41965081734158,100,24500,CE,2024-01-02,0.14
2024-01-02 09:22:00+05:30,18.361127643632035,18.434572154206563,18.287683133057506,18.361127643632035,100,24500,PE,2024-01-02,0.14
2024-01-02 09:23:00+05:30,35.2804718783034,35.42159376581662,35.13934999079019,35.2804718783034,100,24500,CE,2024-01-02,0.14
2024-01-02 09:23:00+05:30,15.500306582670209,15.56230780900089,15.438305356339528,15.500306582670209,100,24500,PE,2024-01-02,0.14
2024-01-02 09:24:00+05:30,28.413003882152015,28.526655897680623,28.299351866623407,28.413003882152015,100,24500,CE,2024-01-02,0.14
2024-01-02 09:24:00+05:30,22.3677745788216,22.457245677136886,22.278303480506313,22.3677745788216,100,24500,PE,2024-01-02,0.14
2024-01-02 09:25:00+05:30,34.34756178727436,34.48495203442346,34.21017154012526,34.34756178727436,100,24500,CE,2024-01-02,0.14
2024-01-02 09:25:00+05:30,16.433216673699253,16.49894954039405,16.367483807004454,16.433216673699253,100,24500,PE,2024-01-02,0.14
2024-01-02 09:26:00+05:30,34.04594118669117,34.182124951437935,33.9097574219444,34.04594118669117,100,24500,CE,2024-01-02,0.14
2024-01-02 09:26:00+05:30,16.734837274282444,16.801776623379574,16.667897925185315,16.734837274282444,100,24500,PE,2024-01-02,0.14
2024-01-02 09:27:00+05:30,36.657360386469705,36.80398982801558,36.51073094492383,36.657360386469705,100,24500,CE,2024-01-02,0.14
2024-01-02 09:27:00+05:30,14.123418074503906,14.179911746801922,14.06692440220589,14.123418074503906,100,24500,PE,2024-01-02,0.14
2024-01-02 09:28:00+05:30,36.20523663405653,36.35005758059276,36.060415687520305,36.20523663405653,100,24500,CE,2024-01-02,0.14
2024-01-02 09:28:00+05:30,14.575541826917078,14.633843994224746,14.51723965960941,14.575541826917078,100,24500,PE,2024-01-02,0.14
2024-01-02 09:29:00+05:30,34.843617007524486,34.982991475554584,34.70424253949439,34.843617007524486,100,24500,CE,2024-01-02,0.14
2024-01-02 09:29:00+05:30,15.937161453449125,16.00091009926292,15.87341280763533,15.937161453449125,100,24500,PE,2024-01-02,0.14
2024-01-02 09:30:00+05:30,36.64028010226572,36.78684122267478,36.49371898185666,36.64028010226572,100,24500,CE,2024-01-02,0.14
2024-01-02 09:30:00+05:30,14.140498358707891,14.197060352142723,14.08393636527306,14.140498358707891,100,24500,PE,2024-01-02,0.14
2024-01-02 09:31:00+05:30,39.792205830503704,39.95137465382572,39.63303700718169,39.792205830503704,100,24500,CE,2024-01-02,0.14
2024-01-02 09:31:00+05:30,10.988572630469907,11.032526920991787,10.944618339948027,10.988572630469907,100,24500,PE,2024-01-02,0.14
2024-01-02 09:32:00+05:30,39.09271881540441,39.249089690666025,38.936347940142795,39.09271881540441,100,24500,CE,2024-01-02,0.14
2024-01-02 09:32:00+05:30,11.6880596455692,11.734811884151478,11.641307406986924,11.6880596455692,100,24500,PE,2024-01-02,0.14
2024-01-02 09:33:00+05:30,38.57977064576586,38.73408972834893,38.4254515631828,38.57977064576586,100,24500,CE,2024-01-02,0.14
2024-01-02 09:33:00+05:30,12.201007815207749,12.24981184646858,12.152203783946918,12.201007815207749,100,24500,PE,2024-01-02,0.14
2024-01-02 09:34:00+05:30,41.21114043629929,41.37598499804449,41.04629587455409,41.21114043629929,100,24500,CE,2024-01-02,0.14
2024-01-02 09:34:00+05:30,9.569638024674322,9.60791657677302,9.531359472575625,9.569638024674322,100,24500,PE,2024-01-02,0.14
2024-01-02 09:35:00+05:30,38.00736302899783,38.15939248111382,37.85533357688184,38.00736302899783,100,24500,CE,2024-01-02,0.14
2024-01-02 09:35:00+05:30,12.773415431975781,12.824509093703684,12.722321770247879,12.773415431975781,100,24500,PE,2024-01-02,0.14
2024-01-02 09:36:00+05:30,32.388424890005595,32.517978589565615,32.258871190445575,32.388424890005595,100,24500,CE,2024-01-02,0.14
2024-01-02 09:36:00+05:30,18.392353570968016,18.46592298525189,18.318784156684142,18.392353570968016,100,24500,PE,2024-01-02,0.14
2024-01-02 09:37:00+05:30,33.92960687531628,34.06532530281755,33.793888447815014,33.92960687531628,100,24500,CE,2024-01-02,0.14
2024-01-02 09:37:00+05:30,16.85117158565733,16.91857627199996,16.7837668993147,16.85117158565733,100,24500,PE,2024-01-02,0.14
2024-01-02 09:38:00+05:30,31.474985036486732,31.600884976632678,31.349085096340787,31.474985036486732,100,24500,CE,2024-01-02,0.14
2024-01-02 09:38:00+05:30,19.305793424486883,19.38301659818483,19.228570250788934,19.305793424486883,100,24500,PE,2024-01-02,0.14
2024-01-02 09:39:00+05:30,24.33370782354429,24.431042654838468,24.236372992250114,24.33370782354429,100,24500,CE,2024-01-02,0.14
2024-01-02 09:39:00+05:30,26.447070637429324,26.55285891997904,26.341282354879606,26.447070637429324,100,24500,PE,2024-01-02,0.14
2024-01-02 09:40:00+05:30,21.34100658374952,21.42637061008452,21.255642557414525,21.34100658374952,100,24500,CE,2024-01-02,0.14
2024-01-02 09:40:00+05:30,29.439771877224093,29.55753096473299,29.322012789715195,29.439771877224093,100,24500,PE,2024-01-02,0.14
2024-01-02 09:41:00+05:30,19.647515737901603,19.726105800853208,19.56892567495,19.647515737901603,100,24500,CE,2024-01-02,0.14
2024-01-02 09:41:00+05:30,31.13326272307201,31.2577957739643,31.008729672179722,31.13326272307201,100,24500,PE,2024-01-02,0.14
2024-01-02 09:42:00+05:30,15.233006447530688,15.29393847332081,15.172074421740565,15.233006447530688,100,24500,CE,2024-01-02,0.14
2024-01-02 09:42:00+05:30,35.54777201344292,35.689963101496694,35.40558092538915,35.54777201344292,100,24500,PE,2024-01-02,0.14
2024-01-02 09:43:00+05:30,9.696266882293248,9.73505194982242,9.657481814764076,9.696266882293248,100,24500,CE,2024-01-02,0.14
2024-01-02 09:43:00+05:30,41.08451157868036,41.24884962499508,40.920173532365645,41.08451157868036,100,24500,PE,2024-01-02,0.14
2024-01-02 09:44:00+05:30,9.893658733336242,9.933233368269587,9.854084098402897,9.893658733336242,100,24500,CE,2024-01-02,0.14
2024-01-02 09:44:00+05:30,40.88711972763737,41.05066820654792,40.72357124872682,40.88711972763737,100,24500,PE,2024-01-02,0.14
2024-01-02 09:45:00+05:30,13.318343446065018,13.371616819849278,13.265070072280759,13.318343446065018,100,24500,CE,2024-01-02,0.14
2024-01-02 09:45:00+05:30,37.46243501490859,37.61228475496823,37.312585274848956,37.46243501490859,100,24500,PE,2024-01-02,0.14
2024-01-02 09:46:00+05:30,12.50409815371383,12.554114546328686,12.454081761098974,12.50409815371383,100,24500,CE,2024-01-02,0.14
2024-01-02 09:46:00+05:30,38.27668030725978,38.42978702848882,38.123573586030744,38.27668030725978,100,24500,PE,2024-01-02,0.14
2024-01-02 09:47:00+05:30,9.775613043055973,9.814715495228198,9.736510590883748,9.775613043055973,100,24500,CE,2024-01-02,0.14
2024-01-02 09:47:00+05:30,41.00516541791764,41.16918607958931,40.84114475624597,41.00516541791764,100,24500,PE,2024-01-02,0.14
2024-01-02 09:48:00+05:30,11.279339825860706,11.32445718516415,11.234222466557263,11.279339825860706,100,24500,CE,2024-01-02,0.14
2024-01-02 09:48:00+05:30,39.501438635112905,39.65944438965336,39.34343288057245,39.501438635112905,100,24500,PE,2024-01-02,0.14
2024-01-02 09:49:00+05:30,14.028974102839829,14.085089999251188,13.97285820642847,14.028974102839829,100,24500,CE,2024-01-02,0.14
2024-01-02 09:49:00+05:30,36.75180435813378,36.89881157556632,36.604797140701244,36.75180435813378,100,24500,PE,2024-01-02,0.14
2024-01-02 09:50:00+05:30,12.963934358508386,13.01579009594242,12.912078621074352,12.963934358508386,100,24500,CE,2024-01-02,0.14
2024-01-02 09:50:00+05:30,37.816844102465225,37.96811147887509,37.66557672605536,37.816844102465225,100,24500,PE,2024-01-02,0.14
2024-01-02 09:51:00+05:30,15.066438638211157,15.126704392764001,15.006172883658312,15.066438638211157,100,24500,CE,2024-01-02,0.14
2024-01-02 09:51:00+05:30,35.714339822762454,35.857197182053504,35.571482463471405,35.714339822762454,100,24500,PE,2024-01-02,0.14
2024-01-02 09:52:00+05:30,19.037221675397422,19.11337056209901,18.961072788695834,19.037221675397422,100,24500,CE,2024-01-02,0.14
2024-01-02 09:52:00+05:30,31.743556785576192,31.870531012718498,31.616582558433887,31.743556785576192,100,24500,PE,2024-01-02,0.14
2024-01-02 09:53:00+05:30,18.32113503961661,18.394419579775075,18.247850499458146,18.32113503961661,100,24500,CE,2024-01-02,0.14
2024-01-02 09:53:00+05:30,32.459643421357,32.589481995042426,32.329804847671575,32.459643421357,100,24500,PE,2024-01-02,0.14
2024-01-02 09:54:00+05:30,15.330451757185774,15.391773564214517,15.26912995015703,15.330451757185774,100,24500,CE,2024-01-02,0.14
2024-01-02 09:54:00+05:30,35.45032670378784,35.59212801060299,35.30852539697268,35.45032670378784,100,24500,PE,2024-01-02,0.14
2024-01-02 09:55:00+05:30,16.694141501617896,16.760918067624367,16.627364935611425,16.694141501617896,100,24500,CE,2024-01-02,0.14
2024-01-02 09:55:00+05:30,34.086636959355715,34.222983507193135,33.950290411518296,34.086636959355715,100,24500,PE,2024-01-02,0.14
2024-01-02 09:56:00+05:30,17.682438030228486,17.7531677823494,17.61170827810757,17.682438030228486,100,24500,CE,2024-01-02,0.14
2024-01-02 09:56:00+05:30,33.098340430745125,33.23073379246811,32.96594706902214,33.098340430745125,100,24500,PE,2024-01-02,0.14
2024-01-02 09:57:00+05:30,21.862985911783444,21.95043785543058,21.77553396813631,21.862985911783444,100,24500,CE,2024-01-02,0.14
2024-01-02 09:57:00+05:30,28.91779254919017,29.033463719386933,28.80212137899341,28.91779254919017,100,24500,PE,2024-01-02,0.14
2024-01-02 09:58:00+05:30,17.105807991262527,17.174231223227576,17.037384759297478,17.105807991262527,100,24500,CE,2024-01-02,0.14
2024-01-02 09:58:00+05:30,33.674970469711084,33.80967035158993,33.54027058783224,33.674970469711084,100,24500,PE,2024-01-02,0.14
2024-01-02 09:59:00+05:30,14.684759502428978,14.743498540438694,14.626020464419263,14.684759502428978,100,24500,CE,2024-01-02,0.14
2024-01-02 09:59:00+05:30,36.09601895854463,36.240403034378815,35.95163488271045,36.09601895854463,100,24500,PE,2024-01-02,0.14
2024-01-02 10:00:00+05:30,11.601633399745669,11.648039933344652,11.555226866146686,11.601633399745669,100,24500,CE,2024-01-02,0.14
2024-01-02 10:00:00+05:30,39.17914506122794,39.33586164147285,39.02242848098303,39.17914506122794,100,24500,PE,2024-01-02,0.14
2024-01-02 10:01:00+05:30,5.159077726372534,5.179714037278024,5.138441415467043,5.159077726372534,100,24500,CE,2024-01-02,0.14
2024-01-02 10:01:00+05:30,45.62170073460108,45.804187537539484,45.43921393166267,45.62170073460108,100,24500,PE,2024-01-02,0.14
2024-01-02 10:02:00+05:30,5.693207308361497,5.7159801375949435,5.670434479128051,5.693207308361497,100,24500,CE,2024-01-02,0.14
2024-01-02 10:02:00+05:30,45.087571152612114,45.26792143722256,44.907220868001666,45.087571152612114,100,24500,PE,2024-01-02,0.14
2024-01-02 10:03:00+05:30,7.732473105220169,7.76340299764105,7.701543212799288,7.732473105220169,100,24500,CE,2024-01-02,0.14
2024-01-02 10:03:00+05:30,43.04830535575344,43.22049857717646,42.87611213433043,43.04830535575344,100,24500,PE,2024-01-02,0.14
2024-01-02 10:04:00+05:30,5.022010487184861,5.0420985291336,5.001922445236122,5.022010487184861,100,24500,CE,2024-01-02,0.14
2024-01-02 10:04:00+05:30,45.75876797378875,45.941803045683905,45.575732901893595,45.75876797378875,100,24500,PE,2024-01-02,0.14
2024-01-02 10:05:00+05:30,10.278187016546116,10.319299764612301,10.237074268479931,10.278187016546116,100,24500,CE,2024-01-02,0.14
2024-01-02 10:05:00+05:30,40.502591444427495,40.664601810205205,40.340581078649784,40.502591444427495,100,24500,PE,2024-01-02,0.14
2024-01-02 10:06:00+05:30,13.420403279022839,13.474084892138931,13.366721665906747,13.420403279022839,100,24500,CE,2024-01-02,0.14
2024-01-02 10:06:00+05:30,37.36037518195077,37.509816682678576,37.21093368122297,37.36037518195077,100,24500,PE,2024-01-02,0.14
2024-01-02 10:07:00+05:30,15.833065074656378,15.896397334955005,15.769732814357752,15.833065074656378,100,24500,CE,2024-01-02,0.14
2024-01-02 10:07:00+05:30,34.94771338631723,35.087504239862504,34.80792253277196,34.94771338631723,100,24500,PE,2024-01-02,0.14
2024-01-02 10:08:00+05:30,17.399466667559654,17.469064534229894,17.329868800889415,17.399466667559654,100,24500,CE,2024-01-02,0.14
2024-01-02 10:08:00+05:30,33.38131179341396,33.514837040587615,33.2477865462403,33.38131179341396,100,24500,PE,2024-01-02,0.14
2024-01-02 10:09:00+05:30,21.04322753424164,21.12740044437861,20.959054624104674,21.04322753424164,100,24500,CE,2024-01-02,0.14
2024-01-02 10:09:00+05:30,29.737550926731974,29.8565011304389,29.618600723025047,29.737550926731974,100,24500,PE,2024-01-02,0.14
2024-01-02 10:10:00+05:30,16.108303135954674,16.172736348498493,16.043869923410856,16.108303135954674,100,24500,CE,2024-01-02,0.14
2024-01-02 10:10:00+05:30,34.67247532501894,34.81116522631901,34.53378542371886,34.67247532501894,100,24500,PE,2024-01-02,0.14
2024-01-02 10:11:00+05:30,18.470539354392503,18.544421511810075,18.39665719697493,18.470539354392503,100,24500,CE,2024-01-02,0.14
2024-01-02 10:11:00+05:30,32.31023910658111,32.43948006300743,32.180998150154785,32.31023910658111,100,24500,PE,2024-01-02,0.14
2024-01-02 10:12:00+05:30,20.79095248014234,20.87411629006291,20.70778867022177,20.79095248014234,100,24500,CE,2024-01-02,0.14
2024-01-02 10:12:00+05:30,29.989825980831274,30.109785284754597,29.86986667690795,29.989825980831274,100,24500,PE,2024-01-02,0.14
2024-01-02 10:13:00+05:30,14.22200781585595,14.278895847119374,14.165119784592525,14.22200781585595,100,24500,CE,2024-01-02,0.14
2024-01-02 10:13:00+05:30,36.55877064511766,36.70500572769813,36.412535562537194,36.55877064511766,100,24500,PE,2024-01-02,0.14
2024-01-02 10:14:00+05:30,15.58337069856022,15.64570418135446,15.521037215765979,15.58337069856022,100,24500,CE,2024-01-02,0.14
2024-01-02 10:14:00+05:30,35.19740776241339,35.33819739346305,35.056618131363734,35.19740776241339,100,24500,PE,2024-01-02,0.14
2024-01-02 10:15:00+05:30,14.704290648397336,14.763107810990926,14.645473485803747,14.704290648397336,100,24500,CE,2024-01-02,0.14
2024-01-02 10:15:00+05:30,36.076487812576275,36.22079376382658,35.93218186132597,36.076487812576275,100,24500,PE,2024-01-02,0.14
2024-01-02 10:16:00+05:30,17.69500075862995,17.76578076166447,17.624220755595427,17.69500075862995,100,24500,CE,2024-01-02,0.14
2024-01-02 10:16:00+05:30,33.08577770234366,33.218120813153035,32.95343459153429,33.08577770234366,100,24500,PE,2024-01-02,0.14
2024-01-02 10:17:00+05:30,16.108517554987674,16.172951625207624,16.044083484767725,16.108517554987674,100,24500,CE,2024-01-02,0.14
2024-01-02 10:17:00+05:30,34.67226090598594,34.81094994960988,34.533571862361995,34.67226090598594,100,24500,PE,2024-01-02,0.14
2024-01-02 10:18:00+05:30,16.100114338804605,16.164514796159825,16.035713881449386,16.100114338804605,100,24500,CE,2024-01-02,0.14
2024-01-02 10:18:00+05:30,34.680664122169006,34.81938677865768,34.54194146568033,34.680664122169006,100,24500,PE,2024-01-02,0.14
2024-01-02 10:19:00+05:30,17.4458075287446,17.515590758859577,17.37602429862962,17.4458075287446,100,24500,CE,2024-01-02,0.14
2024-01-02 10:19:00+05:30,33.33497093222901,33.46831081595793,33.2016310485001,33.33497093222901,100,24500,PE,2024-01-02,0.14
2024-01-02 10:20:00+05:30,14.219826195953619,14.276705500737433,14.162946891169804,14.219826195953619,100,24500,CE,2024-01-02,0.14
2024-01-02 10:20:00+05:30,36.56095226501999,36.70719607408007,36.41470845595991,36.56095226501999,100,24500,PE,2024-01-02,0.14
2024-01-02 10:21:00+05:30,16.52456362663067,16.590661881137194,16.458465372124145,16.52456362663067,100,24500,CE,2024-01-02,0.14
2024-01-02 10:21:00+05:30,34.25621483434294,34.393239693680314,34.11918997500557,34.25621483434294,100,24500,PE,2024-01-02,0.14
2024-01-02 10:22:00+05:30,16.1909516696676,16.25571547634627,16.12618786298893,16.1909516696676,100,24500,CE,2024-01-02,0.14
2024-01-02 10:22:00+05:30,34.58982679130601,34.728186098471234,34.451467484140785,34.58982679130601,100,24500,PE,2024-01-02,0.14
2024-01-02 10:23:00+05:30,18.09776150846371,18.170152554497562,18.025370462429855,18.09776150846371,100,24500,CE,2024-01-02,0.14
2024-01-02 10:23:00+05:30,32.6830169525099,32.81374902031994,32.552284884699866,32.6830169525099,100,24500,PE,2024-01-02,0.14
2024-01-02 10:24:00+05:30,16.200870859701144,16.26567434313995,16.13606737626234,16.200870859701144,100,24500,CE,2024-01-02,0.14
2024-01-02 10:24:00+05:30,34.57990760127247,34.71822723167756,34.441587970867374,34.57990760127247,100,24500,PE,2024-01-02,0.14
2024-01-02 10:25:00+05:30,20.334126646991326,20.415463153579292,20.25279014040336,20.334126646991326,100,24500,CE,2024-01-02,0.14
2024-01-02 10:25:00+05:30,30.44665181398229,30.568438421238216,30.32486520672636,30.44665181398229,100,24500,PE,2024-01-02,0.14
2024-01-02 10:26:00+05:30,22.66363406610323,22.754288602367645,22.57297952983882,22.66363406610323,100,24500,CE,2024-01-02,0.14
2024-01-02 10:26:00+05:30,28.117144394870383,28.229612972449864,28.004675817290902,28.117144394870383,100,24500,PE,2024-01-02,0.14
2024-01-02 10:27:00+05:30,22.056040223404825,22.144264384298445,21.967816062511204,22.056040223404825,100,24500,CE,2024-01-02,0.14
2024-01-02 10:27:00+05:30,28.72473823756879,28.839637190519063,28.609839284618516,28.72473823756879,100,24500,PE,2024-01-02,0.14
2024-01-02 10:28:00+05:30,24.485879562506643,24.58382308075667,24.387936044256616,24.485879562506643,100,24500,CE,2024-01-02,0.14
2024-01-02 10:28:00+05:30,26.294898898466972,26.40007849406084,26.189719302873105,26.294898898466972,100,24500,PE,2024-01-02,0.14
2024-01-02 10:29:00+05:30,29.269961417600616,29.38704126327102,29.152881571930212,29.269961417600616,100,24500,CE,2024-01-02,0.14
2024-01-02 10:29:00+05:30,21.510817043373,21.59686031154649,21.424773775199508,21.510817043373,100,24500,PE,2024-01-02,0.14
2024-01-02 10:30:00+05:30,36.0468695932184,36.191057071591274,35.90268211484553,36.0468695932184,100,24500,CE,2024-01-02,0.14
2024-01-02 10:30:00+05:30,14.733908867755208,14.79284450322623,14.674973232284186,14.733908867755208,100,24500,PE,2024-01-02,0.14
2024-01-02 10:31:00+05:30,30.20595820406813,30.326782036884403,30.085134371251854,30.20595820406813,100,24500,CE,2024-01-02,0.14
2024-01-02 10:31:00+05:30,20.574820256905486,20.65711953793311,20.492520975877863,20.574820256905486,100,24500,PE,2024-01-02,0.14
2024-01-02 10:32:00+05:30,33.57770249765123,33.71201330764183,33.44339168766063,33.57770249765123,100,24500,CE,2024-01-02,0.14
2024-01-02 10:32:00+05:30,17.20307596332238,17.27188826717567,17.13426365946909,17.20307596332238,100,24500,PE,2024-01-02,0.14
2024-01-02 10:33:00+05:30,35.38170940457782,35.52323624219613,35.24018256695951,35.38170940457782,100,24500,CE,2024-01-02,0.14
2024-01-02 10:33:00+05:30,15.399069056395792,15.460665332621375,15.33747278017021,15.399069056395792,100,24500,PE,2024-01-02,0.14
2024-01-02 10:34:00+05:30,35.08973147887879,35.2300904047943,34.949372552963275,35.08973147887879,100,24500,CE,2024-01-02,0.14
2024-01-02 10:34:00+05:30,15.691046982094822,15.753811170023202,15.628282794166442,15.691046982094822,100,24500,PE,2024-01-02,0.14
2024-01-02 10:35:00+05:30,31.374737972714474,31.500236924605332,31.249239020823616,31.374737972714474,100,24500,CE,2024-01-02,0.14
2024-01-02 10:35:00+05:30,19.40604048825914,19.483664650212177,19.328416326306105,19.40604048825914,100,24500,PE,2024-01-02,0.14
2024-01-02 10:36:00+05:30,36.149195273238334,36.293792054331284,36.004598492145384,36.149195273238334,100,24500,CE,2024-01-02,0.14
2024-01-02 10:36:00+05:30,14.631583187735277,14.690109520486219,14.573056854984335,14.631583187735277,100,24500,PE,2024-01-02,0.14
2024-01-02 10:37:00+05:30,31.477677797821134,31.60358850901242,31.35176708662985,31.477677797821134,100,24500,CE,2024-01-02,0.14
2024-01-02 10:37:00+05:30,19.30310066315248,19.38031306580509,19.22588826049987,19.30310066315248,100,24500,PE,2024-01-02,0.14
2024-01-02 10:38:00+05:30,33.6637232943274,33.79837818750471,33.529068401150084,33.6637232943274,100,24500,CE,2024-01-02,0.14
2024-01-02 10:38:00+05:30,17.117055166646214,17.1855233873128,17.04858694597963,17.117055166646214,100,24500,PE,2024-01-02,0.14
2024-01-02 10:39:00+05:30,38.60572828008732,38.76015119320767,38.45130536696697,38.60572828008732,100,24500,CE,2024-01-02,0.14
2024-01-02 10:39:00+05:30,12.175050180886291,12.223750381609836,12.126349980162747,12.175050180886291,100,24500,PE,2024-01-02,0.14
2024-01-02 10:40:00+05:30,32.666968449894526,32.79763632369411,32.536300576094945,32.666968449894526,100,24500,CE,2024-01-02,0.14
2024-01-02 10:40:00+05:30,18.113810011079085,18.1862652511234,18.04135477103477,18.113810011079085,100,24500,PE,2024-01-02,0.14
2024-01-02 10:41:00+05:30,31.59252654808076,31.71889665427308,31.466156441888437,31.59252654808076,100,24500,CE,2024-01-02,0.14
2024-01-02 10:41:00+05:30,19.188251912892856,19.265004920544428,19.111498905241284,19.188251912892856,100,24500,PE,2024-01-02,0.14
2024-01-02 10:42:00+05:30,26.74296348239547,26.849935336325053,26.635991628465888,26.74296348239547,100,24500,CE,2024-01-02,0.14
2024-01-02 10:42:00+05:30,24.037814978578144,24.133966238492455,23.941663718663833,24.037814978578144,100,24500,PE,2024-01-02,0.14
2024-01-02 10:43:00+05:30,27.71816638752968,27.8290390530798,27.607293721979563,27.71816638752968,100,24500,CE,2024-01-02,0.14
2024-01-02 10:43:00+05:30,23.062612073443933,23.15486252173771,22.970361625150158,23.062612073443933,100,24500,PE,2024-01-02,0.14
2024-01-02 10:44:00+05:30,33.45707312756055,33.59090142007079,33.3232448350503,33.45707312756055,100,24500,CE,2024-01-02,0.14
2024-01-02 10:44:00+05:30,17.323705333413063,17.393000154746716,17.25441051207941,17.323705333413063,100,24500,PE,2024-01-02,0.14
2024-01-02 10:45:00+05:30,41.10540823695625,41.26982986990408,40.94098660400842,41.10540823695625,100,24500,CE,2024-01-02,0.14
2024-01-02 10:45:00+05:30,9.67537022401736,9.71407170491343,9.636668743121291,9.67537022401736,100,24500,PE,2024-01-02,0.14
2024-01-02 10:46:00+05:30,34.49747907614325,34.63546899244783,34.359489159838674,34.49747907614325,100,24500,CE,2024-01-02,0.14
2024-01-02 10:46:00+05:30,16.28329938483036,16.348432582369682,16.21816618729104,16.28329938483036,100,24500,PE,2024-01-02,0.14
2024-01-02 10:47:00+05:30,32.40142030468884,32.5310259859076,32.271814623470085,32.40142030468884,100,24500,CE,2024-01-02,0.14
2024-01-02 10:47:00+05:30,18.37935815628477,18.452875588909908,18.30584072365963,18.37935815628477,100,24500,PE,2024-01-02,0.14
2024-01-02 10:48:00+05:30,35.09971440468031,35.24011326229903,34.95931554706159,35.09971440468031,100,24500,CE,2024-01-02,0.14
2024-01-02 10:48:00+05:30,15.681064056293298,15.743788312518472,15.618339800068124,15.681064056293298,100,24500,PE,2024-01-02,0.14
2024-01-02 10:49:00+05:30,41.08236185002967,41.24669129742979,40.91803240262955,41.08236185002967,100,24500,CE,2024-01-02,0.14
2024-01-02 10:49:00+05:30,9.69841661094394,9.737210277387716,9.659622944500166,9.69841661094394,100,24500,PE,2024-01-02,0.14
2024-01-02 10:50:00+05:30,42.72190176607252,42.89278937313681,42.55101415900823,42.72190176607252,100,24500,CE,2024-01-02,0.14
2024-01-02 10:50:00+05:30,8.058876694901091,8.091112201680696,8.026641188121486,8.058876694901091,100,24500,PE,2024-01-02,0.14
2024-01-02 10:51:00+05:30,39.983831775108015,40.14376710220845,39.82389644800758,39.983831775108015,100,24500,CE,2024-01-02,0.14
2024-01-02 10:51:00+05:30,10.796946685865596,10.840134472609058,10.753758899122133,10.796946685865596,100,24500,PE,2024-01-02,0.14
2024-01-02 10:52:00+05:30,41.15807493624813,41.32270723599312,40.99344263650313,41.15807493624813,100,24500,CE,2024-01-02,0.14
2024-01-02 10:52:00+05:30,9.622703524725484,9.661194338824385,9.584212710626582,9.622703524725484,100,24500,PE,2024-01-02,0.14
2024-01-02 10:53:00+05:30,41.155752932569854,41.32037594430013,40.991129920839576,41.155752932569854,100,24500,CE,2024-01-02,0.14
2024-01-02 10:53:00+05:30,9.625025528403757,9.663525630517372,9.586525426290143,9.625025528403757,100,24500,PE,2024-01-02,0.14
2024-01-02 10:54:00+05:30,40.45172522361351,40.61353212450796,40.28991832271905,40.45172522361351,100,24500,CE,2024-01-02,0.14
2024-01-02 10:54:00+05:30,10.329053237360103,10.370369450309544,10.287737024410662,10.329053237360103,100,24500,PE,2024-01-02,0.14
2024-01-02 10:55:00+05:30,37.757458604061654,37.9084884384779,37.606428769645404,37.757458604061654,100,24500,CE,2024-01-02,0.14
2024-01-02 10:55:00+05:30,13.023319856911957,13.075413136339606,12.971226577484309,13.023319856911957,100,24500,PE,2024-01-02,0.14
2024-01-02 10:56:00+05:30,39.26968268884845,39.42676141960384,39.112603958093054,39.26968268884845,100,24500,CE,2024-01-02,0.14
2024-01-02 10:56:00+05:30,11.511095772125163,11.557140155213665,11.465051389036661,11.511095772125163,100,24500,PE,2024-01-02,0.14
2024-01-02 10:57:00+05:30,40.48423128771971,40.646168212870585,40.32229436256883,40.48423128771971,100,24500,CE,2024-01-02,0.14
2024-01-02 10:57:00+05:30,10.296547173253902,10.337733361946919,10.255360984560886,10.296547173253902,100,24500,PE,2024-01-02,0.14
2024-01-02 10:58:00+05:30,40.1955408093079,40.35632297254513,40.03475864607067,40.1955408093079,100,24500,CE,2024-01-02,0.14
2024-01-02 10:58:00+05:30,10.585237651665711,10.627578602272374,10.542896701059048,10.585237651665711,100,24500,PE,2024-01-02,0.14
2024-01-02 10:59:00+05:30,39.42421103543053,39.581907879572256,39.266514191288806,39.42421103543053,100,24500,CE,2024-01-02,0.14
2024-01-02 10:59:00+05:30,11.35656742554308,11.401993695245253,11.311141155840907,11.35656742554308,100,24500,PE,2024-01-02,0.14
2024-01-02 11:00:00+05:30,34.665773895906355,34.80443699148998,34.52711080032273,34.665773895906355,100,24500,CE,2024-01-02,0.14
2024-01-02 11:00:00+05:30,16.115004565067256,16.179464583327526,16.050544546806986,16.115004565067256,100,24500,PE,2024-01-02,0.14
2024-01-02 11:01:00+05:30,32.90261514412556,33.034225604702065,32.77100468354906,32.90261514412556,100,24500,CE,2024-01-02,0.14
2024-01-02 11:01:00+05:30,17.87816331684805,17.94967597011544,17.80665066358066,17.87816331684805,100,24500,PE,2024-01-02,0.14
2024-01-02 11:02:00+05:30,37.48680141167712,37.63674861732383,37.33685420603041,37.48680141167712,100,24500,CE,2024-01-02,0.14
2024-01-02 11:02:00+05:30,13.29397704929649,13.347152957493677,13.240801141099304,13.29397704929649,100,24500,PE,2024-01-02,0.14
2024-01-02 11:03:00+05:30,36.83220794842852,36.97953678022223,36.684879116634804,36.83220794842852,100,24500,CE,2024-01-02,0.14
2024-01-02 11:03:00+05:30,13.948570512545093,14.004364794595274,13.892776230494912,13.948570512545093,100,24500,PE,2024-01-02,0.14
2024-01-02 11:04:00+05:30,31.49334301028536,31.619316382326502,31.36736963824422,31.49334301028536,100,24500,CE,2024-01-02,0.14
2024-01-02 11:04:00+05:30,19.287435450688253,19.364585192491006,19.2102857088855,19.287435450688253,100,24500,PE,2024-01-02,0.14
2024-01-02 11:05:00+05:30,36.557503536353366,36.70373355049878,36.41127352220795,36.557503536353366,100,24500,CE,2024-01-02,0.14
2024-01-02 11:05:00+05:30,14.223274924620245,14.280168024318726,14.166381824921764,14.223274924620245,100,24500,PE,2024-01-02,0.14
2024-01-02 11:06:00+05:30,38.60599881816485,38.76042281343751,38.45157482289219,38.60599881816485,100,24500,CE,2024-01-02,0.14
2024-01-02 11:06:00+05:30,12.174779642808762,12.223478761379997,12.126080524237526,12.174779642808762,100,24500,PE,2024-01-02,0.14
2024-01-02 11:07:00+05:30,46.571325175508505,46.75761047621054,46.38503987480647,46.571325175508505,100,24500,CE,2024-01-02,0.14
2024-01-02 11:07:00+05:30,5.0,5.02,4.98,5.0,100,24500,PE,2024-01-02,0.14
2024-01-02 11:08:00+05:30,46.86574581072888,47.0532087939718,46.678282827485965,46.86574581072888,100,24500,CE,2024-01-02,0.14
2024-01-02 11:08:00+05:30,5.0,5.02,4.98,5.0,100,24500,PE,2024-01-02,0.14
2024-01-02 11:09:00+05:30,45.195553639284086,45.37633585384122,45.01477142472695,45.195553639284086,100,24500,CE,2024-01-02,0.14
2024-01-02 11:09:00+05:30,5.5852248216895255,5.607565720976283,5.562883922402768,5.5852248216895255,100,24500,PE,2024-01-02,0.14
2024-01-02 11:10:00+05:30,39.82688601887527,39.986193562950774,39.66757847479977,39.82688601887527,100,24500,CE,2024-01-02,0.14
2024-01-02 11:10:00+05:30,10.95389244209834,10.997708011866733,10.910076872329947,10.95389244209834,100,24500,PE,2024-01-02,0.14
2024-01-02 11:11:00+05:30,44.85127990661455,45.03068502624101,44.67187478698809,44.85127990661455,100,24500,CE,2024-01-02,0.14
2024-01-02 11:11:00+05:30,5.929498554359061,5.9532165485764965,5.905780560141625,5.929498554359061,100,24500,PE,2024-01-02,0.14
2024-01-02 11:12:00+05:30,54.546948080330154,54.76513587265148,54.32876028800883,54.546948080330154,100,24500,CE,2024-01-02,0.14
2024-01-02 11:12:00+05:30,5.0,5.02,4.98,5.0,100,24500,PE,2024-01-02,0.14
2024-01-02 11:13:00+05:30,51.528442065739696,51.734555834002656,51.32232829747674,51.528442065739696,100,24500,CE,2024-01-02,0.14
2024-01-02 11:13:00+05:30,5.0,5.02,4.98,5.0,100,24500,PE,2024-01-02,0.14
2024-01-02 11:14:00+05:30,49.161863414898804,49.3585108685584,48.96521596123921,49.161863414898804,100,24500,CE,2024-01-02,0.14
2024-01-02 11:14:00+05:30,5.0,5.02,4.98,5.0,100,24500,PE,2024-01-02,0.14
2024-01-02 11:15:00+05:30,51.4575714099217,51.66340169556138,51.25174112428201,51.4575714099217,100,24500,CE,2024-01-02,0.14
2024-01-02 11:15:00+05:30,5.0,5.02,4.98,5.0,100,24500,PE,2024-01-02,0.14
2024-01-02 11:16:00+05:30,48.403776027121026,48.59739113122951,48.210160923012545,48.403776027121026,100,24500,CE,2024-01-02,0.14
2024-01-02 11:16:00+05:30,5.0,5.02,4.98,5.0,100,24500,PE,2024-01-02,0.14
2024-01-02 11:17:00+05:30,47.44918215090071,47.638978879504315,47.25938542229711,47.44918215090071,100,24500,CE,2024-01-02,0.14
2024-01-02 11:17:00+05:30,5.0,5.02,4.98,5.0,100,24500,PE,2024-01-02,0.14
2024-01-02 11:18:00+05:30,46.197290777991626,46.38207994110359,46.01250161487966,46.197290777991626,100,24500,CE,2024-01-02,0.14
2024-01-02 11:18:00+05:30,5.0,5.02,4.98,5.0,100,24500,PE,2024-01-02,0.14
2024-01-02 11:19:00+05:30,46.97713660533806,47.165045151759415,46.789228058916706,46.97713660533806,100,24500,CE,2024-01-02,0.14
2024-01-02 11:19:00+05:30,5.0,5.02,4.98,5.0,100,24500,PE,2024-01-02,0.14
2024-01-02 11:20:00+05:30,51.142705768089186,51.347276591161545,50.93813494501683,51.142705768089186,100,24500,CE,2024-01-02,0.14
2024-01-02 11:20:00+05:30,5.0,5.02,4.98,5.0,100,24500,PE,2024-01-02,0.14
2024-01-02 11:21:00+05:30,51.28545922951777,51.49060106643584,51.080317392599696,51.28545922951777,100,24500,CE,2024-01-02,0.14
2024-01-02 11:21:00+05:30,5.0,5.02,4.98,5.0,100,24500,PE,2024-01-02,0.14
2024-01-02 11:22:00+05:30,54.79137208869248,55.01053757704725,54.572206600337715,54.79137208869248,100,24500,CE,2024-01-02,0.14
2024-01-02 11:22:00+05:30,5.0,5.02,4.98,5.0,100,24500,PE,2024-01-02,0.14
2024-01-02 11:23:00+05:30,53.276788728690704,53.48989588360547,53.06368157377594,53.276788728690704,100,24500,CE,2024-01-02,0.14
2024-01-02 11:23:00+05:30,5.0,5.02,4.98,5.0,100,24500,PE,2024-01-02,0.14
2024-01-02 11:24:00+05:30,54.56603323765445,54.78429737060507,54.347769104703836,54.56603323765445,100,24500,CE,2024-01-02,0.14
2024-01-02 11:24:00+05:30,5.0,5.02,4.98,5.0,100,24500,PE,2024-01-02,0.14
2024-01-02 11:25:00+05:30,46.607687276979746,46.794118026087666,46.421256527871826,46.607687276979746,100,24500,CE,2024-01-02,0.14
2024-01-02 11:25:00+05:30,5.0,5.02,4.98,5.0,100,24500,PE,2024-01-02,0.14
2024-01-02 11:26:00+05:30,41.23038202654858,41.395303554654774,41.06546049844239,41.23038202654858,100,24500,CE,2024-01-02,0.14
2024-01-02 11:26:00+05:30,9.550396434425029,9.58859802016273,9.512194848687328,9.550396434425029,100,24500,PE,2024-01-02,0.14
2024-01-02 11:27:00+05:30,44.27505732410533,44.452157553401754,44.09795709480891,44.27505732410533,100,24500,CE,2024-01-02,0.14
2024-01-02 11:27:00+05:30,6.505721136868278,6.531744021415751,6.479698252320805,6.505721136868278,100,24500,PE,2024-01-02,0.14
2024-01-02 11:28:00+05:30,42.12199707770266,42.29048506601347,41.95350908939185,42.12199707770266,100,24500,CE,2024-01-02,0.14
2024-01-02 11:28:00+05:30,8.658781383270952,8.693416508804036,8.624146257737868,8.658781383270952,100,24500,PE,2024-01-02,0.14
2024-01-02 11:29:00+05:30,44.35667804072433,44.53410475288723,44.179251328561435,44.35667804072433,100,24500,CE,2024-01-02,0.14
2024-01-02 11:29:00+05:30,6.424100420249278,6.449796821930275,6.398404018568281,6.424100420249278,100,24500,PE,2024-01-02,0.14
2024-01-02 11:30:00+05:30,46.45046899628029,46.63627087226541,46.26466712029517,46.45046899628029,100,24500,CE,2024-01-02,0.14
2024-01-02 11:30:00+05:30,5.0,5.02,4.98,5.0,100,24500,PE,2024-01-02,0.14
2024-01-02 11:31:00+05:30,51.469014714667324,51.674890773525995,51.26313865580865,51.469014714667324,100,24500,CE,2024-01-02,0.14
2024-01-02 11:31:00+05:30,5.0,5.02,4.98,5.0,100,24500,PE,2024-01-02,0.14
2024-01-02 11:32:00+05:30,54.573486188452776,54.791780133206586,54.355192243698966,54.573486188452776,100,24500,CE,2024-01-02,0.14
2024-01-02 11:32:00+05:30,5.0,5.02,4.98,5.0,100,24500,PE,2024-01-02,0.14
2024-01-02 11:33:00+05:30,58.44720375157773,58.680992566584045,58.21341493657142,58.44720375157773,100,24500,CE,2024-01-02,0.14
2024-01-02 11:33:00+05:30,5.0,5.02,4.98,5.0,100,24500,PE,2024-01-02,0.14
2024-01-02 11:34:00+05:30,58.088436261587745,58.3207900066341,57.85608251654139,58.088436261587745,100,24500,CE,2024-01-02,0.14
2024-01-02 11:34:00+05:30,5.0,5.02,4.98,5.0,100,24500,PE,2024-01-02,0.14
2024-01-02 11:35:00+05:30,55.52986684947679,55.7519863168747,55.30774738207888,55.52986684947679,100,24500,CE,2024-01-02,0.14
2024-01-02 11:35:00+05:30,5.0,5.02,4.98,5.0,100,24500,PE,2024-01-02,0.14
2024-01-02 11:36:00+05:30,52.84652143300515,53.057907518737174,52.63513534727313,52.84652143300515,100,24500,CE,2024-01-02,0.14
2024-01-02 11:36:00+05:30,5.0,5.02,4.98,5.0,100,24500,PE,2024-01-02,0.14
2024-01-02 11:37:00+05:30,51.07635665692284,51.28066208355053,50.87205123029515,51.07635665692284,100,24500,CE,2024-01-02,0.14
2024-01-02 11:37:00+05:30,5.0,5.02,4.98,5.0,100,24500,PE,2024-01-02,0.14
2024-01-02 11:38:00+05:30,46.89949747937386,47.087095469291356,46.71189948945637,46.89949747937386,100,24500,CE,2024-01-02,0.14
2024-01-02 11:38:00+05:30,5.0,5.02,4.98,5.0,100,24500,PE,2024-01-02,0.14
2024-01-02 11:39:00+05:30,44.9065840464216,45.086210382607284,44.726957710235915,44.9065840464216,100,24500,CE,2024-01-02,0.14
2024-01-02 11:39:00+05:30,5.8741944145520115,5.897691192210219,5.850697636893804,5.8741944145520115,100,24500,PE,2024-01-02,0.14
2024-01-02 11:40:00+05:30,44.61945010326487,44.79792790367793,44.440972302851804,44.61945010326487,100,24500,CE,2024-01-02,0.14
2024-01-02 11:40:00+05:30,6.161328357708744,6.185973671139578,6.136683044277909,6.161328357708744,100,24500,PE,2024-01-02,0.14
2024-01-02 11:41:00+05:30,45.62299494241121,45.805486922180854,45.44050296264157,45.62299494241121,100,24500,CE,2024-01-02,0.14
2024-01-02 11:41:00+05:30,5.1577835185624,5.17841465263665,5.137152384488151,5.1577835185624,100,24500,PE,2024-01-02,0.14
2024-01-02 11:42:00+05:30,44.41215447964966,44.58980309756826,44.23450586173106,44.41215447964966,100,24500,CE,2024-01-02,0.14
2024-01-02 11:42:00+05:30,6.368623981323953,6.394098477249249,6.343149485398658,6.368623981323953,100,24500,PE,2024-01-02,0.14
2024-01-02 11:43:00+05:30,37.25834373082468,37.407377105747976,37.10931035590138,37.25834373082468,100,24500,CE,2024-01-02,0.14
2024-01-02 11:43:00+05:30,13.522434730148934,13.576524469069529,13.468344991228339,13.522434730148934,100,24500,PE,2024-01-02,0.14
2024-01-02 11:44:00+05:30,37.04728265144037,37.195471782046134,36.899093520834604,37.04728265144037,100,24500,CE,2024-01-02,0.14
2024-01-02 11:44:00+05:30,13.733495809533242,13.788429792771375,13.678561826295109,13.733495809533242,100,24500,PE,2024-01-02,0.14
2024-01-02 11:45:00+05:30,37.95232935279161,38.10413867020277,37.800520035380444,37.95232935279161,100,24500,CE,2024-01-02,0.14
2024-01-02 11:45:00+05:30,12.828449108182003,12.879762904614731,12.777135311749275,12.828449108182003,100,24500,PE,2024-01-02,0.14
2024-01-02 11:46:00+05:30,42.0791128327062,42.247429284037025,41.91079638137538,42.0791128327062,100,24500,CE,2024-01-02,0.14
2024-01-02 11:46:00+05:30,8.70166562826741,8.73647229078048,8.66685896575434,8.70166562826741,100,24500,PE,2024-01-02,0.14
2024-01-02 11:47:00+05:30,44.30610244126616,44.48332685103123,44.128878031501095,44.30610244126616,100,24500,CE,2024-01-02,0.14
2024-01-02 11:47:00+05:30,6.474676019707449,6.500574723786278,6.448777315628619,6.474676019707449,100,24500,PE,2024-01-02,0.14
2024-01-02 11:48:00+05:30,41.95274986821893,42.12056086769181,41.78493886874605,41.95274986821893,100,24500,CE,2024-01-02,0.14
2024-01-02 11:48:00+05:30,8.82802859275468,8.8633407071257,8.792716478383662,8.82802859275468,100,24500,PE,2024-01-02,0.14
2024-01-02 11:49:00+05:30,39.29858776775178,39.45578211882279,39.14139341668078,39.29858776775178,100,24500,CE,2024-01-02,0.14
2024-01-02 11:49:00+05:30,11.482190693221828,11.528119455994714,11.436261930448941,11.482190693221828,100,24500,PE,2024-01-02,0.14
2024-01-02 11:50:00+05:30,46.89832847666072,47.08592179056737,46.71073516275408,46.89832847666072,100,24500,CE,2024-01-02,0.14
2024-01-02 11:50:00+05:30,5.0,5.02,4.98,5.0,100,24500,PE,2024-01-02,0.14
2024-01-02 11:51:00+05:30,49.7957208042251,49.994903687442,49.5965379210082,49.7957208042251,100,24500,CE,2024-01-02,0.14
2024-01-02 11:51:00+05:30,5.0,5.02,4.98,5.0,100,24500,PE,2024-01-02,0.14
2024-01-02 11:52:00+05:30,56.72362013949238,56.95051462005035,56.496725658934416,56.72362013949238,100,24500,CE,2024-01-02,0.14
2024-01-02 11:52:00+05:30,5.0,5.02,4.98,5.0,100,24500,PE,2024-01-02,0.14
2024-01-02 11:53:00+05:30,64.7690371315664,65.02811328009267,64.50996098304014,64.7690371315664,100,24500,CE,2024-01-02,0.14
2024-01-02 11:53:00+05:30,5.0,5.02,4.98,5.0,100,24500,PE,2024-01-02,0.14
2024-01-02 11:54:00+05:30,61.761223381795176,62.00826827532236,61.514178488267994,61.761223381795176,100,24500,CE,2024-01-02,0.14
2024-01-02 11:54:00+05:30,5.0,5.02,4.98,5.0,100,24500,PE,2024-01-02,0.14
2024-01-02 11:55:00+05:30,63.265983265336004,63.519047198397345,63.01291933227466,63.265983265336004,100,24500,CE,2024-01-02,0.14
2024-01-02 11:55:00+05:30,5.0,5.02,4.98,5.0,100,24500,PE,2024-01-02,0.14
2024-01-02 11:56:00+05:30,65.04410953347612,65.30428597161003,64.7839330953422,65.04410953347612,100,24500,CE,2024-01-02,0.14
2024-01-02 11:56:00+05:30,5.0,5.02,4.98,5.0,100,24500,PE,2024-01-02,0.14
2024-01-02 11:57:00+05:30,67.20265537370757,67.47146599520241,66.93384475221274,67.20265537370757,100,24500,CE,2024-01-02,0.14
2024-01-02 11:57:00+05:30,5.0,5.02,4.98,5.0,100,24500,PE,2024-01-02,0.14
2024-01-02 11:58:00+05:30,69.2947887185153,69.57196787338937,69.01760956364124,69.2947887185153,100,24500,CE,2024-01-02,0.14
2024-01-02 11:58:00+05:30,5.0,5.02,4.98,5.0,100,24500,PE,2024-01-02,0.14
2024-01-02 11:59:00+05:30,70.11249360693434,70.39294358136208,69.8320436325066,70.11249360693434,100,24500,CE,2024-01-02,0.14
2024-01-02 11:59:00+05:30,5.0,5.02,4.98,5.0,100,24500,PE,2024-01-02,0.14
2024-01-02 12:00:00+05:30,70.82547827286977,71.10878018596125,70.5421763597783,70.82547827286977,100,24500,CE,2024-01-02,0.14
2024-01-02 12:00:00+05:30,5.0,5.02,4.98,5.0,100,24500,PE,2024-01-02,0.14
2024-01-02 12:01:00+05:30,65.25110349376588,65.51210790774094,64.99009907979082,65.25110349376588,100,24500,CE,2024-01-02,0.14
2024-01-02 12:01:00+05:30,5.0,5.02,4.98,5.0,100,24500,PE,2024-01-02,0.14
2024-01-02 12:02:00+05:30,64.69084905682463,64.94961245305193,64.43208566059734,64.69084905682463,100,24500,CE,2024-01-02,0.14
2024-01-02 12:02:00+05:30,5.0,5.02,4.98,5.0,100,24500,PE,2024-01-02,0.14
2024-01-02 12:03:00+05:30,61.947275178009264,62.195064278721304,61.69948607729722,61.947275178009264,100,24500,CE,2024-01-02,0.14
2024-01-02 12:03:00+05:30,5.0,5.02,4.98,5.0,100,24500,PE,2024-01-02,0.14
2024-01-02 12:04:00+05:30,62.48010257403327,62.7300229843294,62.23018216373713,62.48010257403327,100,24500,CE,2024-01-02,0.14
2024-01-02 12:04:00+05:30,5.0,5.02,4.98,5.0,100,24500,PE,2024-01-02,0.14
2024-01-02 12:05:00+05:30,60.78680409879486,61.02995131519004,60.54365688239968,60.78680409879486,100,24500,CE,2024-01-02,0.14
2024-01-02 12:05:00+05:30,5.0,5.02,4.98,5.0,100,24500,PE,2024-01-02,0.14
2024-01-02 12:06:00+05:30,63.166256915656746,63.418921943319376,62.913591887994116,63.166256915656746,100,24500,CE,2024-01-02,0.14
2024-01-02 12:06:00+05:30,5.0,5.02,4.98,5.0,100,24500,PE,2024-01-02,0.14
2024-01-02 12:07:00+05:30,66.29779082695565,66.56298199026347,66.03259966364783,66.29779082695565,100,24500,CE,2024-01-02,0.14
2024-01-02 12:07:00+05:30,5.0,5.02,4.98,5.0,100,24500,PE,2024-01-02,0.14
2024-01-02 12:08:00+05:30,67.51538719573797,67.78544874452092,67.24532564695502,67.51538719573797,100,24500,CE,2024-01-02,0.14
2024-01-02 12:08:00+05:30,5.0,5.02,4.98,5.0,100,24500,PE,2024-01-02,0.14
2024-01-02 12:09:00+05:30,68.76101773692314,69.03606180787082,68.48597366597545,68.76101773692314,100,24500,CE,2024-01-02,0.14
2024-01-02 12:09:00+05:30,5.0,5.02,4.98,5.0,100,24500,PE,2024-01-02,0.14
2024-01-02 12:10:00+05:30,69.16956780548459,69.44624607670653,68.89288953426265,69.16956780548459,100,24500,CE,2024-01-02,0.14
2024-01-02 12:10:00+05:30,5.0,5.02,4.98,5.0,100,24500,PE,2024-01-02,0.14
2024-01-02 12:11:00+05:30,67.5503257068765,67.82052700970401,67.280124404049,67.5503257068765,100,24500,CE,2024-01-02,0.14
2024-01-02 12:11:00+05:30,5.0,5.02,4.98,5.0,100,24500,PE,2024-01-02,0.14
2024-01-02 12:12:00+05:30,66.99344596600419,67.26141974986821,66.72547218214017,66.99344596600419,100,24500,CE,2024-01-02,0.14
2024-01-02 12:12:00+05:30,5.0,5.02,4.98,5.0,100,24500,PE,2024-01-02,0.14
2024-01-02 12:13:00+05:30,65.19477322860145,65.45555232151585,64.93399413568704,65.19477322860145,100,24500,CE,2024-01-02,0.14
2024-01-02 12:13:00+05:30,5.0,5.02,4.98,5.0,100,24500,PE,2024-01-02,0.14
2024-01-02 12:14:00+05:30,66.70972498164771,66.97656388157431,66.44288608172111,66.70972498164771,100,24500,CE,2024-01-02,0.14
2024-01-02 12:14:00+05:30,5.0,5.02,4.98,5.0,100,24500,PE,2024-01-02,0.14
2024-01-02 12:15:00+05:30,66.82265027605605,67.08994087716027,66.55535967495183,66.82265027605605,100,24500,CE,2024-01-02,0.14
2024-01-02 12:15:00+05:30,5.0,5.02,4.98,5.0,100,24500,PE,2024-01-02,0.14
2024-01-02 12:16:00+05:30,69.06249227084005,69.33874223992342,68.78624230175669,69.06249227084005,100,24500,CE,2024-01-02,0.14
2024-01-02 12:16:00+05:30,5.0,5.02,4.98,5.0,100,24500,PE,2024-01-02,0.14
2024-01-02 12:17:00+05:30,64.1400611023462,64.39662134675558,63.88350085793681,64.1400611023462,100,24500,CE,2024-01-02,0.14
2024-01-02 12:17:00+05:30,5.0,5.02,4.98,5.0,100,24500,PE,2024-01-02,0.14
2024-01-02 12:18:00+05:30,67.52923208386416,67.79934901219961,67.2591151555287,67.52923208386416,100,24500,CE,2024-01-02,0.14
2024-01-02 12:18:00+05:30,5.0,5.02,4.98,5.0,100,24500,PE,2024-01-02,0.14
2024-01-02 12:19:00+05:30,64.72912119567515,64.98803768045785,64.47020471089245,64.72912119567515,100,24500,CE,2024-01-02,0.14
2024-01-02 12:19:00+05:30,5.0,5.02,4.98,5.0,100,24500,PE,2024-01-02,0.14
2024-01-02 12:20:00+05:30,62.03556299716071,62.28370524914936,61.787420745172064,62.03556299716071,100,24500,CE,2024-01-02,0.14
2024-01-02 12:20:00+05:30,5.0,5.02,4.98,5.0,100,24500,PE,2024-01-02,0.14
2024-01-02 12:21:00+05:30,61.3551518039301,61.60057241114582,61.10973119671438,61.3551518039301,100,24500,CE,2024-01-02,0.14
2024-01-02 12:21:00+05:30,5.0,5.02,4.98,5.0,100,24500,PE,2024-01-02,0.14
2024-01-02 12:22:00+05:30,59.302459599922045,59.53966943832173,59.06524976152236,59.302459599922045,100,24500,CE,2024-01-02,0.14
2024-01-02 12:22:00+05:30,5.0,5.02,4.98,5.0,100,24500,PE,2024-01-02,0.14
2024-01-02 12:23:00+05:30,60.454179083041495,60.69599579937366,60.21236236670933,60.454179083041495,100,24500,CE,2024-01-02,0.14
2024-01-02 12:23:00+05:30,5.0,5.02,4.98,5.0,100,24500,PE,2024-01-02,0.14
2024-01-02 12:24:00+05:30,58.361061171296356,58.594505415981544,58.12761692661117,58.361061171296356,100,24500,CE,2024-01-02,0.14
2024-01-02 12:24:00+05:30,5.0,5.02,4.98,5.0,100,24500,PE,2024-01-02,0.14
2024-01-02 12:25:00+05:30,54.41052035685131,54.628162438278714,54.1928782754239,54.41052035685131,100,24500,CE,2024-01-02,0.14
2024-01-02 12:25:00+05:30,5.0,5.02,4.98,5.0,100,24500,PE,2024-01-02,0.14
2024-01-02 12:26:00+05:30,51.29875982543014,51.50395486473186,51.09356478612842,51.29875982543014,100,24500,CE,2024-01-02,0.14
2024-01-02 12:26:00+05:30,5.0,5.02,4.98,5.0,100,24500,PE,2024-01-02,0.14
2024-01-02 12:27:00+05:30,56.2786972951824,56.503812084363126,56.05358250600167,56.2786972951824,100,24500,CE,2024-01-02,0.14
2024-01-02 12:27:00+05:30,5.0,5.02,4.98,5.0,100,24500,PE,2024-01-02,0.14
2024-01-02 12:28:00+05:30,56.504666027571844,56.73068469168213,56.27864736346156,56.504666027571844,100,24500,CE,2024-01-02,0.14
2024-01-02 12:28:00+05:30,5.0,5.02,4.98,5.0,100,24500,PE,2024-01-02,0.14
2024-01-02 12:29:00+05:30,52.1864274590305,52.39517316886662,51.977681749194375,52.1864274590305,100,24500,CE,2024-01-02,0.14
2024-01-02 12:29:00+05:30,5.0,5.02,4.98,5.0,100,24500,PE,2024-01-02,0.14
2024-01-02 12:30:00+05:30,52.27784272094574,52.486954091829524,52.06873135006196,52.27784272094574,100,24500,CE,2024-01-02,0.14
2024-01-02 12:30:00+05:30,5.0,5.02,4.98,5.0,100,24500,PE,2024-01-02,0.14
2024-01-02 12:31:00+05:30,46.50304366580055,46.68905584046375,46.31703149113734,46.50304366580055,100,24500,CE,2024-01-02,0.14
2024-01-02 12:31:00+05:30,5.0,5.02,4.98,5.0,100,24500,PE,2024-01-02,0.14
2024-01-02 12:32:00+05:30,53.273918258196105,53.48701393122889,53.06082258516332,53.273918258196105,100,24500,CE,2024-01-02,0.14
2024-01-02 12:32:00+05:30,5.0,5.02,4.98,5.0,100,24500,PE,2024-01-02,0.14
2024-01-02 12:33:00+05:30,47.61712515710566,47.80759365773408,47.42665665647724,47.61712515710566,100,24500,CE,2024-01-02,0.14
2024-01-02 12:33:00+05:30,5.0,5.02,4.98,5.0,100,24500,PE,2024-01-02,0.14
2024-01-02 12:34:00+05:30,49.47244779952668,49.670337590724785,49.27455800832857,49.47244779952668,100,24500,CE,2024-01-02,0.14
2024-01-02 12:34:00+05:30,5.0,5.02,4.98,5.0,100,24500,PE,2024-01-02,0.14
2024-01-02 12:35:00+05:30,51.57104404070448,51.777328216867296,51.36475986454166,51.57104404070448,100,24500,CE,2024-01-02,0.14
2024-01-02 12:35:00+05:30,5.0,5.02,4.98,5.0,100,24500,PE,2024-01-02,0.14
2024-01-02 12:36:00+05:30,46.19351496380183,46.37828902365704,46.008740903946624,46.19351496380183,100,24500,CE,2024-01-02,0.14
2024-01-02 12:36:00+05:30,5.0,5.02,4.98,5.0,100,24500,PE,2024-01-02,0.14
2024-01-02 12:37:00+05:30,47.37955190787103,47.56907011550252,47.190033700239546,47.37955190787103,100,24500,CE,2024-01-02,0.14
2024-01-02 12:37:00+05:30,5.0,5.02,4.98,5.0,100,24500,PE,2024-01-02,0.14
2024-01-02 12:38:00+05:30,51.178947058492454,51.38366284672642,50.974231270258485,51.178947058492454,100,24500,CE,2024-01-02,0.14
2024-01-02 12:38:00+05:30,5.0,5.02,4.98,5.0,100,24500,PE,2024-01-02,0.14
2024-01-02 12:39:00+05:30,52.99235438010034,53.20432379762074,52.78038496257994,52.99235438010034,100,24500,CE,2024-01-02,0.14
2024-01-02 12:39:00+05:30,5.0,5.02,4.98,5.0,100,24500,PE,2024-01-02,0.14
2024-01-02 12:40:00+05:30,54.03116540791122,54.24729006954286,53.81504074627957,54.03116540791122,100,24500,CE,2024-01-02,0.14
2024-01-02 12:40:00+05:30,5.0,5.02,4.98,5.0,100,24500,PE,2024-01-02,0.14
2024-01-02 12:41:00+05:30,57.65027796339088,57.880879075244444,57.41967685153731,57.65027796339088,100,24500,CE,2024-01-02,0.14
2024-01-02 12:41:00+05:30,5.0,5.02,4.98,5.0,100,24500,PE,2024-01-02,0.14
2024-01-02 12:42:00+05:30,58.313670021722615,58.54692470180951,58.08041534163572,58.313670021722615,100,24500,CE,2024-01-02,0.14
2024-01-02 12:42:00+05:30,5.0,5.02,4.98,5.0,100,24500,PE,2024-01-02,0.14
2024-01-02 12:43:00+05:30,59.635264852012156,59.873805911420206,59.39672379260411,59.635264852012156,100,24500,CE,2024-01-02,0.14
2024-01-02 12:43:00+05:30,5.0,5.02,4.98,5.0,100,24500,PE,2024-01-02,0.14
2024-01-02 12:44:00+05:30,59.22009655269791,59.4569769389087,58.98321616648712,59.22009655269791,100,24500,CE,2024-01-02,0.14
2024-01-02 12:44:00+05:30,5.0,5.02,4.98,5.0,100,24500,PE,2024-01-02,0.14
2024-01-02 12:45:00+05:30,61.64936802525587,61.89596549735689,61.402770553154845,61.64936802525587,100,24500,CE,2024-01-02,0.14
2024-01-02 12:45:00+05:30,5.0,5.02,4.98,5.0,100,24500,PE,2024-01-02,0.14
2024-01-02 12:46:00+05:30,58.179177473116184,58.41189418300865,57.94646076322372,58.179177473116184,100,24500,CE,2024-01-02,0.14
2024-01-02 12:46:00+05:30,5.0,5.02,4.98,5.0,100,24500,PE,2024-01-02,0.14
2024-01-02 12:47:00+05:30,61.20828969389437,61.45312285266995,60.963456535118794,61.20828969389437,100,24500,CE,2024-01-02,0.14
2024-01-02 12:47:00+05:30,5.0,5.02,4.98,5.0,100,24500,PE,2024-01-02,0.14
2024-01-02 12:48:00+05:30,59.37340894218757,59.61090257795632,59.135915306418816,59.37340894218757,100,24500,CE,2024-01-02,0.14
2024-01-02 12:48:00+05:30,5.0,5.02,4.98,5.0,100,24500,PE,2024-01-02,0.14
2024-01-02 12:49:00+05:30,55.3434587932086,55.56483262838143,55.122084958035764,55.3434587932086,100,24500,CE,2024-01-02,0.14
2024-01-02 12:49:00+05:30,5.0,5.02,4.98,5.0,100,24500,PE,2024-01-02,0.14
2024-01-02 12:50:00+05:30,56.77314237735369,57.00023494686311,56.54604980784428,56.77314237735369,100,24500,CE,2024-01-02,0.14
2024-01-02 12:50:00+05:30,5.0,5.02,4.98,5.0,100,24500,PE,2024-01-02,0.14
2024-01-02 12:51:00+05:30,63.18172569556806,63.43445259835033,62.92899879278579,63.18172569556806,100,24500,CE,2024-01-02,0.14
2024-01-02 12:51:00+05:30,5.0,5.02,4.98,5.0,100,24500,PE,2024-01-02,0.14
2024-01-02 12:52:00+05:30,66.84801898903312,67.11541106498926,66.58062691307698,66.84801898903312,100,24500,CE,2024-01-02,0.14
2024-01-02 12:52:00+05:30,5.0,5.02,4.98,5.0,100,24500,PE,2024-01-02,0.14
2024-01-02 12:53:00+05:30,64.97433213552246,65.23422946406455,64.71443480698036,64.97433213552246,100,24500,CE,2024-01-02,0.14
2024-01-02 12:53:00+05:30,5.0,5.02,4.98,5.0,100,24500,PE,2024-01-02,0.14
2024-01-02 12:54:00+05:30,67.65205590551774,67.92266412913982,67.38144768189566,67.65205590551774,100,24500,CE,2024-01-02,0.14
2024-01-02 12:54:00+05:30,5.0,5.02,4.98,5.0,100,24500,PE,2024-01-02,0.14
2024-01-02 12:55:00+05:30,66.00877170656237,66.27280679338863,65.74473661973612,66.00877170656237,100,24500,CE,2024-01-02,0.14
2024-01-02 12:55:00+05:30,5.0,5.02,4.98,5.0,100,24500,PE,2024-01-02,0.14
2024-01-02 12:56:00+05:30,65.60369874605091,65.86611354103512,65.3412839510667,65.60369874605091,100,24500,CE,2024-01-02,0.14
2024-01-02 12:56:00+05:30,5.0,5.02,4.98,5.0,100,24500,PE,2024-01-02,0.14
2024-01-02 12:57:00+05:30,65.99943059561589,66.26342831799836,65.73543287323342,65.99943059561589,100,24500,CE,2024-01-02,0.14
2024-01-02 12:57:00+05:30,5.0,5.02,4.98,5.0,100,24500,PE,2024-01-02,0.14
2024-01-02 12:58:00+05:30,57.36986228223829,57.59934173136724,57.140382833109335,57.36986228223829,100,24500,CE,2024-01-02,0.14
2024-01-02 12:58:00+05:30,5.0,5.02,4.98,5.0,100,24500,PE,2024-01-02,0.14
2024-01-02 12:59:00+05:30,58.148417655346535,58.38101132596792,57.91582398472515,58.148417655346535,100,24500,CE,2024-01-02,0.14
2024-01-02 12:59:00+05:30,5.0,5.02,4.98,5.0,100,24500,PE,2024-01-02,0.14
2024-01-02 13:00:00+05:30,54.347383197279456,54.564772730068576,54.129993664490335,54.347383197279456,100,24500,CE,2024-01-02,0.14
2024-01-02 13:00:00+05:30,5.0,5.02,4.98,5.0,100,24500,PE,2024-01-02,0.14
2024-01-02 13:01:00+05:30,51.792138396823034,51.99930695041033,51.58496984323574,51.792138396823034,100,24500,CE,2024-01-02,0.14
2024-01-02 13:01:00+05:30,5.0,5.02,4.98,5.0,100,24500,PE,2024-01-02,0.14
2024-01-02 13:02:00+05:30,46.323174356620044,46.50846705404653,46.13788165919356,46.323174356620044,100,24500,CE,2024-01-02,0.14
2024-01-02 13:02:00+05:30,5.0,5.02,4.98,5.0,100,24500,PE,2024-01-02,0.14
2024-01-02 13:03:00+05:30,40.6960810385706,40.85886536272488,40.533296714416316,40.6960810385706,100,24500,CE,2024-01-02,0.14
2024-01-02 13:03:00+05:30,10.084697422403014,10.125036212092626,10.044358632713402,10.084697422403014,100,24500,PE,2024-01-02,0.14
2024-01-02 13:04:00+05:30,37.21883953586509,37.36771489400855,37.06996417772162,37.21883953586509,100,24500,CE,2024-01-02,0.14
2024-01-02 13:04:00+05:30,13.561938925108525,13.616186680808958,13.50769116940809,13.561938925108525,100,24500,PE,2024-01-02,0.14
2024-01-02 13:05:00+05:30,40.3748293932356,40.53632871080854,40.21333007566266,40.3748293932356,100,24500,CE,2024-01-02,0.14
2024-01-02 13:05:00+05:30,10.40594906773801,10.447572864008963,10.364325271467058,10.40594906773801,100,24500,PE,2024-01-02,0.14
2024-01-02 13:06:00+05:30,46.682484446223285,46.86921438400818,46.49575450843839,46.682484446223285,100,24500,CE,2024-01-02,0.14
2024-01-02 13:06:00+05:30,5.0,5.02,4.98,5.0,100,24500,PE,2024-01-02,0.14
2024-01-02 13:07:00+05:30,46.647965308026656,46.834557169258765,46.461373446794546,46.647965308026656,100,24500,CE,2024-01-02,0.14
2024-01-02 13:07:00+05:30,5.0,5.02,4.98,5.0,100,24500,PE,2024-01-02,0.14
2024-01-02 13:08:00+05:30,50.80218130888785,51.0053900341234,50.598972583652305,50.80218130888785,100,24500,CE,2024-01-02,0.14
2024-01-02 13:08:00+05:30,5.0,5.02,4.98,5.0,100,24500,PE,2024-01-02,0.14
2024-01-02 13:09:00+05:30,49.87225388309413,50.07174289862651,49.67276486756175,49.87225388309413,100,24500,CE,2024-01-02,0.14
2024-01-02 13:09:00+05:30,5.0,5.02,4.98,5.0,100,24500,PE,2024-01-02,0.14
2024-01-02 13:10:00+05:30,42.762355790119514,42.93340521327999,42.59130636695904,42.762355790119514,100,24500,CE,2024-01-02,0.14
2024-01-02 13:10:00+05:30,8.018422670854097,8.050496361537514,7.98634898017068,8.018422670854097,100,24500,PE,2024-01-02,0.14
2024-01-02 13:11:00+05:30,43.38454310019985,43.558081272600646,43.21100492779905,43.38454310019985,100,24500,CE,2024-01-02,0.14
2024-01-02 13:11:00+05:30,7.396235360773762,7.425820302216857,7.366650419330667,7.396235360773762,100,24500,PE,2024-01-02,0.14
2024-01-02 13:12:00+05:30,45.11572408698591,45.296186983333854,44.93526119063796,45.11572408698591,100,24500,CE,2024-01-02,0.14
2024-01-02 13:12:00+05:30,5.665054373987704,5.6877145914836555,5.642394156491753,5.665054373987704,100,24500,PE,2024-01-02,0.14
2024-01-02 13:13:00+05:30,43.56841200664418,43.74268565467076,43.3941383586176,43.56841200664418,100,24500,CE,2024-01-02,0.14
2024-01-02 13:13:00+05:30,7.21236645432943,7.2412159201467485,7.183516988512112,7.21236645432943,100,24500,PE,2024-01-02,0.14
2024-01-02 13:14:00+05:30,44.76175288494302,44.940799896482794,44.58270587340325,44.76175288494302,100,24500,CE,2024-01-02,0.14
2024-01-02 13:14:00+05:30,6.0190255760305895,6.043101678334712,5.994949473726467,6.0190255760305895,100,24500,PE,2024-01-02,0.14
2024-01-02 13:15:00+05:30,46.96883881347709,47.156714168731,46.780963458223184,46.96883881347709,100,24500,CE,2024-01-02,0.14
2024-01-02 13:15:00+05:30,5.0,5.02,4.98,5.0,100,24500,PE,2024-01-02,0.14
2024-01-02 13:16:00+05:30,43.7910604348515,43.96622467659091,43.61589619311209,43.7910604348515,100,24500,CE,2024-01-02,0.14
2024-01-02 13:16:00+05:30,6.989718026122109,7.017676898226597,6.961759154017621,6.989718026122109,100,24500,PE,2024-01-02,0.14
2024-01-02 13:17:00+05:30,38.31293256898495,38.46618429926089,38.15968083870901,38.31293256898495,100,24500,CE,2024-01-02,0.14
2024-01-02 13:17:00+05:30,12.467845891988663,12.517717275556617,12.41797450842071,12.467845891988663,100,24500,PE,2024-01-02,0.14
2024-01-02 13:18:00+05:30,37.54322944895354,37.69340236674935,37.393056531157725,37.54322944895354,100,24500,CE,2024-01-02,0.14
2024-01-02 13:18:00+05:30,13.237549012020072,13.290499208068152,13.184598815971992,13.237549012020072,100,24500,PE,2024-01-02,0.14
2024-01-02 13:19:00+05:30,36.811752422938994,36.95899943263075,36.66450541324724,36.811752422938994,100,24500,CE,2024-01-02,0.14
2024-01-02 13:19:00+05:30,13.969026038034617,14.024902142186756,13.913149933882478,13.969026038034617,100,24500,PE,2024-01-02,0.14
2024-01-02 13:20:00+05:30,35.549265370981416,35.69146243246534,35.40706830949749,35.549265370981416,100,24500,CE,2024-01-02,0.14
2024-01-02 13:20:00+05:30,15.231513089992195,15.292439142352164,15.170587037632226,15.231513089992195,100,24500,PE,2024-01-02,0.14
2024-01-02 13:21:00+05:30,39.31144069398648,39.46868645676243,39.15419493121054,39.31144069398648,100,24500,CE,2024-01-02,0.14
2024-01-02 13:21:00+05:30,11.469337766987127,11.515215118055076,11.423460415919179,11.469337766987127,100,24500,PE,2024-01-02,0.14
2024-01-02 13:22:00+05:30,45.84239865427186,46.02576824888895,45.65902905965477,45.84239865427186,100,24500,CE,2024-01-02,0.14
2024-01-02 13:22:00+05:30,5.0,5.02,4.98,5.0,100,24500,PE,2024-01-02,0.14
2024-01-02 13:23:00+05:30,44.33997233683182,44.51733222617915,44.16261244748449,44.33997233683182,100,24500,CE,2024-01-02,0.14
2024-01-02 13:23:00+05:30,6.44080612414179,6.466569348638358,6.415042899645223,6.44080612414179,100,24500,PE,2024-01-02,0.14
2024-01-02 13:24:00+05:30,47.02079747369204,47.20888066358681,46.83271428379727,47.02079747369204,100,24500,CE,2024-01-02,0.14
2024-01-02 13:24:00+05:30,5.0,5.02,4.98,5.0,100,24500,PE,2024-01-02,0.14
2024-01-02 13:25:00+05:30,50.60928914716784,50.811726303756515,50.40685199057917,50.60928914716784,100,24500,CE,2024-01-02,0.14
2024-01-02 13:25:00+05:30,5.0,5.02,4.98,5.0,100,24500,PE,2024-01-02,0.14
2024-01-02 13:26:00+05:30,53.34362572375609,53.55700022665111,53.13025122086107,53.34362572375609,100,24500,CE,2024-01-02,0.14
2024-01-02 13:26:00+05:30,5.0,5.02,4.98,5.0,100,24500,PE,2024-01-02,0.14
2024-01-02 13:27:00+05:30,57.33169930049259,57.56102609769456,57.10237250329062,57.33169930049259,100,24500,CE,2024-01-02,0.14
2024-01-02 13:27:00+05:30,5.0,5.02,4.98,5.0,100,24500,PE,2024-01-02,0.14
2024-01-02 13:28:00+05:30,55.93203441287075,56.15576255052223,55.708306275219265,55.93203441287075,100,24500,CE,2024-01-02,0.14
2024-01-02 13:28:00+05:30,5.0,5.02,4.98,5.0,100,24500,PE,2024-01-02,0.14
2024-01-02 13:29:00+05:30,58.76630826104589,59.001373494090075,58.53124302800171,58.76630826104589,100,24500,CE,2024-01-02,0.14
2024-01-02 13:29:00+05:30,5.0,5.02,4.98,5.0,100,24500,PE,2024-01-02,0.14
2024-01-02 13:30:00+05:30,66.41811552051765,66.68378798259971,66.15244305843558,66.41811552051765,100,24500,CE,2024-01-02,0.14
2024-01-02 13:30:00+05:30,5.0,5.02,4.98,5.0,100,24500,PE,2024-01-02,0.14
2024-01-02 13:31:00+05:30,69.49186136819368,69.76982881366645,69.21389392272091,69.49186136819368,100,24500,CE,2024-01-02,0.14
2024-01-02 13:31:00+05:30,5.0,5.02,4.98,5.0,100,24500,PE,2024-01-02,0.14
2024-01-02 13:32:00+05:30,67.22726010975454,67.49616915019355,66.95835106931553,67.22726010975454,100,24500,CE,2024-01-02,0.14
2024-01-02 13:32:00+05:30,5.0,5.02,4.98,5.0,100,24500,PE,2024-01-02,0.14
2024-01-02 13:33:00+05:30,69.56618196200976,69.8444466898578,69.28791723416172,69.56618196200976,100,24500,CE,2024-01-02,0.14
2024-01-02 13:33:00+05:30,5.0,5.02,4.98,5.0,100,24500,PE,2024-01-02,0.14
2024-01-02 13:34:00+05:30,74.36010805590446,74.65754848812809,74.06266762368084,74.36010805590446,100,24500,CE,2024-01-02,0.14
2024-01-02 13:34:00+05:30,5.0,5.02,4.98,5.0,100,24500,PE,2024-01-02,0.14
2024-01-02 13:35:00+05:30,75.80380662986569,76.10702185638516,75.50059140334622,75.80380662986569,100,24500,CE,2024-01-02,0.14
2024-01-02 13:35:00+05:30,5.0,5.02,4.98,5.0,100,24500,PE,2024-01-02,0.14
2024-01-02 13:36:00+05:30,73.75105401932957,74.04605823540689,73.45604980325226,73.75105401932957,100,24500,CE,2024-01-02,0.14
2024-01-02 13:36:00+05:30,5.0,5.02,4.98,5.0,100,24500,PE,2024-01-02,0.14
2024-01-02 13:37:00+05:30,79.59760620566045,79.9159966304831,79.27921578083782,79.59760620566045,100,24500,CE,2024-01-02,0.14
2024-01-02 13:37:00+05:30,5.0,5.02,4.98,5.0,100,24500,PE,2024-01-02,0.14
2024-01-02 13:38:00+05:30,74.97097978105081,75.27086370017501,74.67109586192662,74.97097978105081,100,24500,CE,2024-01-02,0.14
2024-01-02 13:38:00+05:30,5.0,5.02,4.98,5.0,100,24500,PE,2024-01-02,0.14
2024-01-02 13:39:00+05:30,76.91882370601049,77.22649900083452,76.61114841118645,76.91882370601049,100,24500,CE,2024-01-02,0.14
2024-01-02 13:39:00+05:30,5.0,5.02,4.98,5.0,100,24500,PE,2024-01-02,0.14
2024-01-02 13:40:00+05:30,76.91816530175744,77.22583796296448,76.6104926405504,76.91816530175744,100,24500,CE,2024-01-02,0.14
2024-01-02 13:40:00+05:30,5.0,5.02,4.98,5.0,100,24500,PE,2024-01-02,0.14
2024-01-02 13:41:00+05:30,72.5019188323429,72.79192650767227,72.21191115701352,72.5019188323429,100,24500,CE,2024-01-02,0.14
2024-01-02 13:41:00+05:30,5.0,5.02,4.98,5.0,100,24500,PE,2024-01-02,0.14
2024-01-02 13:42:00+05:30,77.13485514577839,77.4433945663615,76.82631572519527,77.13485514577839,100,24500,CE,2024-01-02,0.14
2024-01-02 13:42:00+05:30,5.0,5.02,4.98,5.0,100,24500,PE,2024-01-02,0.14
2024-01-02 13:43:00+05:30,78.4994336221596,78.81343135664824,78.18543588767096,78.4994336221596,100,24500,CE,2024-01-02,0.14
2024-01-02 13:43:00+05:30,5.0,5.02,4.98,5.0,100,24500,PE,2024-01-02,0.14
2024-01-02 13:44:00+05:30,74.18394045803758,74.48067621986974,73.88720469620543,74.18394045803758,100,24500,CE,2024-01-02,0.14
2024-01-02 13:44:00+05:30,5.0,5.02,4.98,5.0,100,24500,PE,2024-01-02,0.14
2024-01-02 13:45:00+05:30,76.50042179514345,76.80642348232402,76.19442010796288,76.50042179514345,100,24500,CE,2024-01-02,0.14
2024-01-02 13:45:00+05:30,5.0,5.02,4.98,5.0,100,24500,PE,2024-01-02,0.14
2024-01-02 13:46:00+05:30,74.94192018672653,75.24168786747344,74.64215250597962,74.94192018672653,100,24500,CE,2024-01-02,0.14
2024-01-02 13:46:00+05:30,5.0,5.02,4.98,5.0,100,24500,PE,2024-01-02,0.14
2024-01-02 13:47:00+05:30,67.86646330359942,68.13792915681381,67.59499745038502,67.86646330359942,100,24500,CE,2024-01-02,0.14
2024-01-02 13:47:00+05:30,5.0,5.02,4.98,5.0,100,24500,PE,2024-01-02,0.14
2024-01-02 13:48:00+05:30,65.3430690833509,65.6044413596843,65.0816968070175,65.3430690833509,100,24500,CE,2024-01-02,0.14
2024-01-02 13:48:00+05:30,5.0,5.02,4.98,5.0,100,24500,PE,2024-01-02,0.14
2024-01-02 13:49:00+05:30,66.39138701148183,66.65695255952775,66.1258214634359,66.39138701148183,100,24500,CE,2024-01-02,0.14
2024-01-02 13:49:00+05:30,5.0,5.02,4.98,5.0,100,24500,PE,2024-01-02,0.14
2024-01-02 13:50:00+05:30,68.83527283501714,69.1106139263572,68.55993174367707,68.83527283501714,100,24500,CE,2024-01-02,0.14
2024-01-02 13:50:00+05:30,5.0,5.02,4.98,5.0,100,24500,PE,2024-01-02,0.14
2024-01-02 13:51:00+05:30,69.51614122924799,69.79420579416498,69.238076664331,69.51614122924799,100,24500,CE,2024-01-02,0.14
2024-01-02 13:51:00+05:30,5.0,5.02,4.98,5.0,100,24500,PE,2024-01-02,0.14
2024-01-02 13:52:00+05:30,69.7455100215018,70.02449206158781,69.4665279814158,69.7455100215018,100,24500,CE,2024-01-02,0.14
2024-01-02 13:52:00+05:30,5.0,5.02,4.98,5.0,100,24500,PE,2024-01-02,0.14
2024-01-02 13:53:00+05:30,71.56797254829031,71.85424443848348,71.28170065809715,71.56797254829031,100,24500,CE,2024-01-02,0.14
2024-01-02 13:53:00+05:30,5.0,5.02,4.98,5.0,100,24500,PE,2024-01-02,0.14
2024-01-02 13:54:00+05:30,70.83681216591937,71.12015941458304,70.5534649172557,70.83681216591937,100,24500,CE,2024-01-02,0.14
2024-01-02 13:54:00+05:30,5.0,5.02,4.98,5.0,100,24500,PE,2024-01-02,0.14
2024-01-02 13:55:00+05:30,75.31039193070389,75.6116334984267,75.00915036298107,75.31039193070389,100,24500,CE,2024-01-02,0.14
2024-01-02 13:55:00+05:30,5.0,5.02,4.98,5.0,100,24500,PE,2024-01-02,0.14
2024-01-02 13:56:00+05:30,75.92779811150355,76.23150930394957,75.62408691905753,75.92779811150355,100,24500,CE,2024-01-02,0.14
2024-01-02 13:56:00+05:30,5.0,5.02,4.98,5.0,100,24500,PE,2024-01-02,0.14
2024-01-02 13:57:00+05:30,77.09000393327985,77.39836394901296,76.78164391754673,77.09000393327985,100,24500,CE,2024-01-02,0.14
2024-01-02 13:57:00+05:30,5.0,5.02,4.98,5.0,100,24500,PE,2024-01-02,0.14
2024-01-02 13:58:00+05:30,79.17800015157697,79.49471215218327,78.86128815097067,79.17800015157697,100,24500,CE,2024-01-02,0.14
2024-01-02 13:58:00+05:30,5.0,5.02,4.98,5.0,100,24500,PE,2024-01-02,0.14
2024-01-02 13:59:00+05:30,75.27361700043618,75.57471146843793,74.97252253243443,75.27361700043618,100,24500,CE,2024-01-02,0.14
2024-01-02 13:59:00+05:30,5.0,5.02,4.98,5.0,100,24500,PE,2024-01-02,0.14
2024-01-02 14:00:00+05:30,72.67401621412388,72.96471227898037,72.38332014926739,72.67401621412388,100,24500,CE,2024-01-02,0.14
2024-01-02 14:00:00+05:30,5.0,5.02,4.98,5.0,100,24500,PE,2024-01-02,0.14
2024-01-02 14:01:00+05:30,78.46618789177298,78.78005264334007,78.15232314020588,78.46618789177298,100,24500,CE,2024-01-02,0.14
2024-01-02 14:01:00+05:30,5.0,5.02,4.98,5.0,100,24500,PE,2024-01-02,0.14
2024-01-02 14:02:00+05:30,79.7835954806276,80.1027298625501,79.46446109870509,79.7835954806276,100,24500,CE,2024-01-02,0.14
2024-01-02 14:02:00+05:30,5.0,5.02,4.98,5.0,100,24500,PE,2024-01-02,0.14
2024-01-02 14:03:00+05:30,78.78378518581918,79.09892032656246,78.4686500450759,78.78378518581918,100,24500,CE,2024-01-02,0.14
2024-01-02 14:03:00+05:30,5.0,5.02,4.98,5.0,100,24500,PE,2024-01-02,0.14
2024-01-02 14:04:00+05:30,80.1243484188624,80.44484581253785,79.80385102518694,80.1243484188624,100,24500,CE,2024-01-02,0.14
2024-01-02 14:04:00+05:30,5.0,5.02,4.98,5.0,100,24500,PE,2024-01-02,0.14
2024-01-02 14:05:00+05:30,78.37826503738212,78.69177809753165,78.06475197723259,78.37826503738212,100,24500,CE,2024-01-02,0.14
2024-01-02 14:05:00+05:30,5.0,5.02,4.98,5.0,100,24500,PE,2024-01-02,0.14
2024-01-02 14:06:00+05:30,79.48288861975267,79.80082017423169,79.16495706527365,79.48288861975267,100,24500,CE,2024-01-02,0.14
2024-01-02 14:06:00+05:30,5.0,5.02,4.98,5.0,100,24500,PE,2024-01-02,0.14
2024-01-02 14:07:00+05:30,77.04587216354118,77.35405565219534,76.73768867488701,77.04587216354118,100,24500,CE,2024-01-02,0.14
2024-01-02 14:07:00+05:30,5.0,5.02,4.98,5.0,100,24500,PE,2024-01-02,0.14
2024-01-02 14:08:00+05:30,78.14094272856234,78.45350649947659,77.82837895764808,78.14094272856234,100,24500,CE,2024-01-02,0.14
2024-01-02 14:08:00+05:30,5.0,5.02,4.98,5.0,100,24500,PE,2024-01-02,0.14
2024-01-02 14:09:00+05:30,72.2845581573663,72.57369638999577,71.99541992473684,72.2845581573663,100,24500,CE,2024-01-02,0.14
2024-01-02 14:09:00+05:30,5.0,5.02,4.98,5.0,100,24500,PE,2024-01-02,0.14
2024-01-02 14:10:00+05:30,77.33550738361261,77.64484941314706,77.02616535407816,77.33550738361261,100,24500,CE,2024-01-02,0.14
2024-01-02 14:10:00+05:30,5.0,5.02,4.98,5.0,100,24500,PE,2024-01-02,0.14
2024-01-02 14:11:00+05:30,75.47191536099923,75.77380302244323,75.17002769955523,75.47191536099923,100,24500,CE,2024-01-02,0.14
2024-01-02 14:11:00+05:30,5.0,5.02,4.98,5.0,100,24500,PE,2024-01-02,0.14
2024-01-02 14:12:00+05:30,69.60226087226762,69.8806699157567,69.32385182877854,69.60226087226762,100,24500,CE,2024-01-02,0.14
2024-01-02 14:12:00+05:30,5.0,5.02,4.98,5.0,100,24500,PE,2024-01-02,0.14
2024-01-02 14:13:00+05:30,68.82285451756503,69.0981459356353,68.54756309949477,68.82285451756503,100,24500,CE,2024-01-02,0.14
2024-01-02 14:13:00+05:30,5.0,5.02,4.98,5.0,100,24500,PE,2024-01-02,0.14
2024-01-02 14:14:00+05:30,67.4916187873721,67.76158526252159,67.22165231222262,67.4916187873721,100,24500,CE,2024-01-02,0.14
2024-01-02 14:14:00+05:30,5.0,5.02,4.98,5.0,100,24500,PE,2024-01-02,0.14
2024-01-02 14:15:00+05:30,68.12311285712418,68.39560530855267,67.8506204056957,68.12311285712418,100,24500,CE,2024-01-02,0.14
2024-01-02 14:15:00+05:30,5.0,5.02,4.98,5.0,100,24500,PE,2024-01-02,0.14
2024-01-02 14:16:00+05:30,63.888423073942946,64.14397676623872,63.632869381647176,63.888423073942946,100,24500,CE,2024-01-02,0.14
2024-01-02 14:16:00+05:30,5.0,5.02,4.98,5.0,100,24500,PE,2024-01-02,0.14
2024-01-02 14:17:00+05:30,65.43891907315698,65.7006747494496,65.17716339686436,65.43891907315698,100,24500,CE,2024-01-02,0.14
2024-01-02 14:17:00+05:30,5.0,5.02,4.98,5.0,100,24500,PE,2024-01-02,0.14
2024-01-02 14:18:00+05:30,79.08729790453687,79.40364709615501,78.77094871291872,79.08729790453687,100,24500,CE,2024-01-02,0.14
2024-01-02 14:18:00+05:30,5.0,5.02,4.98,5.0,100,24500,PE,2024-01-02,0.14
2024-01-02 14:19:00+05:30,74.35229395174862,74.64970312755561,74.05488477594163,74.35229395174862,100,24500,CE,2024-01-02,0.14
2024-01-02 14:19:00+05:30,5.0,5.02,4.98,5.0,100,24500,PE,2024-01-02,0.14
2024-01-02 14:20:00+05:30,75.67872736062124,75.98144227006372,75.37601245117875,75.67872736062124,100,24500,CE,2024-01-02,0.14
2024-01-02 14:20:00+05:30,5.0,5.02,4.98,5.0,100,24500,PE,2024-01-02,0.14
2024-01-02 14:21:00+05:30,74.57353165943347,74.8718257860712,74.27523753279574,74.57353165943347,100,24500,CE,2024-01-02,0.14
2024-01-02 14:21:00+05:30,5.0,5.02,4.98,5.0,100,24500,PE,2024-01-02,0.14
2024-01-02 14:22:00+05:30,75.35581276498739,75.65723601604734,75.05438951392745,75.35581276498739,100,24500,CE,2024-01-02,0.14
2024-01-02 14:22:00+05:30,5.0,5.02,4.98,5.0,100,24500,PE,2024-01-02,0.14
2024-01-02 14:23:00+05:30,68.62152887309709,68.89601498858949,68.3470427576047,68.62152887309709,100,24500,CE,2024-01-02,0.14
2024-01-02 14:23:00+05:30,5.0,5.02,4.98,5.0,100,24500,PE,2024-01-02,0.14
2024-01-02 14:24:00+05:30,64.36524366817754,64.62270464285025,64.10778269350483,64.36524366817754,100,24500,CE,2024-01-02,0.14
2024-01-02 14:24:00+05:30,5.0,5.02,4.98,5.0,100,24500,PE,2024-01-02,0.14
2024-01-02 14:25:00+05:30,66.14896692518847,66.41356279288922,65.88437105748773,66.14896692518847,100,24500,CE,2024-01-02,0.14
2024-01-02 14:25:00+05:30,5.0,5.02,4.98,5.0,100,24500,PE,2024-01-02,0.14
2024-01-02 14:26:00+05:30,66.06489935245624,66.32915894986606,65.80063975504642,66.06489935245624,100,24500,CE,2024-01-02,0.14
2024-01-02 14:26:00+05:30,5.0,5.02,4.98,5.0,100,24500,PE,2024-01-02,0.14
2024-01-02 14:27:00+05:30,72.2570425296715,72.54607069979018,71.96801435955281,72.2570425296715,100,24500,CE,2024-01-02,0.14
2024-01-02 14:27:00+05:30,5.0,5.02,4.98,5.0,100,24500,PE,2024-01-02,0.14
2024-01-02 14:28:00+05:30,69.6740523086544,69.95274851788902,69.39535609941977,69.6740523086544,100,24500,CE,2024-01-02,0.14
2024-01-02 14:28:00+05:30,5.0,5.02,4.98,5.0,100,24500,PE,2024-01-02,0.14
2024-01-02 14:29:00+05:30,70.38842553549036,70.66997923763232,70.1068718333484,70.38842553549036,100,24500,CE,2024-01-02,0.14
2024-01-02 14:29:00+05:30,5.0,5.02,4.98,5.0,100,24500,PE,2024-01-02,0.14
2024-01-02 14:30:00+05:30,81.37263098250766,81.69812150643769,81.04714045857763,81.37263098250766,100,24500,CE,2024-01-02,0.14
2024-01-02 14:30:00+05:30,5.0,5.02,4.98,5.0,100,24500,PE,2024-01-02,0.14
2024-01-02 14:31:00+05:30,78.56177559593995,78.87602269832371,78.24752849355619,78.56177559593995,100,24500,CE,2024-01-02,0.14
2024-01-02 14:31:00+05:30,5.0,5.02,4.98,5.0,100,24500,PE,2024-01-02,0.14
2024-01-02 14:32:00+05:30,75.23239999540671,75.53332959538834,74.93147039542508,75.23239999540671,100,24500,CE,2024-01-02,0.14
2024-01-02 14:32:00+05:30,5.0,5.02,4.98,5.0,100,24500,PE,2024-01-02,0.14
2024-01-02 14:33:00+05:30,75.16066217704862,75.46130482575681,74.86001952834043,75.16066217704862,100,24500,CE,2024-01-02,0.14
2024-01-02 14:33:00+05:30,5.0,5.02,4.98,5.0,100,24500,PE,2024-01-02,0.14
2024-01-02 14:34:00+05:30,75.0535521314148,75.35376633994046,74.75333792288914,75.0535521314148,100,24500,CE,2024-01-02,0.14
2024-01-02 14:34:00+05:30,5.0,5.02,4.98,5.0,100,24500,PE,2024-01-02,0.14
2024-01-02 14:35:00+05:30,78.27917943187528,78.59229614960277,77.96606271414778,78.27917943187528,100,24500,CE,2024-01-02,0.14
2024-01-02 14:35:00+05:30,5.0,5.02,4.98,5.0,100,24500,PE,2024-01-02,0.14
2024-01-02 14:36:00+05:30,78.82508895486605,79.1403893106855,78.50978859904659,78.82508895486605,100,24500,CE,2024-01-02,0.14
2024-01-02 14:36:00+05:30,5.0,5.02,4.98,5.0,100,24500,PE,2024-01-02,0.14
2024-01-02 14:37:00+05:30,76.04731653393425,76.35150580006999,75.74312726779851,76.04731653393425,100,24500,CE,2024-01-02,0.14
2024-01-02 14:37:00+05:30,5.0,5.02,4.98,5.0,100,24500,PE,2024-01-02,0.14
2024-01-02 14:38:00+05:30,76.90014735396177,77.20774794337761,76.59254676454593,76.90014735396177,100,24500,CE,2024-01-02,0.14
2024-01-02 14:38:00+05:30,5.0,5.02,4.98,5.0,100,24500,PE,2024-01-02,0.14
2024-01-02 14:39:00+05:30,86.85488517613227,87.2023047168368,86.50746563542774,86.85488517613227,100,24500,CE,2024-01-02,0.14
2024-01-02 14:39:00+05:30,5.0,5.02,4.98,5.0,100,24500,PE,2024-01-02,0.14
2024-01-02 14:40:00+05:30,91.68403645378636,92.0507725996015,91.31730030797122,91.68403645378636,100,24500,CE,2024-01-02,0.14
2024-01-02 14:40:00+05:30,5.0,5.02,4.98,5.0,100,24500,PE,2024-01-02,0.14
2024-01-02 14:41:00+05:30,81.3109022626984,81.63614587174919,80.98565865364762,81.3109022626984,100,24500,CE,2024-01-02,0.14
2024-01-02 14:41:00+05:30,5.0,5.02,4.98,5.0,100,24500,PE,2024-01-02,0.14
2024-01-02 14:42:00+05:30,80.83833883672084,81.16169219206772,80.51498548137396,80.83833883672084,100,24500,CE,2024-01-02,0.14
2024-01-02 14:42:00+05:30,5.0,5.02,4.98,5.0,100,24500,PE,2024-01-02,0.14
2024-01-02 14:43:00+05:30,77.6167493794044,77.92721637692202,77.30628238188677,77.6167493794044,100,24500,CE,2024-01-02,0.14
2024-01-02 14:43:00+05:30,5.0,5.02,4.98,5.0,100,24500,PE,2024-01-02,0.14
2024-01-02 14:44:00+05:30,80.01023380842413,80.33027474365782,79.69019287319044,80.01023380842413,100,24500,CE,2024-01-02,0.14
2024-01-02 14:44:00+05:30,5.0,5.02,4.98,5.0,100,24500,PE,2024-01-02,0.14
2024-01-02 14:45:00+05:30,79.42049575608395,79.7381777391083,79.10281377305961,79.42049575608395,100,24500,CE,2024-01-02,0.14
2024-01-02 14:45:00+05:30,5.0,5.02,4.98,5.0,100,24500,PE,2024-01-02,0.14
2024-01-02 14:46:00+05:30,86.72810481106423,87.07501723030849,86.38119239181997,86.72810481106423,100,24500,CE,2024-01-02,0.14
2024-01-02 14:46:00+05:30,5.0,5.02,4.98,5.0,100,24500,PE,2024-01-02,0.14
2024-01-02 14:47:00+05:30,90.28023817463578,90.64135912733433,89.91911722193724,90.28023817463578,100,24500,CE,2024-01-02,0.14
2024-01-02 14:47:00+05:30,5.0,5.02,4.98,5.0,100,24500,PE,2024-01-02,0.14
2024-01-02 14:48:00+05:30,93.67924902135816,94.0539660174436,93.30453202527272,93.67924902135816,100,24500,CE,2024-01-02,0.14
2024-01-02 14:48:00+05:30,5.0,5.02,4.98,5.0,100,24500,PE,2024-01-02,0.14
2024-01-02 14:49:00+05:30,94.43889049645874,94.81664605844458,94.0611349344729,94.43889049645874,100,24500,CE,2024-01-02,0.14
2024-01-02 14:49:00+05:30,5.0,5.02,4.98,5.0,100,24500,PE,2024-01-02,0.14
2024-01-02 14:50:00+05:30,94.34777429655402,94.72516539374024,93.9703831993678,94.34777429655402,100,24500,CE,2024-01-02,0.14
2024-01-02 14:50:00+05:30,5.0,5.02,4.98,5.0,100,24500,PE,2024-01-02,0.14
2024-01-02 14:51:00+05:30,95.68344902983405,96.06618282595339,95.30071523371471,95.68344902983405,100,24500,CE,2024-01-02,0.14
2024-01-02 14:51:00+05:30,5.0,5.02,4.98,5.0,100,24500,PE,2024-01-02,0.14
2024-01-02 14:52:00+05:30,100.60074824765503,101.00315124064565,100.19834525466442,100.60074824765503,100,24500,CE,2024-01-02,0.14
2024-01-02 14:52:00+05:30,5.0,5.02,4.98,5.0,100,24500,PE,2024-01-02,0.14
2024-01-02 14:53:00+05:30,102.66470988467769,103.0753687242164,102.25405104513898,102.66470988467769,100,24500,CE,2024-01-02,0.14
2024-01-02 14:53:00+05:30,5.0,5.02,4.98,5.0,100,24500,PE,2024-01-02,0.14
2024-01-02 14:54:00+05:30,101.40796276278594,101.81359461383708,101.0023309117348,101.40796276278594,100,24500,CE,2024-01-02,0.14
2024-01-02 14:54:00+05:30,5.0,5.02,4.98,5.0,100,24500,PE,2024-01-02,0.14
2024-01-02 14:55:00+05:30,106.24953023204468,106.67452835297286,105.8245321111165,106.24953023204468,100,24500,CE,2024-01-02,0.14
2024-01-02 14:55:00+05:30,5.0,5.02,4.98,5.0,100,24500,PE,2024-01-02,0.14
2024-01-02 14:56:00+05:30,107.02994411600663,107.45806389247066,106.6018243395426,107.02994411600663,100,24500,CE,2024-01-02,0.14
2024-01-02 14:56:00+05:30,5.0,5.02,4.98,5.0,100,24500,PE,2024-01-02,0.14
2024-01-02 14:57:00+05:30,106.79888762798943,107.22608317850138,106.37169207747748,106.79888762798943,100,24500,CE,2024-01-02,0.14
2024-01-02 14:57:00+05:30,5.0,5.02,4.98,5.0,100,24500,PE,2024-01-02,0.14
2024-01-02 14:58:00+05:30,103.89122448300692,104.30678938093895,103.4756595850749,103.89122448300692,100,24500,CE,2024-01-02,0.14
2024-01-02 14:58:00+05:30,5.0,5.02,4.98,5.0,100,24500,PE,2024-01-02,0.14
2024-01-02 14:59:00+05:30,101.8287534462586,102.23606846004364,101.42143843247356,101.8287534462586,100,24500,CE,2024-01-02,0.14
2024-01-02 14:59:00+05:30,5.0,5.02,4.98,5.0,100,24500,PE,2024-01-02,0.14
2024-01-02 15:00:00+05:30,99.50357802228133,99.90159233437046,99.1055637101922,99.50357802228133,100,24500,CE,2024-01-02,0.14
2024-01-02 15:00:00+05:30,5.0,5.02,4.98,5.0,100,24500,PE,2024-01-02,0.14
2024-01-02 15:01:00+05:30,89.0922386732043,89.44860762789712,88.7358697185115,89.0922386732043,100,24500,CE,2024-01-02,0.14
2024-01-02 15:01:00+05:30,5.0,5.02,4.98,5.0,100,24500,PE,2024-01-02,0.14
2024-01-02 15:02:00+05:30,92.96541192469773,93.33727357239653,92.59355027699894,92.96541192469773,100,24500,CE,2024-01-02,0.14
2024-01-02 15:02:00+05:30,5.0,5.02,4.98,5.0,100,24500,PE,2024-01-02,0.14
2024-01-02 15:03:00+05:30,95.14970281005186,95.53030162129207,94.76910399881166,95.14970281005186,100,24500,CE,2024-01-02,0.14
2024-01-02 15:03:00+05:30,5.0,5.02,4.98,5.0,100,24500,PE,2024-01-02,0.14
2024-01-02 15:04:00+05:30,94.40618809163131,94.78381284399784,94.02856333926478,94.40618809163131,100,24500,CE,2024-01-02,0.14
2024-01-02 15:04:00+05:30,5.0,5.02,4.98,5.0,100,24500,PE,2024-01-02,0.14
2024-01-02 15:05:00+05:30,98.38862711066464,98.7821816191073,97.99507260222198,98.38862711066464,100,24500,CE,2024-01-02,0.14
2024-01-02 15:05:00+05:30,5.0,5.02,4.98,5.0,100,24500,PE,2024-01-02,0.14
2024-01-02 15:06:00+05:30,100.0910812839145,100.49144560905016,99.69071695877885,100.0910812839145,100,24500,CE,2024-01-02,0.14
2024-01-02 15:06:00+05:30,5.0,5.02,4.98,5.0,100,24500,PE,2024-01-02,0.14
2024-01-02 15:07:00+05:30,101.54445933005151,101.95063716737171,101.13828149273131,101.54445933005151,100,24500,CE,2024-01-02,0.14
2024-01-02 15:07:00+05:30,5.0,5.02,4.98,5.0,100,24500,PE,2024-01-02,0.14
2024-01-02 15:08:00+05:30,92.32409601913129,92.69339240320781,91.95479963505477,92.32409601913129,100,24500,CE,2024-01-02,0.14
2024-01-02 15:08:00+05:30,5.0,5.02,4.98,5.0,100,24500,PE,2024-01-02,0.14
2024-01-02 15:09:00+05:30,91.51028632059094,91.8763274658733,91.14424517530857,91.51028632059094,100,24500,CE,2024-01-02,0.14
2024-01-02 15:09:00+05:30,5.0,5.02,4.98,5.0,100,24500,PE,2024-01-02,0.14
2024-01-02 15:10:00+05:30,93.56599554221863,93.9402595243875,93.19173156004976,93.56599554221863,100,24500,CE,2024-01-02,0.14
2024-01-02 15:10:00+05:30,5.0,5.02,4.98,5.0,100,24500,PE,2024-01-02,0.14
2024-01-02 15:11:00+05:30,99.66232116142488,100.06097044607058,99.26367187677918,99.66232116142488,100,24500,CE,2024-01-02,0.14
2024-01-02 15:11:00+05:30,5.0,5.02,4.98,5.0,100,24500,PE,2024-01-02,0.14
2024-01-02 15:12:00+05:30,106.62342696749035,107.04992067536031,106.19693325962038,106.62342696749035,100,24500,CE,2024-01-02,0.14
2024-01-02 15:12:00+05:30,5.0,5.02,4.98,5.0,100,24500,PE,2024-01-02,0.14
2024-01-02 15:13:00+05:30,112.0303203889405,112.47844167049625,111.58219910738474,112.0303203889405,100,24500,CE,2024-01-02,0.14
2024-01-02 15:13:00+05:30,5.0,5.02,4.98,5.0,100,24500,PE,2024-01-02,0.14
2024-01-02 15:14:00+05:30,107.73428469438001,108.16522183315753,107.30334755560249,107.73428469438001,100,24500,CE,2024-01-02,0.14
2024-01-02 15:14:00+05:30,5.0,5.02,4.98,5.0,100,24500,PE,2024-01-02,0.14
2024-01-02 15:15:00+05:30,99.55301706780371,99.95122913607493,99.15480499953249,99.55301706780371,100,24500,CE,2024-01-02,0.14
2024-01-02 15:15:00+05:30,5.0,5.02,4.98,5.0,100,24500,PE,2024-01-02,0.14
2024-01-02 15:16:00+05:30,101.75227797295408,102.15928708484589,101.34526886106227,101.75227797295408,100,24500,CE,2024-01-02,0.14
2024-01-02 15:16:00+05:30,5.0,5.02,4.98,5.0,100,24500,PE,2024-01-02,0.14
2024-01-02 15:17:00+05:30,101.915837355519,102.32350070494108,101.50817400609692,101.915837355519,100,24500,CE,2024-01-02,0.14
2024-01-02 15:17:00+05:30,5.0,5.02,4.98,5.0,100,24500,PE,2024-01-02,0.14
2024-01-02 15:18:00+05:30,105.58541205934195,106.00775370757931,105.16307041110458,105.58541205934195,100,24500,CE,2024-01-02,0.14
2024-01-02 15:18:00+05:30,5.0,5.02,4.98,5.0,100,24500,PE,2024-01-02,0.14
2024-01-02 15:19:00+05:30,105.17334569582523,105.59403907860853,104.75265231304193,105.17334569582523,100,24500,CE,2024-01-02,0.14
2024-01-02 15:19:00+05:30,5.0,5.02,4.98,5.0,100,24500,PE,2024-01-02,0.14
2024-01-02 15:20:00+05:30,106.05742680903928,106.48165651627544,105.63319710180313,106.05742680903928,100,24500,CE,2024-01-02,0.14
2024-01-02 15:20:00+05:30,5.0,5.02,4.98,5.0,100,24500,PE,2024-01-02,0.14
2024-01-02 15:21:00+05:30,100.49246801007645,100.89443788211676,100.09049813803614,100.49246801007645,100,24500,CE,2024-01-02,0.14
2024-01-02 15:21:00+05:30,5.0,5.02,4.98,5.0,100,24500,PE,2024-01-02,0.14
2024-01-02 15:22:00+05:30,102.23250421692207,102.64143423378975,101.82357420005438,102.23250421692207,100,24500,CE,2024-01-02,0.14
2024-01-02 15:22:00+05:30,5.0,5.02,4.98,5.0,100,24500,PE,2024-01-02,0.14
2024-01-02 15:23:00+05:30,100.62413501864536,101.02663155871994,100.22163847857078,100.62413501864536,100,24500,CE,2024-01-02,0.14
2024-01-02 15:23:00+05:30,5.0,5.02,4.98,5.0,100,24500,PE,2024-01-02,0.14
2024-01-02 15:24:00+05:30,101.99658011003591,102.40456643047605,101.58859378959576,101.99658011003591,100,24500,CE,2024-01-02,0.14
2024-01-02 15:24:00+05:30,5.0,5.02,4.98,5.0,100,24500,PE,2024-01-02,0.14
2024-01-02 15:25:00+05:30,103.77935258581853,104.1944699961618,103.36423517547526,103.77935258581853,100,24500,CE,2024-01-02,0.14
2024-01-02 15:25:00+05:30,5.0,5.02,4.98,5.0,100,24500,PE,2024-01-02,0.14
2024-01-02 15:26:00+05:30,103.39976954251576,103.81336862068582,102.98617046434569,103.39976954251576,100,24500,CE,2024-01-02,0.14
2024-01-02 15:26:00+05:30,5.0,5.02,4.98,5.0,100,24500,PE,2024-01-02,0.14
2024-01-02 15:27:00+05:30,104.64777375044174,105.06636484544352,104.22918265543997,104.64777375044174,100,24500,CE,2024-01-02,0.14
2024-01-02 15:27:00+05:30,5.0,5.02,4.98,5.0,100,24500,PE,2024-01-02,0.14
2024-01-02 15:28:00+05:30,104.65674738594204,105.07537437548581,104.23812039639827,104.65674738594204,100,24500,CE,2024-01-02,0.14
2024-01-02 15:28:00+05:30,5.0,5.02,4.98,5.0,100,24500,PE,2024-01-02,0.14
2024-01-02 15:29:00+05:30,107.56374551517435,107.99400049723505,107.13349053311364,107.56374551517435,100,24500,CE,2024-01-02,0.14
2024-01-02 15:29:00+05:30,5.0,5.02,4.98,5.0,100,24500,PE,2024-01-02,0.14
2024-01-02 15:30:00+05:30,109.50528157184705,109.94330269813445,109.06726044555965,109.50528157184705,100,24500,CE,2024-01-02,0.14
2024-01-02 15:30:00+05:30,5.0,5.02,4.98,5.0,100,24500,PE,2024-01-02,0.14
2024-01-03 09:15:00+05:30,179.03927522031597,179.75543232119725,178.3231181194347,179.03927522031597,100,24700,CE,2024-01-09,0.14
2024-01-03 09:15:00+05:30,179.03927522031597,179.75543232119725,178.3231181194347,179.03927522031597,100,24700,PE,2024-01-09,0.14
2024-01-03 09:16:00+05:30,177.0046063893759,177.7126248149334,176.2965879638184,177.0046063893759,100,24700,CE,2024-01-09,0.14
2024-01-03 09:16:00+05:30,181.07394405125603,181.79823982746106,180.349648275051,181.07394405125603,100,24700,PE,2024-01-09,0.14
2024-01-03 09:17:00+05:30,176.2160825737982,176.92094690409337,175.511218243503,176.2160825737982,100,24700,CE,2024-01-09,0.14
2024-01-03 09:17:00+05:30,181.86246786683375,182.5899177383011,181.1350179953664,181.86246786683375,100,24700,PE,2024-01-09,0.14
2024-01-03 09:18:00+05:30,172.76691648382882,173.45798414976414,172.0758488178935,172.76691648382882,100,24700,CE,2024-01-09,0.14
2024-01-03 09:18:00+05:30,185.31163395680312,186.05288049263032,184.57038742097592,185.31163395680312,100,24700,PE,2024-01-09,0.14
2024-01-03 09:19:00+05:30,162.82527073282733,163.47657181575863,162.17396964989604,162.82527073282733,100,24700,CE,2024-01-09,0.14
2024-01-03 09:19:00+05:30,195.2532797078046,196.03429282663583,194.47226658897338,195.2532797078046,100,24700,PE,2024-01-09,0.14
2024-01-03 09:20:00+05:30,162.3098401298074,162.95907949032664,161.66060076928818,162.3098401298074,100,24700,CE,2024-01-09,0.14
2024-01-03 09:20:00+05:30,195.76871031082453,196.55178515206782,194.98563546958124,195.76871031082453,100,24700,PE,2024-01-09,0.14
2024-01-03 09:21:00+05:30,166.5954124245444,167.26179407424257,165.92903077484624,166.5954124245444,100,24700,CE,2024-01-09,0.14
2024-01-03 09:21:00+05:30,191.48313801608754,192.2490705681519,190.71720546402318,191.48313801608754,100,24700,PE,2024-01-09,0.14
2024-01-03 09:22:00+05:30,164.71790725249673,165.3767788815067,164.05903562348675,164.71790725249673,100,24700,CE,2024-01-09,0.14
2024-01-03 09:22:00+05:30,193.3606431881352,194.13408576088776,192.58720061538267,193.3606431881352,100,24700,PE,2024-01-09,0.14
2024-01-03 09:23:00+05:30,157.67000698317395,158.30068701110665,157.03932695524125,157.67000698317395,100,24700,CE,2024-01-09,0.14
2024-01-03 09:23:00+05:30,200.408543457458,201.21017763128782,199.60690928362817,200.408543457458,100,24700,PE,2024-01-09,0.14
2024-01-03 09:24:00+05:30,158.54578222164207,159.17996535052865,157.9115990927555,158.54578222164207,100,24700,CE,2024-01-09,0.14
2024-01-03 09:24:00+05:30,199.53276821898987,200.33089929186582,198.73463714611393,199.53276821898987,100,24700,PE,2024-01-09,0.14
2024-01-03 09:25:00+05:30,158.71876434335616,159.35363940072958,158.08388928598274,158.71876434335616,100,24700,CE,2024-01-09,0.14
2024-01-03 09:25:00+05:30,199.3597860972758,200.1572252416649,198.56234695288668,199.3597860972758,100,24700,PE,2024-01-09,0.14
2024-01-03 09:26:00+05:30,162.34696810688445,162.99635597931197,161.69758023445692,162.34696810688445,100,24700,CE,2024-01-09,0.14
2024-01-03 09:26:00+05:30,195.7315823337475,196.5145086630825,194.9486560044125,195.7315823337475,100,24700,PE,2024-01-09,0.14
2024-01-03 09:27:00+05:30,165.63794667171612,166.30049845840298,164.97539488502926,165.63794667171612,100,24700,CE,2024-01-09,0.14
2024-01-03 09:27:00+05:30,192.44060376891582,193.21036618399148,191.67084135384016,192.44060376891582,100,24700,PE,2024-01-09,0.14
2024-01-03 09:28:00+05:30,164.50126759869897,165.15927266909378,163.84326252830417,164.50126759869897,100,24700,CE,2024-01-09,0.14
2024-01-03 09:28:00+05:30,193.57728284193297,194.3515919733007,192.80297371056523,193.57728284193297,100,24700,PE,2024-01-09,0.14
2024-01-03 09:29:00+05:30,165.8772797792143,166.54078889833116,165.21377066009742,165.8772797792143,100,24700,CE,2024-01-09,0.14
2024-01-03 09:29:00+05:30,192.20127066141765,192.97007574406334,191.43246557877197,192.20127066141765,100,24700,PE,2024-01-09,0.14
2024-01-03 09:30:00+05:30,159.0061262679509,159.6421507730227,158.37010176287907,159.0061262679509,100,24700,CE,2024-01-09,0.14
2024-01-03 09:30:00+05:30,199.07242417268105,199.8687138693718,198.27613447599032,199.07242417268105,100,24700,PE,2024-01-09,0.14
2024-01-03 09:31:00+05:30,163.05936023738548,163.711597678335,162.40712279643594,163.05936023738548,100,24700,CE,2024-01-09,0.14
2024-01-03 09:31:00+05:30,195.01919020324647,195.79926696405946,194.23911344243348,195.01919020324647,100,24700,PE,2024-01-09,0.14
2024-01-03 09:32:00+05:30,163.6330008211197,164.2875328244042,162.97846881783522,163.6330008211197,100,24700,CE,2024-01-09,0.14
2024-01-03 09:32:00+05:30,194.44554961951224,195.22333181799027,193.6677674210342,194.44554961951224,100,24700,PE,2024-01-09,0.14
2024-01-03 09:33:00+05:30,167.57907483390852,168.24939113324416,166.90875853457288,167.57907483390852,100,24700,CE,2024-01-09,0.14
2024-01-03 09:33:00+05:30,190.49947560672342,191.2614735091503,189.73747770429654,190.49947560672342,100,24700,PE,2024-01-09,0.14
2024-01-03 09:34:00+05:30,171.44070496130996,172.1264677811552,170.7549421414647,171.44070496130996,100,24700,CE,2024-01-09,0.14
2024-01-03 09:34:00+05:30,186.63784547932198,187.38439686123928,185.89129409740468,186.63784547932198,100,24700,PE,2024-01-09,0.14
2024-01-03 09:35:00+05:30,170.23940922890404,170.92036686581966,169.55845159198842,170.23940922890404,100,24700,CE,2024-01-09,0.14
2024-01-03 09:35:00+05:30,187.8391412117279,188.5904977765748,187.087784646881,187.8391412117279,100,24700,PE,2024-01-09,0.14
2024-01-03 09:36:00+05:30,169.55528127300101,170.233502398093,168.87706014790902,169.55528127300101,100,24700,CE,2024-01-09,0.14
2024-01-03 09:36:00+05:30,188.52326916763093,189.27736224430146,187.7691760909604,188.52326916763093,100,24700,PE,2024-01-09,0.14
2024-01-03 09:37:00+05:30,166.15114110031288,166.81574566471414,165.48653653591163,166.15114110031288,100,24700,CE,2024-01-09,0.14
2024-01-03 09:37:00+05:30,191.92740934031906,192.69511897768032,191.1596997029578,191.92740934031906,100,24700,PE,2024-01-09,0.14
2024-01-03 09:38:00+05:30,158.27856215242434,158.91167640103404,157.64544790381464,158.27856215242434,100,24700,CE,2024-01-09,0.14
2024-01-03 09:38:00+05:30,199.7999882882076,200.59918824136042,199.00078833505478,199.7999882882076,100,24700,PE,2024-01-09,0.14
2024-01-03 09:39:00+05:30,157.65991744086466,158.29055711062813,157.0292777711012,157.65991744086466,100,24700,CE,2024-01-09,0.14
2024-01-03 09:39:00+05:30,200.41863299976728,201.22030753176637,199.6169584677682,200.41863299976728,100,24700,PE,2024-01-09,0.14
2024-01-03 09:40:00+05:30,158.11233670005356,158.7447860468538,157.47988735325333,158.11233670005356,100,24700,CE,2024-01-09,0.14
2024-01-03 09:40:00+05:30,199.96621374057838,200.7660785955407,199.16634888561606,199.96621374057838,100,24700,PE,2024-01-09,0.14
2024-01-03 09:41:00+05:30,153.91681126470291,154.53247850976172,153.3011440196441,153.91681126470291,100,24700,CE,2024-01-09,0.14
2024-01-03 09:41:00+05:30,204.16173917592903,204.97838613263275,203.3450922192253,204.16173917592903,100,24700,PE,2024-01-09,0.14
2024-01-03 09:42:00+05:30,156.46233536845546,157.08818470992927,155.83648602698165,156.46233536845546,100,24700,CE,2024-01-09,0.14
2024-01-03 09:42:00+05:30,201.6162150721765,202.4226799324652,200.80975021188777,201.6162150721765,100,24700,PE,2024-01-09,0.14
2024-01-03 09:43:00+05:30,156.70784714191802,157.3346785304857,156.08101575335036,156.70784714191802,100,24700,CE,2024-01-09,0.14
2024-01-03 09:43:00+05:30,201.37070329871392,202.17618611190878,200.56522048551906,201.37070329871392,100,24700,PE,2024-01-09,0.14
2024-01-03 09:44:00+05:30,158.2851615884964,158.9183022348504,157.65202094214243,158.2851615884964,100,24700,CE,2024-01-09,0.14
2024-01-03 09:44:00+05:30,199.79338885213554,200.59256240754408,198.994215296727,199.79338885213554,100,24700,PE,2024-01-09,0.14
2024-01-03 09:45:00+05:30,155.27527529246515,155.89637639363502,154.65417419129528,155.27527529246515,100,24700,CE,2024-01-09,0.14
2024-01-03 09:45:00+05:30,202.8032751481668,203.61448824875947,201.9920620475741,202.8032751481668,100,24700,PE,2024-01-09,0.14
2024-01-03 09:46:00+05:30,148.5345991216608,149.12873751814743,147.94046072517415,148.5345991216608,100,24700,CE,2024-01-09,0.14
2024-01-03 09:46:00+05:30,209.54395131897115,210.38212712424703,208.70577551369527,209.54395131897115,100,24700,PE,2024-01-09,0.14
2024-01-03 09:47:00+05:30,151.3280504362018,151.9333626379466,150.722738234457,151.3280504362018,100,24700,CE,2024-01-09,0.14
2024-01-03 09:47:00+05:30,206.75050000443014,207.57750200444787,205.9234980044124,206.75050000443014,100,24700,PE,2024-01-09,0.14
2024-01-03 09:48:00+05:30,153.49557000763969,154.10955228767025,152.88158772760912,153.49557000763969,100,24700,CE,2024-01-09,0.14
2024-01-03 09:48:00+05:30,204.58298043299226,205.40131235472424,203.76464851126028,204.58298043299226,100,24700,PE,2024-01-09,0.14
2024-01-03 09:49:00+05:30,152.96004392026487,153.57188409594593,152.3482037445838,152.96004392026487,100,24700,CE,2024-01-09,0.14
2024-01-03 09:49:00+05:30,205.11850652036708,205.93898054644853,204.29803249428562,205.11850652036708,100,24700,PE,2024-01-09,0.14
2024-01-03 09:50:00+05:30,151.25714475031498,151.86217332931625,150.6521161713137,151.25714475031498,100,24700,CE,2024-01-09,0.14
2024-01-03 09:50:00+05:30,206.82140569031696,207.64869131307825,205.99412006755568,206.82140569031696,100,24700,PE,2024-01-09,0.14
2024-01-03 09:51:00+05:30,150.09457315676525,150.6949514493923,149.4941948641382,150.09457315676525,100,24700,CE,2024-01-09,0.14
2024-01-03 09:51:00+05:30,207.9839772838667,208.81591319300216,207.15204137473123,207.9839772838667,100,24700,PE,2024-01-09,0.14
2024-01-03 09:52:00+05:30,149.45730474886557,150.05513396786102,148.8594755298701,149.45730474886557,100,24700,CE,2024-01-09,0.14
2024-01-03 09:52:00+05:30,208.62124569176638,209.45573067453344,207.7867607089993,208.62124569176638,100,24700,PE,2024-01-09,0.14
2024-01-03 09:53:00+05:30,147.4254686887424,148.01517056349738,146.83576681398742,147.4254686887424,100,24700,CE,2024-01-09,0.14
2024-01-03 09:53:00+05:30,210.65308175188954,211.49569407889712,209.81046942488197,210.65308175188954,100,24700,PE,2024-01-09,0.14
2024-01-03 09:54:00+05:30,139.76060732528174,140.31964975458285,139.20156489598062,139.76060732528174,100,24700,CE,2024-01-09,0.14
2024-01-03 09:54:00+05:30,218.3179431153502,219.1912148878116,217.4446713428888,218.3179431153502,100,24700,PE,2024-01-09,0.14
2024-01-03 09:55:00+05:30,142.57786303186992,143.1481744839974,142.00755157974245,142.57786303186992,100,24700,CE,2024-01-09,0.14
2024-01-03 09:55:00+05:30,215.50068740876202,216.36269015839707,214.63868465912697,215.50068740876202,100,24700,PE,2024-01-09,0.14
2024-01-03 09:56:00+05:30,136.84877536447937,137.39617046593727,136.30138026302146,136.84877536447937,100,24700,CE,2024-01-09,0.14
2024-01-03 09:56:00+05:30,221.22977507615258,222.1146941764572,220.34485597584796,221.22977507615258,100,24700,PE,2024-01-09,0.14
2024-01-03 09:57:00+05:30,135.47700106775017,136.01890907202116,134.93509306347917,135.47700106775017,100,24700,CE,2024-01-09,0.14
2024-01-03 09:57:00+05:30,222.60154937288178,223.4919555703733,221.71114317539025,222.60154937288178,100,24700,PE,2024-01-09,0.14
2024-01-03 09:58:00+05:30,134.20345930276642,134.7402731399775,133.66664546555535,134.20345930276642,100,24700,CE,2024-01-09,0.14
2024-01-03 09:58:00+05:30,223.87509113786552,224.77059150241698,222.97959077331407,223.87509113786552,100,24700,PE,2024-01-09,0.14
2024-01-03 09:59:00+05:30,135.0599025343207,135.600142144458,134.51966292418342,135.0599025343207,100,24700,CE,2024-01-09,0.14
2024-01-03 09:59:00+05:30,223.01864790631123,223.91072249793646,222.126573314686,223.01864790631123,100,24700,PE,2024-01-09,0.14
2024-01-03 10:00:00+05:30,128.8871287720293,129.40267728711743,128.3715802569412,128.8871287720293,100,24700,CE,2024-01-09,0.14
2024-01-03 10:00:00+05:30,229.19142166860263,230.10818735527704,228.27465598192822,229.19142166860263,100,24700,PE,2024-01-09,0.14
2024-01-03 10:01:00+05:30,133.29266284267112,133.8258334940418,132.75949219130044,133.29266284267112,100,24700,CE,2024-01-09,0.14
2024-01-03 10:01:00+05:30,224.78588759796082,225.68503114835266,223.88674404756898,224.78588759796082,100,24700,PE,2024-01-09,0.14
2024-01-03 10:02:00+05:30,135.63210111342494,136.17462951787863,135.08957270897125,135.63210111342494,100,24700,CE,2024-01-09,0.14
2024-01-03 10:02:00+05:30,222.446449327207,223.33623512451584,221.55666352989817,222.446449327207,100,24700,PE,2024-01-09,0.14
2024-01-03 10:03:00+05:30,138.40224076859784,138.95584973167223,137.84863180552344,138.40224076859784,100,24700,CE,2024-01-09,0.14
2024-01-03 10:03:00+05:30,219.6763096720341,220.55501491072224,218.79760443334598,219.6763096720341,100,24700,PE,2024-01-09,0.14
2024-01-03 10:04:00+05:30,143.03976507117557,143.61192413146026,142.46760601089088,143.03976507117557,100,24700,CE,2024-01-09,0.14
2024-01-03 10:04:00+05:30,215.03878536945638,215.8989405109342,214.17863022797854,215.03878536945638,100,24700,PE,2024-01-09,0.14
2024-01-03 10:05:00+05:30,139.93378669111996,140.49352183788443,139.3740515443555,139.93378669111996,100,24700,CE,2024-01-09,0.14
2024-01-03 10:05:00+05:30,218.14476374951198,219.01734280451004,217.27218469451392,218.14476374951198,100,24700,PE,2024-01-09,0.14
2024-01-03 10:06:00+05:30,128.06650207591417,128.57876808421784,127.55423606761052,128.06650207591417,100,24700,CE,2024-01-09,0.14
2024-01-03 10:06:00+05:30,230.01204836471777,230.93209655817665,229.0920001712589,230.01204836471777,100,24700,PE,2024-01-09,0.14
2024-01-03 10:07:00+05:30,129.20746475418753,129.72429461320428,128.69063489517077,129.20746475418753,100,24700,CE,2024-01-09,0.14
2024-01-03 10:07:00+05:30,228.87108568644442,229.7865700291902,227.95560134369865,228.87108568644442,100,24700,PE,2024-01-09,0.14
2024-01-03 10:08:00+05:30,134.02546845740187,134.56157033123148,133.48936658357226,134.02546845740187,100,24700,CE,2024-01-09,0.14
2024-01-03 10:08:00+05:30,224.05308198323007,224.949294311163,223.15686965529716,224.05308198323007,100,24700,PE,2024-01-09,0.14
2024-01-03 10:09:00+05:30,138.28399002308913,138.8371259831815,137.73085406299677,138.28399002308913,100,24700,CE,2024-01-09,0.14
2024-01-03 10:09:00+05:30,219.7945604175428,220.67373865921297,218.91538217587265,219.7945604175428,100,24700,PE,2024-01-09,0.14
2024-01-03 10:10:00+05:30,136.17843507551595,136.723148815818,135.6337213352139,136.17843507551595,100,24700,CE,2024-01-09,0.14
2024-01-03 10:10:00+05:30,221.900115365116,222.78771582657646,221.01251490365553,221.900115365116,100,24700,PE,2024-01-09,0.14
2024-01-03 10:11:00+05:30,135.74069997563936,136.28366277554193,135.1977371757368,135.74069997563936,100,24700,CE,2024-01-09,0.14
2024-01-03 10:11:00+05:30,222.33785046499258,223.22720186685257,221.4484990631326,222.33785046499258,100,24700,PE,2024-01-09,0.14
2024-01-03 10:12:00+05:30,136.7205610217651,137.26744326585217,136.17367877767802,136.7205610217651,100,24700,CE,2024-01-09,0.14
2024-01-03 10:12:00+05:30,221.35798941886685,222.24342137654233,220.47255746119137,221.35798941886685,100,24700,PE,2024-01-09,0.14
2024-01-03 10:13:00+05:30,129.85264127553535,130.37205184063748,129.3332307104332,129.85264127553535,100,24700,CE,2024-01-09,0.14
2024-01-03 10:13:00+05:30,228.2259091650966,229.13881280175698,227.3130055284362,228.2259091650966,100,24700,PE,2024-01-09,0.14
2024-01-03 10:14:00+05:30,127.26345427216336,127.77250808925201,126.7544004550747,127.26345427216336,100,24700,CE,2024-01-09,0.14
2024-01-03 10:14:00+05:30,230.81509616846859,231.73835655314247,229.8918357837947,230.81509616846859,100,24700,PE,2024-01-09,0.14
2024-01-03 10:15:00+05:30,124.79128297915383,125.29044811107045,124.29211784723722,124.79128297915383,100,24700,CE,2024-01-09,0.14
2024-01-03 10:15:00+05:30,233.2872674614781,234.22041653132402,232.3541183916322,233.2872674614781,100,24700,PE,2024-01-09,0.14
2024-01-03 10:16:00+05:30,130.64578197293383,131.16836510082558,130.12319884504208,130.64578197293383,100,24700,CE,2024-01-09,0.14
2024-01-03 10:16:00+05:30,227.4327684676981,228.3424995415689,226.5230373938273,227.4327684676981,100,24700,PE,2024-01-09,0.14
2024-01-03 10:17:00+05:30,128.1213353127249,128.63382065397582,127.60884997147402,128.1213353127249,100,24700,CE,2024-01-09,0.14
2024-01-03 10:17:00+05:30,229.95721512790703,230.87704398841868,229.0373862673954,229.95721512790703,100,24700,PE,2024-01-09,0.14
2024-01-03 10:18:00+05:30,133.93290036835867,134.4686319698321,133.39716876688524,133.93290036835867,100,24700,CE,2024-01-09,0.14
2024-01-03 10:18:00+05:30,224.14565007227327,225.04223267256236,223.24906747198418,224.14565007227327,100,24700,PE,2024-01-09,0.14
2024-01-03 10:19:00+05:30,133.9068815303334,134.44250905645475,133.37125400421206,133.9068815303334,100,24700,CE,2024-01-09,0.14
2024-01-03 10:19:00+05:30,224.17166891029854,225.06835558593974,223.27498223465733,224.17166891029854,100,24700,PE,2024-01-09,0.14
2024-01-03 10:20:00+05:30,127.54502851880432,128.05520863287953,127.0348484047291,127.54502851880432,100,24700,CE,2024-01-09,0.14
2024-01-03 10:20:00+05:30,230.53352192182763,231.45565600951494,229.61138783414032,230.53352192182763,100,24700,PE,2024-01-09,0.14
2024-01-03 10:21:00+05:30,135.78930924838176,136.33246648537528,135.24615201138823,135.78930924838176,100,24700,CE,2024-01-09,0.14
2024-01-03 10:21:00+05:30,222.2892411922502,223.1783981570192,221.4000842274812,222.2892411922502,100,24700,PE,2024-01-09,0.14
2024-01-03 10:22:00+05:30,132.07529009621146,132.6035912565963,131.54698893582662,132.07529009621146,100,24700,CE,2024-01-09,0.14
2024-01-03 10:22:00+05:30,226.00326034442048,226.90727338579816,225.0992473030428,226.00326034442048,100,24700,PE,2024-01-09,0.14
2024-01-03 10:23:00+05:30,134.32804266117353,134.86535483181822,133.79073049052883,134.32804266117353,100,24700,CE,2024-01-09,0.14
2024-01-03 10:23:00+05:30,223.75050777945842,224.64550981057624,222.8555057483406,223.75050777945842,100,24700,PE,2024-01-09,0.14
2024-01-03 10:24:00+05:30,140.66399386247838,141.22664983792828,140.10133788702848,140.66399386247838,100,24700,CE,2024-01-09,0.14
2024-01-03 10:24:00+05:30,217.41455657815357,218.2842148044662,216.54489835184094,217.41455657815357,100,24700,PE,2024-01-09,0.14
2024-01-03 10:25:00+05:30,138.5971930411987,139.1515818133635,138.0428042690339,138.5971930411987,100,24700,CE,2024-01-09,0.14
2024-01-03 10:25:00+05:30,219.48135739943325,220.35928282903097,218.60343196983553,219.48135739943325,100,24700,PE,2024-01-09,0.14
2024-01-03 10:26:00+05:30,133.92253505753695,134.4582251977671,133.3868449173068,133.92253505753695,100,24700,CE,2024-01-09,0.14
2024-01-03 10:26:00+05:30,224.156015383095,225.05263944462737,223.25939132156262,224.156015383095,100,24700,PE,2024-01-09,0.14
2024-01-03 10:27:00+05:30,137.76598775736136,138.3170517083908,137.2149238063319,137.76598775736136,100,24700,CE,2024-01-09,0.14
2024-01-03 10:27:00+05:30,220.31256268327058,221.19381293400366,219.4313124325375,220.31256268327058,100,24700,PE,2024-01-09,0.14
2024-01-03 10:28:00+05:30,137.95130271504866,138.50310792590886,137.39949750418845,137.95130271504866,100,24700,CE,2024-01-09,0.14
2024-01-03 10:28:00+05:30,220.1272477255833,221.00775671648563,219.24673873468095,220.1272477255833,100,24700,PE,2024-01-09,0.14
2024-01-03 10:29:00+05:30,133.2888049154907,133.82196013515264,132.75564969582874,133.2888049154907,100,24700,CE,2024-01-09,0.14
2024-01-03 10:29:00+05:30,224.78974552514126,225.68890450724183,223.89058654304068,224.78974552514126,100,24700,PE,2024-01-09,0.14
2024-01-03 10:30:00+05:30,129.1742987230599,129.69099591795214,128.65760152816767,129.1742987230599,100,24700,CE,2024-01-09,0.14
2024-01-03 10:30:00+05:30,228.90425171757204,229.81986872444233,227.98863471070175,228.90425171757204,100,24700,PE,2024-01-09,0.14
2024-01-03 10:31:00+05:30,127.6530686115392,128.16368088598534,127.14245633709304,127.6530686115392,100,24700,CE,2024-01-09,0.14
2024-01-03 10:31:00+05:30,230.42548182909275,231.34718375640912,229.50377990177637,230.42548182909275,100,24700,PE,2024-01-09,0.14
2024-01-03 10:32:00+05:30,131.20814245241752,131.73297502222718,130.68330988260786,131.20814245241752,100,24700,CE,2024-01-09,0.14
2024-01-03 10:32:00+05:30,226.87040798821442,227.7778896201673,225.96292635626156,226.87040798821442,100,24700,PE,2024-01-09,0.14
2024-01-03 10:33:00+05:30,130.07167483465935,130.591961533998,129.5513881353207,130.07167483465935,100,24700,CE,2024-01-09,0.14
2024-01-03 10:33:00+05:30,228.0068756059726,228.91890310839648,227.0948481035487,228.0068756059726,100,24700,PE,2024-01-09,0.14
2024-01-03 10:34:00+05:30,132.4661250801954,132.99598958051618,131.93626057987464,132.4661250801954,100,24700,CE,2024-01-09,0.14
2024-01-03 10:34:00+05:30,225.61242536043653,226.51487506187829,224.70997565899478,225.61242536043653,100,24700,PE,2024-01-09,0.14
2024-01-03 10:35:00+05:30,138.60380211265954,139.1582173211102,138.0493869042089,138.60380211265954,100,24700,CE,2024-01-09,0.14
2024-01-03 10:35:00+05:30,219.4747483279724,220.3526473212843,218.5968493346605,219.4747483279724,100,24700,PE,2024-01-09,0.14
2024-01-03 10:36:00+05:30,143.30414604741134,143.877362631601,142.73092946322168,143.30414604741134,100,24700,CE,2024-01-09,0.14
2024-01-03 10:36:00+05:30,214.7744043932206,215.63350201079348,213.91530677564774,214.7744043932206,100,24700,PE,2024-01-09,0.14
2024-01-03 10:37:00+05:30,148.63506613929428,149.22960640385145,148.0405258747371,148.63506613929428,100,24700,CE,2024-01-09,0.14
2024-01-03 10:37:00+05:30,209.44348430133766,210.28125823854302,208.6057103641323,209.44348430133766,100,24700,PE,2024-01-09,0.14
2024-01-03 10:38:00+05:30,153.1947125651394,153.80749141539997,152.58193371487886,153.1947125651394,100,24700,CE,2024-01-09,0.14
2024-01-03 10:38:00+05:30,204.88383787549253,205.7033732269945,204.06430252399056,204.88383787549253,100,24700,PE,2024-01-09,0.14
2024-01-03 10:39:00+05:30,147.10273609644253,147.6911470408283,146.51432515205676,147.10273609644253,100,24700,CE,2024-01-09,0.14
2024-01-03 10:39:00+05:30,210.97581434418942,211.81971760156617,210.13191108681266,210.97581434418942,100,24700,PE,2024-01-09,0.14
2024-01-03 10:40:00+05:30,151.62877430328888,152.23528940050204,151.02225920607572,151.62877430328888,100,24700,CE,2024-01-09,0.14
2024-01-03 10:40:00+05:30,206.44977613734306,207.27557524189243,205.6239770327937,206.44977613734306,100,24700,PE,2024-01-09,0.14
2024-01-03 10:41:00+05:30,152.80080137605808,153.41200458156231,152.18959817055384,152.80080137605808,100,24700,CE,2024-01-09,0.14
2024-01-03 10:41:00+05:30,205.27774906457387,206.09886006083215,204.45663806831558,205.27774906457387,100,24700,PE,2024-01-09,0.14
2024-01-03 10:42:00+05:30,152.27430938651275,152.8834066240588,151.6652121489667,152.27430938651275,100,24700,CE,2024-01-09,0.14
2024-01-03 10:42:00+05:30,205.8042410541192,206.62745801833566,204.98102408990272,205.8042410541192,100,24700,PE,2024-01-09,0.14
2024-01-03 10:43:00+05:30,148.1468752612135,148.73946276225834,147.55428776016865,148.1468752612135,100,24700,CE,2024-01-09,0.14
2024-01-03 10:43:00+05:30,209.93167517941845,210.77140188013612,209.09194847870077,209.93167517941845,100,24700,PE,2024-01-09,0.14
2024-01-03 10:44:00+05:30,142.12809641240608,142.6966087980557,141.55958402675645,142.12809641240608,100,24700,CE,2024-01-09,0.14
2024-01-03 10:44:00+05:30,215.95045402822586,216.81425584433876,215.08665221211297,215.95045402822586,100,24700,PE,2024-01-09,0.14
2024-01-03 10:45:00+05:30,137.90147192601478,138.45307781371883,137.34986603831072,137.90147192601478,100,24700,CE,2024-01-09,0.14
2024-01-03 10:45:00+05:30,220.17707851461716,221.05778682867563,219.2963702005587,220.17707851461716,100,24700,PE,2024-01-09,0.14
2024-01-03 10:46:00+05:30,137.76135694541233,138.31240237319398,137.21031151763069,137.76135694541233,100,24700,CE,2024-01-09,0.14
2024-01-03 10:46:00+05:30,220.3171934952196,221.1984622692005,219.43592472123873,220.3171934952196,100,24700,PE,2024-01-09,0.14
2024-01-03 10:47:00+05:30,133.29477729150938,133.82795640067542,132.76159818234333,133.29477729150938,100,24700,CE,2024-01-09,0.14
2024-01-03 10:47:00+05:30,224.78377314912257,225.68290824171905,223.8846380565261,224.78377314912257,100,24700,PE,2024-01-09,0.14
2024-01-03 10:48:00+05:30,130.17299673624518,130.69368872319015,129.6523047493002,130.17299673624518,100,24700,CE,2024-01-09,0.14
2024-01-03 10:48:00+05:30,227.90555370438676,228.81717591920432,226.9939314895692,227.90555370438676,100,24700,PE,2024-01-09,0.14
2024-01-03 10:49:00+05:30,127.80033955927763,128.31154091751475,127.28913820104052,127.80033955927763,100,24700,CE,2024-01-09,0.14
2024-01-03 10:49:00+05:30,230.2782108813543,231.19932372487972,229.3570980378289,230.2782108813543,100,24700,PE,2024-01-09,0.14
2024-01-03 10:50:00+05:30,130.23985947869448,130.76081891660925,129.71890004077972,130.23985947869448,100,24700,CE,2024-01-09,0.14
2024-01-03 10:50:00+05:30,227.83869096193746,228.7500457257852,226.9273361980897,227.83869096193746,100,24700,PE,2024-01-09,0.14
2024-01-03 10:51:00+05:30,129.07293520739847,129.58922694822806,128.5566434665689,129.07293520739847,100,24700,CE,2024-01-09,0.14
2024-01-03 10:51:00+05:30,229.00561523323347,229.9216376941664,228.08959277230053,229.00561523323347,100,24700,PE,2024-01-09,0.14
2024-01-03 10:52:00+05:30,128.4658316908634,128.97969501762685,127.95196836409995,128.4658316908634,100,24700,CE,2024-01-09,0.14
2024-01-03 10:52:00+05:30,229.61271874976853,230.5311696247676,228.69426787476945,229.61271874976853,100,24700,PE,2024-01-09,0.14
2024-01-03 10:53:00+05:30,133.37919336953098,133.9127101430091,132.84567659605287,133.37919336953098,100,24700,CE,2024-01-09,0.14
2024-01-03 10:53:00+05:30,224.69935707110096,225.59815449938537,223.80055964281655,224.69935707110096,100,24700,PE,2024-01-09,0.14
2024-01-03 10:54:00+05:30,132.1145322175097,132.64299034637972,131.58607408863966,132.1145322175097,100,24700,CE,2024-01-09,0.14
2024-01-03 10:54:00+05:30,225.96401822312225,226.86787429601475,225.06016215022976,225.96401822312225,100,24700,PE,2024-01-09,0.14
2024-01-03 10:55:00+05:30,134.30169071937132,134.8388974822488,133.76448395649385,134.30169071937132,100,24700,CE,2024-01-09,0.14
2024-01-03 10:55:00+05:30,223.77685972126062,224.67196716014567,222.88175228237557,223.77685972126062,100,24700,PE,2024-01-09,0.14
2024-01-03 10:56:00+05:30,130.2768244696698,130.79793176754848,129.75571717179113,130.2768244696698,100,24700,CE,2024-01-09,0.14
2024-01-03 10:56:00+05:30,227.80172597096214,228.712932874846,226.8905190670783,227.80172597096214,100,24700,PE,2024-01-09,0.14
2024-01-03 10:57:00+05:30,131.45112325329035,131.97692774630352,130.92531876027718,131.45112325329035,100,24700,CE,2024-01-09,0.14
2024-01-03 10:57:00+05:30,226.6274271873416,227.53393689609095,225.72091747859224,226.6274271873416,100,24700,PE,2024-01-09,0.14
2024-01-03 10:58:00+05:30,131.83930368290282,132.36666089763443,131.31194646817121,131.83930368290282,100,24700,CE,2024-01-09,0.14
2024-01-03 10:58:00+05:30,226.23924675772912,227.14420374476003,225.3342897706982,226.23924675772912,100,24700,PE,2024-01-09,0.14
2024-01-03 10:59:00+05:30,132.43683759019666,132.96658494055745,131.90709023983587,132.43683759019666,100,24700,CE,2024-01-09,0.14
2024-01-03 10:59:00+05:30,225.64171285043528,226.544279701837,224.73914599903355,225.64171285043528,100,24700,PE,2024-01-09,0.14
2024-01-03 11:00:00+05:30,130.62793000546196,131.1504417254838,130.10541828544012,130.62793000546196,100,24700,CE,2024-01-09,0.14
2024-01-03 11:00:00+05:30,227.45062043516998,228.36042291691066,226.5408179534293,227.45062043516998,100,24700,PE,2024-01-09,0.14
2024-01-03 11:01:00+05:30,126.70318603575186,127.20999877989486,126.19637329160885,126.70318603575186,100,24700,CE,2024-01-09,0.14
2024-01-03 11:01:00+05:30,231.3753644048801,232.30086586249962,230.44986294726056,231.3753644048801,100,24700,PE,2024-01-09,0.14
2024-01-03 11:02:00+05:30,125.51995144539694,126.02203125117853,125.01787163961535,125.51995144539694,100,24700,CE,2024-01-09,0.14
2024-01-03 11:02:00+05:30,232.558598995235,233.48883339121593,231.62836459925407,232.558598995235,100,24700,PE,2024-01-09,0.14
2024-01-03 11:03:00+05:30,123.70504859300206,124.19986878737407,123.21022839863005,123.70504859300206,100,24700,CE,2024-01-09,0.14
2024-01-03 11:03:00+05:30,234.37350184762988,235.3109958550204,233.43600784023937,234.37350184762988,100,24700,PE,2024-01-09,0.14
2024-01-03 11:04:00+05:30,127.5202061396111,128.03028696416956,127.01012531505266,127.5202061396111,100,24700,CE,2024-01-09,0.14
2024-01-03 11:04:00+05:30,230.55834430102084,231.48057767822493,229.63611092381674,230.55834430102084,100,24700,PE,2024-01-09,0.14
2024-01-03 11:05:00+05:30,130.86458508196745,131.3880434222953,130.34112674163958,130.86458508196745,100,24700,CE,2024-01-09,0.14
2024-01-03 11:05:00+05:30,227.2139653586645,228.12282122009915,226.30510949722984,227.2139653586645,100,24700,PE,2024-01-09,0.14
2024-01-03 11:06:00+05:30,126.29663055143908,126.80181707364484,125.79144402923332,126.29663055143908,100,24700,CE,2024-01-09,0.14
2024-01-03 11:06:00+05:30,231.78191988919286,232.70904756874964,230.8547922096361,231.78191988919286,100,24700,PE,2024-01-09,0.14
2024-01-03 11:07:00+05:30,128.5890920922401,129.10344846060906,128.07473572387113,128.5890920922401,100,24700,CE,2024-01-09,0.14
2024-01-03 11:07:00+05:30,229.48945834839185,230.4074161817854,228.5715005149983,229.48945834839185,100,24700,PE,2024-01-09,0.14
2024-01-03 11:08:00+05:30,126.73009875734613,127.23701915237551,126.22317836231674,126.73009875734613,100,24700,CE,2024-01-09,0.14
2024-01-03 11:08:00+05:30,231.34845168328582,232.27384549001897,230.42305787655266,231.34845168328582,100,24700,PE,2024-01-09,0.14
2024-01-03 11:09:00+05:30,128.3910500496794,128.9046142498781,127.87748584948068,128.3910500496794,100,24700,CE,2024-01-09,0.14
2024-01-03 11:09:00+05:30,229.68750039095255,230.60625039251636,228.76875038938874,229.68750039095255,100,24700,PE,2024-01-09,0.14
2024-01-03 11:10:00+05:30,126.52520947644268,127.03131031434846,126.0191086385369,126.52520947644268,100,24700,CE,2024-01-09,0.14
2024-01-03 11:10:00+05:30,231.55334096418926,232.47955432804602,230.6271276003325,231.55334096418926,100,24700,PE,2024-01-09,0.14
2024-01-03 11:11:00+05:30,120.94608131736356,121.42986564263302,120.46229699209411,120.94608131736356,100,24700,CE,2024-01-09,0.14
2024-01-03 11:11:00+05:30,237.13246912326838,238.08099899976145,236.1839392467753,237.13246912326838,100,24700,PE,2024-01-09,0.14
2024-01-03 11:12:00+05:30,124.69708441577029,125.19587275343338,124.1982960781072,124.69708441577029,100,24700,CE,2024-01-09,0.14
2024-01-03 11:12:00+05:30,233.38146602486165,234.3149918889611,232.44794016076222,233.38146602486165,100,24700,PE,2024-01-09,0.14
2024-01-03 11:13:00+05:30,126.33319210431625,126.83852487273352,125.82785933589899,126.33319210431625,100,24700,CE,2024-01-09,0.14
2024-01-03 11:13:00+05:30,231.7453583363157,232.67233976966097,230.8183769029704,231.7453583363157,100,24700,PE,2024-01-09,0.14
2024-01-03 11:14:00+05:30,121.67686543967181,122.1635729014305,121.19015797791313,121.67686543967181,100,24700,CE,2024-01-09,0.14
2024-01-03 11:14:00+05:30,236.40168500096013,237.34729174096398,235.45607826095628,236.40168500096013,100,24700,PE,2024-01-09,0.14
2024-01-03 11:15:00+05:30,114.52407009443857,114.98216637481633,114.06597381406081,114.52407009443857,100,24700,CE,2024-01-09,0.14
2024-01-03 11:15:00+05:30,243.55448034619337,244.52869826757814,242.5802624248086,243.55448034619337,100,24700,PE,2024-01-09,0.14
2024-01-03 11:16:00+05:30,112.46073069162856,112.91057361439508,112.01088776886203,112.46073069162856,100,24700,CE,2024-01-09,0.14
2024-01-03 11:16:00+05:30,245.6178197490034,246.6002910279994,244.6353484700074,245.6178197490034,100,24700,PE,2024-01-09,0.14
2024-01-03 11:17:00+05:30,107.96881711659705,108.40069238506344,107.53694184813067,107.96881711659705,100,24700,CE,2024-01-09,0.14
2024-01-03 11:17:00+05:30,250.1097333240349,251.11017225733104,249.10929439073874,250.1097333240349,100,24700,PE,2024-01-09,0.14
2024-01-03 11:18:00+05:30,106.54413722653305,106.97031377543918,106.11796067762693,106.54413722653305,100,24700,CE,2024-01-09,0.14
2024-01-03 11:18:00+05:30,251.5344132140989,252.5405508669553,250.52827556124248,251.5344132140989,100,24700,PE,2024-01-09,0.14
2024-01-03 11:19:00+05:30,108.81017487026554,109.2454155697466,108.37493417078448,108.81017487026554,100,24700,CE,2024-01-09,0.14
2024-01-03 11:19:00+05:30,249.2683755703664,250.26544907264787,248.27130206808494,249.2683755703664,100,24700,PE,2024-01-09,0.14
2024-01-03 11:20:00+05:30,114.25924331323665,114.71628028648959,113.80220633998371,114.25924331323665,100,24700,CE,2024-01-09,0.14
2024-01-03 11:20:00+05:30,243.8193071273953,244.79458435590487,242.8440298988857,243.8193071273953,100,24700,PE,2024-01-09,0.14
2024-01-03 11:21:00+05:30,112.86123741707058,113.31268236673887,112.4097924674023,112.86123741707058,100,24700,CE,2024-01-09,0.14
2024-01-03 11:21:00+05:30,245.21731302356136,246.1981822756556,244.23644377146712,245.21731302356136,100,24700,PE,2024-01-09,0.14
2024-01-03 11:22:00+05:30,117.96631139323551,118.43817663880846,117.49444614766257,117.96631139323551,100,24700,CE,2024-01-09,0.14
2024-01-03 11:22:00+05:30,240.11223904739643,241.07268800358602,239.15179009120683,240.11223904739643,100,24700,PE,2024-01-09,0.14
2024-01-03 11:23:00+05:30,122.27260256153829,122.76169297178444,121.78351215129214,122.27260256153829,100,24700,CE,2024-01-09,0.14
2024-01-03 11:23:00+05:30,235.80594787909365,236.74917167061002,234.86272408757728,235.80594787909365,100,24700,PE,2024-01-09,0.14
2024-01-03 11:24:00+05:30,120.58352862376239,121.06586273825744,120.10119450926734,120.58352862376239,100,24700,CE,2024-01-09,0.14
2024-01-03 11:24:00+05:30,237.49502181686955,238.44500190413703,236.54504172960208,237.49502181686955,100,24700,PE,2024-01-09,0.14
2024-01-03 11:25:00+05:30,114.27219178025268,114.72928054737369,113.81510301313168,114.27219178025268,100,24700,CE,2024-01-09,0.14
2024-01-03 11:25:00+05:30,243.80635866037926,244.78158409502078,242.83113322573774,243.80635866037926,100,24700,PE,2024-01-09,0.14
2024-01-03 11:26:00+05:30,117.4131569732898,117.88280960118296,116.94350434539665,117.4131569732898,100,24700,CE,2024-01-09,0.14
2024-01-03 11:26:00+05:30,240.66539346734214,241.62805504121152,239.70273189347276,240.66539346734214,100,24700,PE,2024-01-09,0.14
2024-01-03 11:27:00+05:30,119.64218447229439,120.12075321018357,119.16361573440521,119.64218447229439,100,24700,CE,2024-01-09,0.14
2024-01-03 11:27:00+05:30,238.43636596833755,239.39011143221092,237.4826205044642,238.43636596833755,100,24700,PE,2024-01-09,0.14
2024-01-03 11:28:00+05:30,128.41313925634756,128.92679181337294,127.89948669932217,128.41313925634756,100,24700,CE,2024-01-09,0.14
2024-01-03 11:28:00+05:30,229.66541118428438,230.58407282902152,228.74674953954724,229.66541118428438,100,24700,PE,2024-01-09,0.14
2024-01-03 11:29:00+05:30,133.7222966707876,134.25718585747077,133.18740748410445,133.7222966707876,100,24700,CE,2024-01-09,0.14
2024-01-03 11:29:00+05:30,224.35625376984433,225.25367878492372,223.45882875476494,224.35625376984433,100,24700,PE,2024-01-09,0.14
2024-01-03 11:30:00+05:30,136.60363440752815,137.15004894515826,136.05721986989803,136.60363440752815,100,24700,CE,2024-01-09,0.14
2024-01-03 11:30:00+05:30,221.4749160331038,222.3608156972362,220.5890163689714,221.4749160331038,100,24700,PE,2024-01-09,0.14
2024-01-03 11:31:00+05:30,142.8838443104313,143.45537968767303,142.31230893318957,142.8838443104313,100,24700,CE,2024-01-09,0.14
2024-01-03 11:31:00+05:30,215.19470613020064,216.05548495472144,214.33392730567985,215.19470613020064,100,24700,PE,2024-01-09,0.14
2024-01-03 11:32:00+05:30,138.90407680015676,139.4596931073574,138.34846049295612,138.90407680015676,100,24700,CE,2024-01-09,0.14
2024-01-03 11:32:00+05:30,219.17447364047518,220.0511715350371,218.29777574591327,219.17447364047518,100,24700,PE,2024-01-09,0.14
2024-01-03 11:33:00+05:30,139.58282397238588,140.1411552682754,139.02449267649635,139.58282397238588,100,24700,CE,2024-01-09,0.14
2024-01-03 11:33:00+05:30,218.49572646824606,219.36970937411905,217.62174356237307,218.49572646824606,100,24700,PE,2024-01-09,0.14
2024-01-03 11:34:00+05:30,138.51200093642444,139.06604894017013,137.95795293267875,138.51200093642444,100,24700,CE,2024-01-09,0.14
2024-01-03 11:34:00+05:30,219.5665495042075,220.44481570222433,218.68828330619067,219.5665495042075,100,24700,PE,2024-01-09,0.14
2024-01-03 11:35:00+05:30,145.00208525632195,145.58209359734724,144.42207691529666,145.00208525632195,100,24700,CE,2024-01-09,0.14
2024-01-03 11:35:00+05:30,213.07646518431,213.92877104504723,212.22415932357276,213.07646518431,100,24700,PE,2024-01-09,0.14
2024-01-03 11:36:00+05:30,147.07888738519148,147.66720293473225,146.4905718356507,147.07888738519148,100,24700,CE,2024-01-09,0.14
2024-01-03 11:36:00+05:30,210.99966305544046,211.84366170766222,210.1556644032187,210.99966305544046,100,24700,PE,2024-01-09,0.14
2024-01-03 11:37:00+05:30,135.5648506881579,136.1071100909105,135.02259128540527,135.5648506881579,100,24700,CE,2024-01-09,0.14
2024-01-03 11:37:00+05:30,222.51369975247405,223.40375455148396,221.62364495346415,222.51369975247405,100,24700,PE,2024-01-09,0.14
2024-01-03 11:38:00+05:30,140.66580716789474,141.2284703965663,140.10314393922317,140.66580716789474,100,24700,CE,2024-01-09,0.14
2024-01-03 11:38:00+05:30,217.4127432727372,218.28239424582816,216.54309229964625,217.4127432727372,100,24700,PE,2024-01-09,0.14
2024-01-03 11:39:00+05:30,137.22968017813662,137.77859889884917,136.68076145742407,137.22968017813662,100,24700,CE,2024-01-09,0.14
2024-01-03 11:39:00+05:30,220.84887026249532,221.7322657435453,219.96547478144535,220.84887026249532,100,24700,PE,2024-01-09,0.14
2024-01-03 11:40:00+05:30,140.11281104668785,140.67326229087462,139.5523598025011,140.11281104668785,100,24700,CE,2024-01-09,0.14
2024-01-03 11:40:00+05:30,217.9657393939441,218.83760235151988,217.0938764363683,217.9657393939441,100,24700,PE,2024-01-09,0.14
2024-01-03 11:41:00+05:30,138.28883212785047,138.84198745636186,137.73567679933907,138.28883212785047,100,24700,CE,2024-01-09,0.14
2024-01-03 11:41:00+05:30,219.78971831278147,220.6688771860326,218.91055943953035,219.78971831278147,100,24700,PE,2024-01-09,0.14
2024-01-03 11:42:00+05:30,139.18215859899908,139.73888723339508,138.6254299646031,139.18215859899908,100,24700,CE,2024-01-09,0.14
2024-01-03 11:42:00+05:30,218.89639184163286,219.7719774089994,218.02080627426633,218.89639184163286,100,24700,PE,2024-01-09,0.14
2024-01-03 11:43:00+05:30,141.54416822374958,142.1103448966446,140.97799155085457,141.54416822374958,100,24700,CE,2024-01-09,0.14
2024-01-03 11:43:00+05:30,216.53438221688236,217.4005197457499,215.66824468801482,216.53438221688236,100,24700,PE,2024-01-09,0.14
2024-01-03 11:44:00+05:30,142.25441034635048,142.8234279877359,141.68539270496507,142.25441034635048,100,24700,CE,2024-01-09,0.14
2024-01-03 11:44:00+05:30,215.82414009428146,216.6874366546586,214.96084353390432,215.82414009428146,100,24700,PE,2024-01-09,0.14
2024-01-03 11:45:00+05:30,138.66190906157397,139.21655669782027,138.10726142532766,138.66190906157397,100,24700,CE,2024-01-09,0.14
2024-01-03 11:45:00+05:30,219.41664137905798,220.2943079445742,218.53897481354176,219.41664137905798,100,24700,PE,2024-01-09,0.14
2024-01-03 11:46:00+05:30,143.89683045330173,144.47241777511493,143.32124313148853,143.89683045330173,100,24700,CE,2024-01-09,0.14
2024-01-03 11:46:00+05:30,214.1817199873302,215.03844686727953,213.3249931073809,214.1817199873302,100,24700,PE,2024-01-09,0.14
2024-01-03 11:47:00+05:30,145.37589909009773,145.95740268645812,144.79439549373734,145.37589909009773,100,24700,CE,2024-01-09,0.14
2024-01-03 11:47:00+05:30,212.7026513505342,213.55346195593634,211.85184074513208,212.7026513505342,100,24700,PE,2024-01-09,0.14
2024-01-03 11:48:00+05:30,145.30530657915995,145.8865278054766,144.7240853528433,145.30530657915995,100,24700,CE,2024-01-09,0.14
2024-01-03 11:48:00+05:30,212.773243861472,213.62433683691788,211.92215088602612,212.773243861472,100,24700,PE,2024-01-09,0.14
2024-01-03 11:49:00+05:30,147.94778567209767,148.53957681478605,147.3559945294093,147.94778567209767,100,24700,CE,2024-01-09,0.14
2024-01-03 11:49:00+05:30,210.13076476853428,210.97128782760842,209.29024170946013,210.13076476853428,100,24700,PE,2024-01-09,0.14
2024-01-03 11:50:00+05:30,145.93648775631743,146.5202337073427,145.35274180529217,145.93648775631743,100,24700,CE,2024-01-09,0.14
2024-01-03 11:50:00+05:30,212.1420626843145,212.99063093505177,211.29349443357725,212.1420626843145,100,24700,PE,2024-01-09,0.14
2024-01-03 11:51:00+05:30,153.0074377431473,153.6194674941199,152.3954079921747,153.0074377431473,100,24700,CE,2024-01-09,0.14
2024-01-03 11:51:00+05:30,205.07111269748464,205.89139714827456,204.2508282466947,205.07111269748464,100,24700,PE,2024-01-09,0.14
2024-01-03 11:52:00+05:30,153.851220007621,154.4666248876515,153.2358151275905,153.851220007621,100,24700,CE,2024-01-09,0.14
2024-01-03 11:52:00+05:30,204.22733043301093,205.044239754743,203.41042111127888,204.22733043301093,100,24700,PE,2024-01-09,0.14
2024-01-03 11:53:00+05:30,155.22430987763335,155.84520711714387,154.60341263812282,155.22430987763335,100,24700,CE,2024-01-09,0.14
2024-01-03 11:53:00+05:30,202.8542405629986,203.6656575252506,202.0428236007466,202.8542405629986,100,24700,PE,2024-01-09,0.14
2024-01-03 11:54:00+05:30,156.52970719743178,157.1558260262215,155.90358836864206,156.52970719743178,100,24700,CE,2024-01-09,0.14
2024-01-03 11:54:00+05:30,201.54884324320017,202.35503861617298,200.74264787022736,201.54884324320017,100,24700,PE,2024-01-09,0.14
2024-01-03 11:55:00+05:30,153.11189592079506,153.72434350447824,152.4994483371119,153.11189592079506,100,24700,CE,2024-01-09,0.14
2024-01-03 11:55:00+05:30,204.96665451983688,205.78652113791622,204.14678790175753,204.96665451983688,100,24700,PE,2024-01-09,0.14
2024-01-03 11:56:00+05:30,148.71409341519472,149.3089497888555,148.11923704153395,148.71409341519472,100,24700,CE,2024-01-09,0.14
2024-01-03 11:56:00+05:30,209.36445702543722,210.20191485353897,208.52699919733547,209.36445702543722,100,24700,PE,2024-01-09,0.14
2024-01-03 11:57:00+05:30,149.53586010951665,150.1340035499547,148.93771666907858,149.53586010951665,100,24700,CE,2024-01-09,0.14
2024-01-03 11:57:00+05:30,208.5426903311153,209.37686109243975,207.70851956979084,208.5426903311153,100,24700,PE,2024-01-09,0.14
2024-01-03 11:58:00+05:30,150.86588559455674,151.46934913693497,150.26242205217852,150.86588559455674,100,24700,CE,2024-01-09,0.14
2024-01-03 11:58:00+05:30,207.2126648460752,208.0415155054595,206.3838141866909,207.2126648460752,100,24700,PE,2024-01-09,0.14
2024-01-03 11:59:00+05:30,155.923071648799,156.5467639353942,155.2993793622038,155.923071648799,100,24700,CE,2024-01-09,0.14
2024-01-03 11:59:00+05:30,202.15547879183293,202.96410070700026,201.3468568766656,202.15547879183293,100,24700,PE,2024-01-09,0.14
2024-01-03 12:00:00+05:30,157.62579603055644,158.25629921467868,156.9952928464342,157.62579603055644,100,24700,CE,2024-01-09,0.14
2024-01-03 12:00:00+05:30,200.4527544100755,201.2545654277158,199.6509433924352,200.4527544100755,100,24700,PE,2024-01-09,0.14
2024-01-03 12:01:00+05:30,153.55214662908554,154.1663552156019,152.9379380425692,153.55214662908554,100,24700,CE,2024-01-09,0.14
2024-01-03 12:01:00+05:30,204.5264038115464,205.3445094267926,203.7082981963002,204.5264038115464,100,24700,PE,2024-01-09,0.14
2024-01-03 12:02:00+05:30,155.53751898001872,156.1596690559388,154.91536890409864,155.53751898001872,100,24700,CE,2024-01-09,0.14
2024-01-03 12:02:00+05:30,202.54103146061323,203.35119558645567,201.73086733477078,202.54103146061323,100,24700,PE,2024-01-09,0.14
2024-01-03 12:03:00+05:30,158.65241022447378,159.2870198653717,158.01780058357588,158.65241022447378,100,24700,CE,2024-01-09,0.14
2024-01-03 12:03:00+05:30,199.42614021615816,200.2238447770228,198.62843565529352,199.42614021615816,100,24700,PE,2024-01-09,0.14
2024-01-03 12:04:00+05:30,162.42632858748482,163.07603390183476,161.77662327313487,162.42632858748482,100,24700,CE,2024-01-09,0.14
2024-01-03 12:04:00+05:30,195.65222185314713,196.4348307405597,194.86961296573455,195.65222185314713,100,24700,PE,2024-01-09,0.14
2024-01-03 12:05:00+05:30,163.69012680658568,164.34488731381202,163.03536629935934,163.69012680658568,100,24700,CE,2024-01-09,0.14
2024-01-03 12:05:00+05:30,194.38842363404626,195.16597732858244,193.61086993951008,194.38842363404626,100,24700,PE,2024-01-09,0.14
2024-01-03 12:06:00+05:30,159.12155730921666,159.75804353845353,158.48507107997978,159.12155730921666,100,24700,CE,2024-01-09,0.14
2024-01-03 12:06:00+05:30,198.9569931314153,199.75282110394096,198.16116515888962,198.9569931314153,100,24700,PE,2024-01-09,0.14
2024-01-03 12:07:00+05:30,163.48919272621686,164.14314949712173,162.835235955312,163.48919272621686,100,24700,CE,2024-01-09,0.14
2024-01-03 12:07:00+05:30,194.5893577144151,195.36771514527274,193.81100028355743,194.5893577144151,100,24700,PE,2024-01-09,0.14
2024-01-03 12:08:00+05:30,160.75677338559296,161.39980047913534,160.1137462920506,160.75677338559296,100,24700,CE,2024-01-09,0.14
2024-01-03 12:08:00+05:30,197.32177705503898,198.11106416325913,196.53248994681883,197.32177705503898,100,24700,PE,2024-01-09,0.14
2024-01-03 12:09:00+05:30,162.92072176186673,163.5724046489142,162.26903887481927,162.92072176186673,100,24700,CE,2024-01-09,0.14
2024-01-03 12:09:00+05:30,195.1578286787652,195.93845999348028,194.37719736405015,195.1578286787652,100,24700,PE,2024-01-09,0.14
2024-01-03 12:10:00+05:30,157.0341342806504,157.662270817773,156.4059977435278,157.0341342806504,100,24700,CE,2024-01-09,0.14
2024-01-03 12:10:00+05:30,201.04441615998155,201.84859382462147,200.24023849534163,201.04441615998155,100,24700,PE,2024-01-09,0.14
2024-01-03 12:11:00+05:30,159.9138699575186,160.5535254373487,159.27421447768853,159.9138699575186,100,24700,CE,2024-01-09,0.14
2024-01-03 12:11:00+05:30,198.16468048311333,198.95733920504577,197.3720217611809,198.16468048311333,100,24700,PE,2024-01-09,0.14
2024-01-03 12:12:00+05:30,156.98199447140257,157.60992244928818,156.35406649351697,156.98199447140257,100,24700,CE,2024-01-09,0.14
2024-01-03 12:12:00+05:30,201.09655596922937,201.9009421931063,200.29216974535245,201.09655596922937,100,24700,PE,2024-01-09,0.14
2024-01-03 12:13:00+05:30,161.05283518364456,161.69704652437915,160.40862384290998,161.05283518364456,100,24700,CE,2024-01-09,0.14
2024-01-03 12:13:00+05:30,197.02571525698738,197.81381811801532,196.23761239595945,197.02571525698738,100,24700,PE,2024-01-09,0.14
2024-01-03 12:14:00+05:30,167.67950662507508,168.3502246515754,167.00878859857477,167.67950662507508,100,24700,CE,2024-01-09,0.14
2024-01-03 12:14:00+05:30,190.39904381555687,191.1606399908191,189.63744764029462,190.39904381555687,100,24700,PE,2024-01-09,0.14
2024-01-03 12:15:00+05:30,172.07618210418048,172.76448683259719,171.38787737576376,172.07618210418048,100,24700,CE,2024-01-09,0.14
2024-01-03 12:15:00+05:30,186.00236833645147,186.74637780979728,185.25835886310566,186.00236833645147,100,24700,PE,2024-01-09,0.14
2024-01-03 12:16:00+05:30,167.70589246674433,168.3767160366113,167.03506889687736,167.70589246674433,100,24700,CE,2024-01-09,0.14
2024-01-03 12:16:00+05:30,190.3726579738876,191.13414860578317,189.61116734199206,190.3726579738876,100,24700,PE,2024-01-09,0.14
2024-01-03 12:17:00+05:30,164.17406127275615,164.83075751784716,163.51736502766514,164.17406127275615,100,24700,CE,2024-01-09,0.14
2024-01-03 12:17:00+05:30,193.9044891678758,194.6801071245473,193.12887121120428,193.9044891678758,100,24700,PE,2024-01-09,0.14
2024-01-03 12:18:00+05:30,160.91678848618255,161.5604556401273,160.27312133223782,160.91678848618255,100,24700,CE,2024-01-09,0.14
2024-01-03 12:18:00+05:30,197.1617619544494,197.95040900226718,196.3731149066316,197.1617619544494,100,24700,PE,2024-01-09,0.14
2024-01-03 12:19:00+05:30,163.40843114338793,164.06206486796148,162.75479741881438,163.40843114338793,100,24700,CE,2024-01-09,0.14
2024-01-03 12:19:00+05:30,194.670119297244,195.44879977443298,193.89143882005504,194.670119297244,100,24700,PE,2024-01-09,0.14
2024-01-03 12:20:00+05:30,164.71046211486362,165.36930396332306,164.05162026640417,164.71046211486362,100,24700,CE,2024-01-09,0.14
2024-01-03 12:20:00+05:30,193.36808832576833,194.1415606790714,192.59461597246525,193.36808832576833,100,24700,PE,2024-01-09,0.14
2024-01-03 12:21:00+05:30,165.31002462136973,165.9712647198552,164.64878452288426,165.31002462136973,100,24700,CE,2024-01-09,0.14
2024-01-03 12:21:00+05:30,192.7685258192622,193.53959992253925,191.99745171598516,192.7685258192622,100,24700,PE,2024-01-09,0.14
2024-01-03 12:22:00+05:30,166.47482408524127,167.14072338158223,165.8089247889003,166.47482408524127,100,24700,CE,2024-01-09,0.14
2024-01-03 12:22:00+05:30,191.60372635539068,192.37014126081223,190.83731144996912,191.60372635539068,100,24700,PE,2024-01-09,0.14
2024-01-03 12:23:00+05:30,168.6528234614624,169.32743475530825,167.97821216761653,168.6528234614624,100,24700,CE,2024-01-09,0.14
2024-01-03 12:23:00+05:30,189.42572697916955,190.18342988708622,188.6680240712529,189.42572697916955,100,24700,PE,2024-01-09,0.14
2024-01-03 12:24:00+05:30,171.09859357758694,171.7829879518973,170.41419920327658,171.09859357758694,100,24700,CE,2024-01-09,0.14
2024-01-03 12:24:00+05:30,186.979956863045,187.7278766904972,186.2320370355928,186.979956863045,100,24700,PE,2024-01-09,0.14
2024-01-03 12:25:00+05:30,177.4369666853553,178.1467145520967,176.72721881861386,177.4369666853553,100,24700,CE,2024-01-09,0.14
2024-01-03 12:25:00+05:30,180.64158375527666,181.36415009029776,179.91901742025556,180.64158375527666,100,24700,PE,2024-01-09,0.14
2024-01-03 12:26:00+05:30,177.22713164456843,177.93604017114671,176.51822311799015,177.22713164456843,100,24700,CE,2024-01-09,0.14
2024-01-03 12:26:00+05:30,180.8514187960635,181.57482447124778,180.12801312087925,180.8514187960635,100,24700,PE,2024-01-09,0.14
2024-01-03 12:27:00+05:30,177.98911705845865,178.70107352669248,177.2771605902248,177.98911705845865,100,24700,CE,2024-01-09,0.14
2024-01-03 12:27:00+05:30,180.0894333821733,180.80979111570198,179.3690756486446,180.0894333821733,100,24700,PE,2024-01-09,0.14
2024-01-03 12:28:00+05:30,171.0258032447481,171.70990645772707,170.3417000317691,171.0258032447481,100,24700,CE,2024-01-09,0.14
2024-01-03 12:28:00+05:30,187.05274719588385,187.8009581846674,186.3045362071003,187.05274719588385,100,24700,PE,2024-01-09,0.14
2024-01-03 12:29:00+05:30,166.05575820091224,166.71998123371588,165.3915351681086,166.05575820091224,100,24700,CE,2024-01-09,0.14
2024-01-03 12:29:00+05:30,192.0227922397197,192.79088340867858,191.25470107076083,192.0227922397197,100,24700,PE,2024-01-09,0.14
2024-01-03 12:30:00+05:30,163.44722479473683,164.10101369391577,162.79343589555788,163.44722479473683,100,24700,CE,2024-01-09,0.14
2024-01-03 12:30:00+05:30,194.63132564589512,195.4098509484787,193.85280034331154,194.63132564589512,100,24700,PE,2024-01-09,0.14
2024-01-03 12:31:00+05:30,158.98797179617657,159.62392368336128,158.35201990899185,158.98797179617657,100,24700,CE,2024-01-09,0.14
2024-01-03 12:31:00+05:30,199.09057864445538,199.8869409590332,198.29421632987754,199.09057864445538,100,24700,PE,2024-01-09,0.14
2024-01-03 12:32:00+05:30,159.80232325118857,160.44153254419334,159.1631139581838,159.80232325118857,100,24700,CE,2024-01-09,0.14
2024-01-03 12:32:00+05:30,198.27622718944338,199.06933209820116,197.4831222806856,198.27622718944338,100,24700,PE,2024-01-09,0.14
2024-01-03 12:33:00+05:30,163.6909108583958,164.3456745018294,163.0361472149622,163.6909108583958,100,24700,CE,2024-01-09,0.14
2024-01-03 12:33:00+05:30,194.38763958223615,195.1651901405651,193.6100890239072,194.38763958223615,100,24700,PE,2024-01-09,0.14
2024-01-03 12:34:00+05:30,162.0385367282296,162.68669087514252,161.39038258131666,162.0385367282296,100,24700,CE,2024-01-09,0.14
2024-01-03 12:34:00+05:30,196.04001371240236,196.82417376725198,195.25585365755273,196.04001371240236,100,24700,PE,2024-01-09,0.14
2024-01-03 12:35:00+05:30,160.19566457467306,160.83644723297175,159.55488191637437,160.19566457467306,100,24700,CE,2024-01-09,0.14
2024-01-03 12:35:00+05:30,197.88288586595888,198.67441740942272,197.09135432249505,197.88288586595888,100,24700,PE,2024-01-09,0.14
2024-01-03 12:36:00+05:30,158.25145289467116,158.88445870624986,157.61844708309246,158.25145289467116,100,24700,CE,2024-01-09,0.14
2024-01-03 12:36:00+05:30,199.82709754596078,200.62640593614464,199.02778915577693,199.82709754596078,100,24700,PE,2024-01-09,0.14
2024-01-03 12:37:00+05:30,158.71421016835927,159.34906700903272,158.07935332768582,158.71421016835927,100,24700,CE,2024-01-09,0.14
2024-01-03 12:37:00+05:30,199.36434027227267,200.16179763336177,198.56688291118357,199.36434027227267,100,24700,PE,2024-01-09,0.14
2024-01-03 12:38:00+05:30,156.64029437129363,157.2668555487788,156.01373319380846,156.64029437129363,100,24700,CE,2024-01-09,0.14
2024-01-03 12:38:00+05:30,201.4382560693383,202.24400909361566,200.63250304506096,201.4382560693383,100,24700,PE,2024-01-09,0.14
2024-01-03 12:39:00+05:30,158.2075740342524,158.8404043303894,157.5747437381154,158.2075740342524,100,24700,CE,2024-01-09,0.14
2024-01-03 12:39:00+05:30,199.87097640637955,200.67046031200508,199.07149250075403,199.87097640637955,100,24700,PE,2024-01-09,0.14
2024-01-03 12:40:00+05:30,159.30091139040348,159.9381150359651,158.66370774484187,159.30091139040348,100,24700,CE,2024-01-09,0.14
2024-01-03 12:40:00+05:30,198.77763905022846,199.57274960642937,197.98252849402755,198.77763905022846,100,24700,PE,2024-01-09,0.14
2024-01-03 12:41:00+05:30,160.5547731927844,161.19699228555555,159.91255410001327,160.5547731927844,100,24700,CE,2024-01-09,0.14
2024-01-03 12:41:00+05:30,197.52377724784753,198.3138723568389,196.73368213885615,197.52377724784753,100,24700,PE,2024-01-09,0.14
2024-01-03 12:42:00+05:30,163.38005203848013,164.03357224663407,162.7265318303262,163.38005203848013,100,24700,CE,2024-01-09,0.14
2024-01-03 12:42:00+05:30,194.6984984021518,195.47729239576043,193.9197044085432,194.6984984021518,100,24700,PE,2024-01-09,0.14
2024-01-03 12:43:00+05:30,163.455375763221,164.1091972662739,162.80155426016813,163.455375763221,100,24700,CE,2024-01-09,0.14
2024-01-03 12:43:00+05:30,194.62317467741093,195.40166737612057,193.8446819787013,194.62317467741093,100,24700,PE,2024-01-09,0.14
2024-01-03 12:44:00+05:30,163.94972017047883,164.60551905116074,163.2939212897969,163.94972017047883,100,24700,CE,2024-01-09,0.14
2024-01-03 12:44:00+05:30,194.12883027015312,194.90534559123373,193.3523149490725,194.12883027015312,100,24700,PE,2024-01-09,0.14
2024-01-03 12:45:00+05:30,170.5009808890435,171.18298481259967,169.8189769654873,170.5009808890435,100,24700,CE,2024-01-09,0.14
2024-01-03 12:45:00+05:30,187.57756955158845,188.3278798297948,186.8272592733821,187.57756955158845,100,24700,PE,2024-01-09,0.14
2024-01-03 12:46:00+05:30,170.28029465746374,170.9614158360936,169.59917347883388,170.28029465746374,100,24700,CE,2024-01-09,0.14
2024-01-03 12:46:00+05:30,187.7982557831682,188.5494488063009,187.04706276003552,187.7982557831682,100,24700,PE,2024-01-09,0.14
2024-01-03 12:47:00+05:30,173.22162749574898,173.91451400573197,172.52874098576598,173.22162749574898,100,24700,CE,2024-01-09,0.14
2024-01-03 12:47:00+05:30,184.85692294488297,185.5963506366625,184.11749525310344,184.85692294488297,100,24700,PE,2024-01-09,0.14
2024-01-03 12:48:00+05:30,173.37051121867887,174.06399326355358,172.67702917380416,173.37051121867887,100,24700,CE,2024-01-09,0.14
2024-01-03 12:48:00+05:30,184.70803922195307,185.44687137884088,183.96920706506526,184.70803922195307,100,24700,PE,2024-01-09,0.14
2024-01-03 12:49:00+05:30,171.59606894268916,172.28245321845992,170.9096846669184,171.59606894268916,100,24700,CE,2024-01-09,0.14
2024-01-03 12:49:00+05:30,186.48248149794279,187.22841142393455,185.73655157195103,186.48248149794279,100,24700,PE,2024-01-09,0.14
2024-01-03 12:50:00+05:30,169.82303620727623,170.50232835210534,169.14374406244713,169.82303620727623,100,24700,CE,2024-01-09,0.14
2024-01-03 12:50:00+05:30,188.2555142333557,189.00853629028913,187.5024921764223,188.2555142333557,100,24700,PE,2024-01-09,0.14
2024-01-03 12:51:00+05:30,166.68653430146958,167.35328043867545,166.0197881642637,166.68653430146958,100,24700,CE,2024-01-09,0.14
2024-01-03 12:51:00+05:30,191.39201613916237,192.157584203719,190.62644807460572,191.39201613916237,100,24700,PE,2024-01-09,0.14
2024-01-03 12:52:00+05:30,166.66909936873606,167.33577576621101,166.0024229712611,166.66909936873606,100,24700,CE,2024-01-09,0.14
2024-01-03 12:52:00+05:30,191.4094510718959,192.17508887618348,190.6438132676083,191.4094510718959,100,24700,PE,2024-01-09,0.14
2024-01-03 12:53:00+05:30,164.34107863063662,164.99844294515916,163.68371431611408,164.34107863063662,100,24700,CE,2024-01-09,0.14
2024-01-03 12:53:00+05:30,193.73747180999533,194.5124216972353,192.96252192275534,193.73747180999533,100,24700,PE,2024-01-09,0.14
2024-01-03 12:54:00+05:30,162.6908939867361,163.34165756268305,162.04013041078917,162.6908939867361,100,24700,CE,2024-01-09,0.14
2024-01-03 12:54:00+05:30,195.38765645389583,196.1692070797114,194.60610582808025,195.38765645389583,100,24700,PE,2024-01-09,0.14
2024-01-03 12:55:00+05:30,167.19972537268848,167.86852427417924,166.53092647119772,167.19972537268848,100,24700,CE,2024-01-09,0.14
2024-01-03 12:55:00+05:30,190.87882506794347,191.64234036821523,190.1153097676717,190.87882506794347,100,24700,PE,2024-01-09,0.14
2024-01-03 12:56:00+05:30,166.63468286983414,167.30122160131347,165.9681441383548,166.63468286983414,100,24700,CE,2024-01-09,0.14
2024-01-03 12:56:00+05:30,191.4438675707978,192.209643041081,190.67809210051462,191.4438675707978,100,24700,PE,2024-01-09,0.14
2024-01-03 12:57:00+05:30,170.8457280846859,171.52911099702465,170.16234517234716,170.8457280846859,100,24700,CE,2024-01-09,0.14
2024-01-03 12:57:00+05:30,187.23282235594604,187.98175364536982,186.48389106652226,187.23282235594604,100,24700,PE,2024-01-09,0.14
2024-01-03 12:58:00+05:30,171.77639052858183,172.46349609069617,171.0892849664675,171.77639052858183,100,24700,CE,2024-01-09,0.14
2024-01-03 12:58:00+05:30,186.30215991205012,187.04736855169833,185.5569512724019,186.30215991205012,100,24700,PE,2024-01-09,0.14
2024-01-03 12:59:00+05:30,174.94313339686494,175.6429059304524,174.24336086327747,174.94313339686494,100,24700,CE,2024-01-09,0.14
2024-01-03 12:59:00+05:30,183.135417043767,183.86795871194207,182.40287537559195,183.135417043767,100,24700,PE,2024-01-09,0.14
2024-01-03 13:00:00+05:30,172.58607646782264,173.27642077369393,171.89573216195134,172.58607646782264,100,24700,CE,2024-01-09,0.14
2024-01-03 13:00:00+05:30,185.4924739728093,186.23444386870054,184.75050407691808,185.4924739728093,100,24700,PE,2024-01-09,0.14
2024-01-03 13:01:00+05:30,173.07113772473065,173.76342227562958,172.37885317383171,173.07113772473065,100,24700,CE,2024-01-09,0.14
2024-01-03 13:01:00+05:30,185.0074127159013,185.74744236676491,184.26738306503768,185.0074127159013,100,24700,PE,2024-01-09,0.14
2024-01-03 13:02:00+05:30,182.8865218212003,183.6180679084851,182.15497573391548,182.8865218212003,100,24700,CE,2024-01-09,0.14
2024-01-03 13:02:00+05:30,175.19202861943165,175.8927967339094,174.4912605049539,175.19202861943165,100,24700,PE,2024-01-09,0.14
2024-01-03 13:03:00+05:30,185.92005526729088,186.66373548836003,185.17637504622172,185.92005526729088,100,24700,CE,2024-01-09,0.14
2024-01-03 13:03:00+05:30,172.15849517334107,172.84712915403443,171.4698611926477,172.15849517334107,100,24700,PE,2024-01-09,0.14
2024-01-03 13:04:00+05:30,189.61224197634954,190.37069094425493,188.85379300844414,189.61224197634954,100,24700,CE,2024-01-09,0.14
2024-01-03 13:04:00+05:30,168.4663084642824,169.14017369813953,167.79244323042528,168.4663084642824,100,24700,PE,2024-01-09,0.14
2024-01-03 13:05:00+05:30,190.4149752309139,191.17663513183757,189.65331532999025,190.4149752309139,100,24700,CE,2024-01-09,0.14
2024-01-03 13:05:00+05:30,167.66357520971803,168.3342295105569,166.99292090887917,167.66357520971803,100,24700,PE,2024-01-09,0.14
2024-01-03 13:06:00+05:30,193.55700288507876,194.33123089661908,192.78277487353844,193.55700288507876,100,24700,CE,2024-01-09,0.14
2024-01-03 13:06:00+05:30,164.52154755555318,165.1796337457754,163.86346136533098,164.52154755555318,100,24700,PE,2024-01-09,0.14
2024-01-03 13:07:00+05:30,189.12372370096352,189.8802185957674,188.36722880615966,189.12372370096352,100,24700,CE,2024-01-09,0.14
2024-01-03 13:07:00+05:30,168.95482673966842,169.6306460466271,168.27900743270973,168.95482673966842,100,24700,PE,2024-01-09,0.14
2024-01-03 13:08:00+05:30,185.85575819755547,186.5991812303457,185.11233516476526,185.85575819755547,100,24700,CE,2024-01-09,0.14
2024-01-03 13:08:00+05:30,172.22279224307647,172.91168341204877,171.53390107410416,172.22279224307647,100,24700,PE,2024-01-09,0.14
2024-01-03 13:09:00+05:30,187.385629514053,188.1351720321092,186.63608699599678,187.385629514053,100,24700,CE,2024-01-09,0.14
2024-01-03 13:09:00+05:30,170.69292092657895,171.37569261028526,170.01014924287264,170.69292092657895,100,24700,PE,2024-01-09,0.14
2024-01-03 13:10:00+05:30,190.38129683079285,191.14282201811602,189.61977164346968,190.38129683079285,100,24700,CE,2024-01-09,0.14
2024-01-03 13:10:00+05:30,167.6972536098391,168.36804262427844,167.02646459539974,167.6972536098391,100,24700,PE,2024-01-09,0.14
2024-01-03 13:11:00+05:30,188.7622080666614,189.51725689892805,188.00715923439475,188.7622080666614,100,24700,CE,2024-01-09,0.14
2024-01-03 13:11:00+05:30,169.31634237397054,169.9936077434664,168.63907700447467,169.31634237397054,100,24700,PE,2024-01-09,0.14
2024-01-03 13:12:00+05:30,187.9759376925457,188.7278414433159,187.2240339417755,187.9759376925457,100,24700,CE,2024-01-09,0.14
2024-01-03 13:12:00+05:30,170.10261274808624,170.7830231990786,169.4222022970939,170.10261274808624,100,24700,PE,2024-01-09,0.14
2024-01-03 13:13:00+05:30,186.53426846299487,187.28040553684684,185.7881313891429,186.53426846299487,100,24700,CE,2024-01-09,0.14
2024-01-03 13:13:00+05:30,171.54428197763707,172.23045910554762,170.85810484972652,171.54428197763707,100,24700,PE,2024-01-09,0.14
2024-01-03 13:14:00+05:30,185.74281216839051,186.48578341706408,184.99984091971695,185.74281216839051,100,24700,CE,2024-01-09,0.14
2024-01-03 13:14:00+05:30,172.33573827224143,173.02508122533038,171.64639531915248,172.33573827224143,100,24700,PE,2024-01-09,0.14
2024-01-03 13:15:00+05:30,181.15148668367954,181.87609263041426,180.4268807369448,181.15148668367954,100,24700,CE,2024-01-09,0.14
2024-01-03 13:15:00+05:30,176.9270637569524,177.6347720119802,176.2193555019246,176.9270637569524,100,24700,PE,2024-01-09,0.14
2024-01-03 13:16:00+05:30,175.68620287752753,176.38894768903765,174.98345806601742,175.68620287752753,100,24700,CE,2024-01-09,0.14
2024-01-03 13:16:00+05:30,182.3923475631044,183.12191695335682,181.662778172852,182.3923475631044,100,24700,PE,2024-01-09,0.14
2024-01-03 13:17:00+05:30,175.2845421965202,175.98568036530628,174.5834040277341,175.2845421965202,100,24700,CE,2024-01-09,0.14
2024-01-03 13:17:00+05:30,182.79400824411175,183.5251842770882,182.06283221113532,182.79400824411175,100,24700,PE,2024-01-09,0.14
2024-01-03 13:18:00+05:30,168.67034580597726,169.34502718920118,167.99566442275335,168.67034580597726,100,24700,CE,2024-01-09,0.14
2024-01-03 13:18:00+05:30,189.40820463465468,190.1658374531933,188.65057181611607,189.40820463465468,100,24700,PE,2024-01-09,0.14
2024-01-03 13:19:00+05:30,164.900071971785,165.55967225967214,164.24047168389785,164.900071971785,100,24700,CE,2024-01-09,0.14
2024-01-03 13:19:00+05:30,193.17847846884695,193.95119238272233,192.40576455497157,193.17847846884695,100,24700,PE,2024-01-09,0.14
2024-01-03 13:20:00+05:30,162.32042760633965,162.969709316765,161.6711458959143,162.32042760633965,100,24700,CE,2024-01-09,0.14
2024-01-03 13:20:00+05:30,195.7581228342923,196.54115532562946,194.97509034295513,195.7581228342923,100,24700,PE,2024-01-09,0.14
2024-01-03 13:21:00+05:30,158.26497216445466,158.89803205311247,157.63191227579685,158.26497216445466,100,24700,CE,2024-01-09,0.14
2024-01-03 13:21:00+05:30,199.81357827617728,200.612832589282,199.01432396307257,199.81357827617728,100,24700,PE,2024-01-09,0.14
2024-01-03 13:22:00+05:30,159.04719539617952,159.68338417776422,158.4110066145948,159.04719539617952,100,24700,CE,2024-01-09,0.14
2024-01-03 13:22:00+05:30,199.03135504445243,199.82748046463024,198.2352296242746,199.03135504445243,100,24700,PE,2024-01-09,0.14
2024-01-03 13:23:00+05:30,157.2592542050087,157.88829122182872,156.63021718818865,157.2592542050087,100,24700,CE,2024-01-09,0.14
2024-01-03 13:23:00+05:30,200.81929623562326,201.62257342056574,200.01601905068077,200.81929623562326,100,24700,PE,2024-01-09,0.14
2024-01-03 13:24:00+05:30,156.83647163955436,157.4638175261126,156.20912575299613,156.83647163955436,100,24700,CE,2024-01-09,0.14
2024-01-03 13:24:00+05:30,201.24207880107758,202.0470471162819,200.43711048587326,201.24207880107758,100,24700,PE,2024-01-09,0.14
2024-01-03 13:25:00+05:30,152.92402792215842,153.53572403384706,152.31233181046977,152.92402792215842,100,24700,CE,2024-01-09,0.14
2024-01-03 13:25:00+05:30,205.15452251847353,205.97514060854743,204.33390442839962,205.15452251847353,100,24700,PE,2024-01-09,0.14
2024-01-03 13:26:00+05:30,150.01266187580484,150.61271252330806,149.4126112283016,150.01266187580484,100,24700,CE,2024-01-09,0.14
2024-01-03 13:26:00+05:30,208.0658885648271,208.8981521190864,207.2336250105678,208.0658885648271,100,24700,PE,2024-01-09,0.14
2024-01-03 13:27:00+05:30,151.8010786873282,152.4082830020775,151.19387437257888,151.8010786873282,100,24700,CE,2024-01-09,0.14
2024-01-03 13:27:00+05:30,206.27747175330376,207.10258164031697,205.45236186629054,206.27747175330376,100,24700,PE,2024-01-09,0.14
2024-01-03 13:28:00+05:30,153.02586171240807,153.6379651592577,152.41375826555844,153.02586171240807,100,24700,CE,2024-01-09,0.14
2024-01-03 13:28:00+05:30,205.05268872822387,205.87289948313676,204.23247797331098,205.05268872822387,100,24700,PE,2024-01-09,0.14
2024-01-03 13:29:00+05:30,151.14078716397205,151.74535031262795,150.53622401531615,151.14078716397205,100,24700,CE,2024-01-09,0.14
2024-01-03 13:29:00+05:30,206.9377632766599,207.76551432976655,206.11001222355324,206.9377632766599,100,24700,PE,2024-01-09,0.14
2024-01-03 13:30:00+05:30,152.3605119501034,152.96995399790381,151.75106990230296,152.3605119501034,100,24700,CE,2024-01-09,0.14
2024-01-03 13:30:00+05:30,205.71803849052856,206.54091064449068,204.89516633656643,205.71803849052856,100,24700,PE,2024-01-09,0.14
2024-01-03 13:31:00+05:30,152.91585052954804,153.52751393166622,152.30418712742986,152.91585052954804,100,24700,CE,2024-01-09,0.14
2024-01-03 13:31:00+05:30,205.1626999110839,205.98335071072825,204.34204911143956,205.1626999110839,100,24700,PE,2024-01-09,0.14
2024-01-03 13:32:00+05:30,153.3618283868335,153.97527570038085,152.74838107328617,153.3618283868335,100,24700,CE,2024-01-09,0.14
2024-01-03 13:32:00+05:30,204.71672205379843,205.53558894201362,203.89785516558325,204.71672205379843,100,24700,PE,2024-01-09,0.14
2024-01-03 13:33:00+05:30,159.18692162261766,159.82366930910814,158.55017393612718,159.18692162261766,100,24700,CE,2024-01-09,0.14
2024-01-03 13:33:00+05:30,198.89162881801428,199.68719533328635,198.0960623027422,198.89162881801428,100,24700,PE,2024-01-09,0.14
2024-01-03 13:34:00+05:30,157.52536599057646,158.15546745453878,156.89526452661414,157.52536599057646,100,24700,CE,2024-01-09,0.14
2024-01-03 13:34:00+05:30,200.55318445005548,201.35539718785571,199.75097171225525,200.55318445005548,100,24700,PE,2024-01-09,0.14
2024-01-03 13:35:00+05:30,158.93661728813356,159.5723637572861,158.30087081898102,158.93661728813356,100,24700,CE,2024-01-09,0.14
2024-01-03 13:35:00+05:30,199.14193315249838,199.93850088510837,198.3453654198884,199.14193315249838,100,24700,PE,2024-01-09,0.14
2024-01-03 13:36:00+05:30,160.35266680439133,160.9940774716089,159.71125613717376,160.35266680439133,100,24700,CE,2024-01-09,0.14
2024-01-03 13:36:00+05:30,197.7258836362406,198.51678717078556,196.93498010169566,197.7258836362406,100,24700,PE,2024-01-09,0.14
2024-01-03 13:37:00+05:30,159.30755162916,159.94478183567665,158.67032142264335,159.30755162916,100,24700,CE,2024-01-09,0.14
2024-01-03 13:37:00+05:30,198.77099881147194,199.56608280671782,197.97591481622607,198.77099881147194,100,24700,PE,2024-01-09,0.14
2024-01-03 13:38:00+05:30,154.76906996196965,155.38814624181754,154.14999368212176,154.76906996196965,100,24700,CE,2024-01-09,0.14
2024-01-03 13:38:00+05:30,203.3094804786623,204.12271840057696,202.49624255674763,203.3094804786623,100,24700,PE,2024-01-09,0.14
2024-01-03 13:39:00+05:30,157.1863339714954,157.81507930738138,156.55758863560942,157.1863339714954,100,24700,CE,2024-01-09,0.14
2024-01-03 13:39:00+05:30,200.89221646913654,201.69578533501308,200.08864760326,200.89221646913654,100,24700,PE,2024-01-09,0.14
2024-01-03 13:40:00+05:30,157.99124225210005,158.62320722110846,157.35927728309164,157.99124225210005,100,24700,CE,2024-01-09,0.14
2024-01-03 13:40:00+05:30,200.0873081885319,200.887657421286,199.28695895577778,200.0873081885319,100,24700,PE,2024-01-09,0.14
2024-01-03 13:41:00+05:30,157.99647966818236,158.6284655868551,157.36449374950962,157.99647966818236,100,24700,CE,2024-01-09,0.14
2024-01-03 13:41:00+05:30,200.08207077244958,200.8823990555394,199.28174248935977,200.08207077244958,100,24700,PE,2024-01-09,0.14
2024-01-03 13:42:00+05:30,157.8988936372997,158.5304892118489,157.26729806275048,157.8988936372997,100,24700,CE,2024-01-09,0.14
2024-01-03 13:42:00+05:30,200.17965680333225,200.9803754305456,199.3789381761189,200.17965680333225,100,24700,PE,2024-01-09,0.14
2024-01-03 13:43:00+05:30,157.7897565795746,158.4209156058929,157.1585975532563,157.7897565795746,100,24700,CE,2024-01-09,0.14
2024-01-03 13:43:00+05:30,200.28879386105734,201.08994903650157,199.48763868561312,200.28879386105734,100,24700,PE,2024-01-09,0.14
2024-01-03 13:44:00+05:30,154.24387084962189,154.86084633302036,153.6268953662234,154.24387084962189,100,24700,CE,2024-01-09,0.14
2024-01-03 13:44:00+05:30,203.83467959101006,204.6500183093741,203.019340872646,203.83467959101006,100,24700,PE,2024-01-09,0.14
2024-01-03 13:45:00+05:30,155.14149847490705,155.76206446880667,154.52093248100743,155.14149847490705,100,24700,CE,2024-01-09,0.14
2024-01-03 13:45:00+05:30,202.9370519657249,203.7488001735878,202.12530375786199,202.9370519657249,100,24700,PE,2024-01-09,0.14
2024-01-03 13:46:00+05:30,148.17766403575922,148.77037469190225,147.5849533796162,148.17766403575922,100,24700,CE,2024-01-09,0.14
2024-01-03 13:46:00+05:30,209.90088640487272,210.74048995049222,209.06128285925323,209.90088640487272,100,24700,PE,2024-01-09,0.14
2024-01-03 13:47:00+05:30,147.8721757988959,148.4636645020915,147.28068709570033,147.8721757988959,100,24700,CE,2024-01-09,0.14
2024-01-03 13:47:00+05:30,210.20637464173603,211.04720014030298,209.3655491431691,210.20637464173603,100,24700,PE,2024-01-09,0.14
2024-01-03 13:48:00+05:30,142.04864482142227,142.61683940070796,141.48045024213658,142.04864482142227,100,24700,CE,2024-01-09,0.14
2024-01-03 13:48:00+05:30,216.02990561920967,216.8940252416865,215.16578599673284,216.02990561920967,100,24700,PE,2024-01-09,0.14
2024-01-03 13:49:00+05:30,140.5109718880002,141.0730157755522,139.9489280004482,140.5109718880002,100,24700,CE,2024-01-09,0.14
2024-01-03 13:49:00+05:30,217.56757855263174,218.43784886684227,216.69730823842121,217.56757855263174,100,24700,PE,2024-01-09,0.14
2024-01-03 13:50:00+05:30,142.97133417582234,143.54321951252564,142.39944883911903,142.97133417582234,100,24700,CE,2024-01-09,0.14
2024-01-03 13:50:00+05:30,215.1072162648096,215.96764512986886,214.24678739975036,215.1072162648096,100,24700,PE,2024-01-09,0.14
2024-01-03 13:51:00+05:30,141.77263403340737,142.339724569541,141.20554349727374,141.77263403340737,100,24700,CE,2024-01-09,0.14
2024-01-03 13:51:00+05:30,216.30591640722457,217.17114007285346,215.44069274159568,216.30591640722457,100,24700,PE,2024-01-09,0.14
2024-01-03 13:52:00+05:30,139.74327670857826,140.30224981541258,139.18430360174395,139.74327670857826,100,24700,CE,2024-01-09,0.14
2024-01-03 13:52:00+05:30,218.33527373205368,219.2086148269819,217.46193263712547,218.33527373205368,100,24700,PE,2024-01-09,0.14
2024-01-03 13:53:00+05:30,141.43445964309728,142.0001974816697,140.86872180452488,141.43445964309728,100,24700,CE,2024-01-09,0.14
2024-01-03 13:53:00+05:30,216.64409079753466,217.5106671607248,215.7775144343445,216.64409079753466,100,24700,PE,2024-01-09,0.14
2024-01-03 13:54:00+05:30,140.18594553392802,140.74668931606374,139.6252017517923,140.18594553392802,100,24700,CE,2024-01-09,0.14
2024-01-03 13:54:00+05:30,217.89260490670392,218.76417532633073,217.02103448707712,217.89260490670392,100,24700,PE,2024-01-09,0.14
2024-01-03 13:55:00+05:30,138.4141332120679,138.96778974491616,137.86047667921963,138.4141332120679,100,24700,CE,2024-01-09,0.14
2024-01-03 13:55:00+05:30,219.66441722856405,220.5430748974783,218.7857595596498,219.66441722856405,100,24700,PE,2024-01-09,0.14
2024-01-03 13:56:00+05:30,136.69387457327582,137.24065007156892,136.14709907498272,136.69387457327582,100,24700,CE,2024-01-09,0.14
2024-01-03 13:56:00+05:30,221.38467586735612,222.27021457082554,220.4991371638867,221.38467586735612,100,24700,PE,2024-01-09,0.14
2024-01-03 13:57:00+05:30,142.11491181925237,142.6833714665294,141.54645217197535,142.11491181925237,100,24700,CE,2024-01-09,0.14
2024-01-03 13:57:00+05:30,215.96363862137957,216.8274931758651,215.09978406689405,215.96363862137957,100,24700,PE,2024-01-09,0.14
2024-01-03 13:58:00+05:30,144.35444580633782,144.93186358956316,143.77702802311248,144.35444580633782,100,24700,CE,2024-01-09,0.14
2024-01-03 13:58:00+05:30,213.72410463429412,214.5790010528313,212.86920821575694,213.72410463429412,100,24700,PE,2024-01-09,0.14
2024-01-03 13:59:00+05:30,145.9031102686921,146.48672270976687,145.31949782761734,145.9031102686921,100,24700,CE,2024-01-09,0.14
2024-01-03 13:59:00+05:30,212.17544017193984,213.0241419326276,211.32673841125208,212.17544017193984,100,24700,PE,2024-01-09,0.14
2024-01-03 14:00:00+05:30,141.1826517428825,141.74738234985404,140.617921135911,141.1826517428825,100,24700,CE,2024-01-09,0.14
2024-01-03 14:00:00+05:30,216.89589869774943,217.76348229254043,216.02831510295843,216.89589869774943,100,24700,PE,2024-01-09,0.14
2024-01-03 14:01:00+05:30,143.2438082598518,143.8167834928912,142.67083302681237,143.2438082598518,100,24700,CE,2024-01-09,0.14
2024-01-03 14:01:00+05:30,214.83474218078015,215.69408114950326,213.97540321205705,214.83474218078015,100,24700,PE,2024-01-09,0.14
2024-01-03 14:02:00+05:30,138.13141677433384,138.68394244143118,137.5788911072365,138.13141677433384,100,24700,CE,2024-01-09,0.14
2024-01-03 14:02:00+05:30,219.9471336662981,220.82692220096328,219.06734513163292,219.9471336662981,100,24700,PE,2024-01-09,0.14
2024-01-03 14:03:00+05:30,139.66213080317073,140.22077932638342,139.10348227995803,139.66213080317073,100,24700,CE,2024-01-09,0.14
2024-01-03 14:03:00+05:30,218.41641963746122,219.29008531601107,217.54275395891136,218.41641963746122,100,24700,PE,2024-01-09,0.14
2024-01-03 14:04:00+05:30,135.2077977994785,135.74862899067642,134.66696660828057,135.2077977994785,100,24700,CE,2024-01-09,0.14
2024-01-03 14:04:00+05:30,222.87075264115344,223.76223565171807,221.97926963058882,222.87075264115344,100,24700,PE,2024-01-09,0.14
2024-01-03 14:05:00+05:30,142.2563117390863,142.82533698604266,141.68728649212994,142.2563117390863,100,24700,CE,2024-01-09,0.14
2024-01-03 14:05:00+05:30,215.82223870154564,216.68552765635184,214.95894974673945,215.82223870154564,100,24700,PE,2024-01-09,0.14
2024-01-03 14:06:00+05:30,135.66650873004517,136.20917476496535,135.12384269512498,135.66650873004517,100,24700,CE,2024-01-09,0.14
2024-01-03 14:06:00+05:30,222.41204171058678,223.3016898774291,221.52239354374444,222.41204171058678,100,24700,PE,2024-01-09,0.14
2024-01-03 14:07:00+05:30,139.96990106516648,140.52978066942714,139.41002146090582,139.96990106516648,100,24700,CE,2024-01-09,0.14
2024-01-03 14:07:00+05:30,218.10864937546546,218.98108397296733,217.2362147779636,218.10864937546546,100,24700,PE,2024-01-09,0.14
2024-01-03 14:08:00+05:30,142.69347422357612,143.26424812047043,142.1227003266818,142.69347422357612,100,24700,CE,2024-01-09,0.14
2024-01-03 14:08:00+05:30,215.38507621705583,216.24661652192404,214.5235359121876,215.38507621705583,100,24700,PE,2024-01-09,0.14
2024-01-03 14:09:00+05:30,135.75440214912203,136.29741975771853,135.21138454052553,135.75440214912203,100,24700,CE,2024-01-09,0.14
2024-01-03 14:09:00+05:30,222.3241482915099,223.21344488467597,221.43485169834386,222.3241482915099,100,24700,PE,2024-01-09,0.14
2024-01-03 14:10:00+05:30,134.56819695581441,135.10646974363766,134.02992416799117,134.56819695581441,100,24700,CE,2024-01-09,0.14
2024-01-03 14:10:00+05:30,223.51035348481753,224.4043948987568,222.61631207087825,223.51035348481753,100,24700,PE,2024-01-09,0.14
2024-01-03 14:11:00+05:30,139.6990227196501,140.25781881052868,139.1402266287715,139.6990227196501,100,24700,CE,2024-01-09,0.14
2024-01-03 14:11:00+05:30,218.37952772098186,219.2530458318658,217.50600961009792,218.37952772098186,100,24700,PE,2024-01-09,0.14
2024-01-03 14:12:00+05:30,143.67254884211877,144.24723903748725,143.0978586467503,143.67254884211877,100,24700,CE,2024-01-09,0.14
2024-01-03 14:12:00+05:30,214.40600159851317,215.26362560490722,213.54837759211912,214.40600159851317,100,24700,PE,2024-01-09,0.14
2024-01-03 14:13:00+05:30,137.16639266973186,137.7150582404108,136.61772709905293,137.16639266973186,100,24700,CE,2024-01-09,0.14
2024-01-03 14:13:00+05:30,220.91215777090008,221.79580640198367,220.0285091398165,220.91215777090008,100,24700,PE,2024-01-09,0.14
2024-01-03 14:14:00+05:30,134.92782670601161,135.46753801283566,134.38811539918757,134.92782670601161,100,24700,CE,2024-01-09,0.14
2024-01-03 14:14:00+05:30,223.15072373462033,224.0433266295588,222.25812083968185,223.15072373462033,100,24700,PE,2024-01-09,0.14
2024-01-03 14:15:00+05:30,130.2372678932178,130.75821696479065,129.71631882164493,130.2372678932178,100,24700,CE,2024-01-09,0.14
2024-01-03 14:15:00+05:30,227.84128254741415,228.75264767760382,226.9299174172245,227.84128254741415,100,24700,PE,2024-01-09,0.14
2024-01-03 14:16:00+05:30,126.10414086613207,126.6085574295966,125.59972430266754,126.10414086613207,100,24700,CE,2024-01-09,0.14
2024-01-03 14:16:00+05:30,231.97440957449987,232.90230721279787,231.04651193620188,231.97440957449987,100,24700,PE,2024-01-09,0.14
2024-01-03 14:17:00+05:30,123.40427863131742,123.89789574584269,122.91066151679216,123.40427863131742,100,24700,CE,2024-01-09,0.14
2024-01-03 14:17:00+05:30,234.67427180931452,235.6129688965518,233.73557472207725,234.67427180931452,100,24700,PE,2024-01-09,0.14
2024-01-03 14:18:00+05:30,130.01506258068264,130.53512283100537,129.4950023303599,130.01506258068264,100,24700,CE,2024-01-09,0.14
2024-01-03 14:18:00+05:30,228.0634878599493,228.9757418113891,227.1512339085095,228.0634878599493,100,24700,PE,2024-01-09,0.14
2024-01-03 14:19:00+05:30,130.22014084137015,130.74102140473565,129.69926027800466,130.22014084137015,100,24700,CE,2024-01-09,0.14
2024-01-03 14:19:00+05:30,227.8584095992618,228.76984323765885,226.94697596086473,227.8584095992618,100,24700,PE,2024-01-09,0.14
2024-01-03 14:20:00+05:30,129.0772800766107,129.59358919691712,128.56097095630426,129.0772800766107,100,24700,CE,2024-01-09,0.14
2024-01-03 14:20:00+05:30,229.00127036402125,229.91727544547734,228.08526528256516,229.00127036402125,100,24700,PE,2024-01-09,0.14
2024-01-03 14:21:00+05:30,127.52516440607621,128.0352650637005,127.01506374845191,127.52516440607621,100,24700,CE,2024-01-09,0.14
2024-01-03 14:21:00+05:30,230.55338603455573,231.47559957869396,229.6311724904175,230.55338603455573,100,24700,PE,2024-01-09,0.14
2024-01-03 14:22:00+05:30,129.7249430018045,130.2438427738117,129.20604322979727,129.7249430018045,100,24700,CE,2024-01-09,0.14
2024-01-03 14:22:00+05:30,228.35360743882745,229.26702186858276,227.44019300907215,228.35360743882745,100,24700,PE,2024-01-09,0.14
2024-01-03 14:23:00+05:30,132.0174053680447,132.5454749895169,131.48933574657252,132.0174053680447,100,24700,CE,2024-01-09,0.14
2024-01-03 14:23:00+05:30,226.06114507258724,226.96538965287758,225.1569004922969,226.06114507258724,100,24700,PE,2024-01-09,0.14
2024-01-03 14:24:00+05:30,128.2715257477147,128.78461185070555,127.75843964472384,128.2715257477147,100,24700,CE,2024-01-09,0.14
2024-01-03 14:24:00+05:30,229.80702469291725,230.72625279168892,228.88779659414558,229.80702469291725,100,24700,PE,2024-01-09,0.14
2024-01-03 14:25:00+05:30,133.47352394590132,134.00741804168493,132.9396298501177,133.47352394590132,100,24700,CE,2024-01-09,0.14
2024-01-03 14:25:00+05:30,224.60502649473062,225.50344660070954,223.7066063887517,224.60502649473062,100,24700,PE,2024-01-09,0.14
2024-01-03 14:26:00+05:30,129.11290565350544,129.62935727611946,128.5964540308914,129.11290565350544,100,24700,CE,2024-01-09,0.14
2024-01-03 14:26:00+05:30,228.9656447871265,229.881507366275,228.049782207978,228.9656447871265,100,24700,PE,2024-01-09,0.14
2024-01-03 14:27:00+05:30,127.77283385171984,128.28392518712673,127.26174251631296,127.77283385171984,100,24700,CE,2024-01-09,0.14
2024-01-03 14:27:00+05:30,230.3057165889121,231.22693945526777,229.38449372255644,230.3057165889121,100,24700,PE,2024-01-09,0.14
2024-01-03 14:28:00+05:30,129.16051170491744,129.6771537517371,128.64386965809777,129.16051170491744,100,24700,CE,2024-01-09,0.14
2024-01-03 14:28:00+05:30,228.9180387357145,229.83371089065736,228.00236658077165,228.9180387357145,100,24700,PE,2024-01-09,0.14
2024-01-03 14:29:00+05:30,135.27281832159213,135.81390959487848,134.73172704830577,135.27281832159213,100,24700,CE,2024-01-09,0.14
2024-01-03 14:29:00+05:30,222.80573211903982,223.69695504751598,221.91450919056365,222.80573211903982,100,24700,PE,2024-01-09,0.14
2024-01-03 14:30:00+05:30,133.6723096689392,134.20699890761495,133.13762043026344,133.6723096689392,100,24700,CE,2024-01-09,0.14
2024-01-03 14:30:00+05:30,224.40624077169275,225.30386573477952,223.50861580860598,224.40624077169275,100,24700,PE,2024-01-09,0.14
2024-01-03 14:31:00+05:30,134.44152154723713,134.97928763342608,133.90375546104818,134.44152154723713,100,24700,CE,2024-01-09,0.14
2024-01-03 14:31:00+05:30,223.6370288933948,224.53157700896838,222.74248077782124,223.6370288933948,100,24700,PE,2024-01-09,0.14
2024-01-03 14:32:00+05:30,139.02214861367327,139.57823720812797,138.46606001921856,139.02214861367327,100,24700,CE,2024-01-09,0.14
2024-01-03 14:32:00+05:30,219.05640182695868,219.93262743426652,218.18017621965083,219.05640182695868,100,24700,PE,2024-01-09,0.14
2024-01-03 14:33:00+05:30,141.05583278968595,141.6200561208447,140.4916094585272,141.05583278968595,100,24700,CE,2024-01-09,0.14
2024-01-03 14:33:00+05:30,217.022717650946,217.8908085215498,216.1546267803422,217.022717650946,100,24700,PE,2024-01-09,0.14
2024-01-03 14:34:00+05:30,144.97866184730162,145.55857649469084,144.3987471999124,144.97866184730162,100,24700,CE,2024-01-09,0.14
2024-01-03 14:34:00+05:30,213.09988859333032,213.95228814770365,212.24748903895699,213.09988859333032,100,24700,PE,2024-01-09,0.14
2024-01-03 14:35:00+05:30,148.56799766354277,149.16226965419693,147.9737256728886,148.56799766354277,100,24700,CE,2024-01-09,0.14
2024-01-03 14:35:00+05:30,209.51055277708917,210.34859498819753,208.67251056598082,209.51055277708917,100,24700,PE,2024-01-09,0.14
2024-01-03 14:36:00+05:30,149.23860569666874,149.8355601194554,148.64165127388208,149.23860569666874,100,24700,CE,2024-01-09,0.14
2024-01-03 14:36:00+05:30,208.8399447439632,209.67530452293906,208.00458496498734,208.8399447439632,100,24700,PE,2024-01-09,0.14
2024-01-03 14:37:00+05:30,151.29995402523207,151.905153841333,150.69475420913113,151.29995402523207,100,24700,CE,2024-01-09,0.14
2024-01-03 14:37:00+05:30,206.77859641539987,207.60571080106146,205.9514820297383,206.77859641539987,100,24700,PE,2024-01-09,0.14
2024-01-03 14:38:00+05:30,154.43300281228846,155.05073482353762,153.8152708010393,154.43300281228846,100,24700,CE,2024-01-09,0.14
2024-01-03 14:38:00+05:30,203.64554762834348,204.46012981885684,202.83096543783012,203.64554762834348,100,24700,PE,2024-01-09,0.14
2024-01-03 14:39:00+05:30,154.0248191094605,154.64091838589835,153.40871983302267,154.0248191094605,100,24700,CE,2024-01-09,0.14
2024-01-03 14:39:00+05:30,204.05373133117143,204.86994625649612,203.23751640584675,204.05373133117143,100,24700,PE,2024-01-09,0.14
2024-01-03 14:40:00+05:30,159.7138084544539,160.35266368827172,159.07495322063608,159.7138084544539,100,24700,CE,2024-01-09,0.14
2024-01-03 14:40:00+05:30,198.36474198617805,199.15820095412275,197.57128301823334,198.36474198617805,100,24700,PE,2024-01-09,0.14
2024-01-03 14:41:00+05:30,151.9625856439933,152.57043598656927,151.35473530141732,151.9625856439933,100,24700,CE,2024-01-09,0.14
2024-01-03 14:41:00+05:30,206.11596479663865,206.9404286558252,205.2915009374521,206.11596479663865,100,24700,PE,2024-01-09,0.14
2024-01-03 14:42:00+05:30,148.20651048917978,148.7993365311365,147.61368444722305,148.20651048917978,100,24700,CE,2024-01-09,0.14
2024-01-03 14:42:00+05:30,209.87203995145217,210.71152811125796,209.03255179164637,209.87203995145217,100,24700,PE,2024-01-09,0.14
2024-01-03 14:43:00+05:30,153.31655838153426,153.9298246150604,152.70329214800813,153.31655838153426,100,24700,CE,2024-01-09,0.14
2024-01-03 14:43:00+05:30,204.76199205909768,205.58104002733407,203.9429440908613,204.76199205909768,100,24700,PE,2024-01-09,0.14
2024-01-03 14:44:00+05:30,154.6140195834513,155.2324756617851,153.9955635051175,154.6140195834513,100,24700,CE,2024-01-09,0.14
2024-01-03 14:44:00+05:30,203.46453085718065,204.27838898060938,202.65067273375192,203.46453085718065,100,24700,PE,2024-01-09,0.14
2024-01-03 14:45:00+05:30,151.89579748328003,152.50338067321314,151.28821429334693,151.89579748328003,100,24700,CE,2024-01-09,0.14
2024-01-03 14:45:00+05:30,206.1827529573519,207.00748396918132,205.3580219455225,206.1827529573519,100,24700,PE,2024-01-09,0.14
2024-01-03 14:46:00+05:30,153.01041236412937,153.6224540135859,152.39837071467284,153.01041236412937,100,24700,CE,2024-01-09,0.14
2024-01-03 14:46:00+05:30,205.06813807650258,205.8884106288086,204.24786552419656,205.06813807650258,100,24700,PE,2024-01-09,0.14
2024-01-03 14:47:00+05:30,156.78238420537207,157.40951374219355,156.15525466855058,156.78238420537207,100,24700,CE,2024-01-09,0.14
2024-01-03 14:47:00+05:30,201.29616623525988,202.1013509002009,200.49098157031884,201.29616623525988,100,24700,PE,2024-01-09,0.14
2024-01-03 14:48:00+05:30,154.38423758671422,155.00177453706107,153.76670063636737,154.38423758671422,100,24700,CE,2024-01-09,0.14
2024-01-03 14:48:00+05:30,203.69431285391772,204.5090901053334,202.87953560250205,203.69431285391772,100,24700,PE,2024-01-09,0.14
2024-01-03 14:49:00+05:30,156.96177598966358,157.58962309362224,156.33392888570492,156.96177598966358,100,24700,CE,2024-01-09,0.14
2024-01-03 14:49:00+05:30,201.11677445096836,201.92124154877223,200.3123073531645,201.11677445096836,100,24700,PE,2024-01-09,0.14
2024-01-03 14:50:00+05:30,156.20227936339222,156.8270884808458,155.57747024593866,156.20227936339222,100,24700,CE,2024-01-09,0.14
2024-01-03 14:50:00+05:30,201.87627107723972,202.68377616154868,201.06876599293076,201.87627107723972,100,24700,PE,2024-01-09,0.14
2024-01-03 14:51:00+05:30,155.47588222549246,156.09778575439444,154.85397869659047,155.47588222549246,100,24700,CE,2024-01-09,0.14
2024-01-03 14:51:00+05:30,202.6026682151395,203.41307888800006,201.79225754227892,202.6026682151395,100,24700,PE,2024-01-09,0.14
2024-01-03 14:52:00+05:30,154.91557372100658,155.5352360158906,154.29591142612256,154.91557372100658,100,24700,CE,2024-01-09,0.14
2024-01-03 14:52:00+05:30,203.16297671962536,203.97562862650386,202.35032481274686,203.16297671962536,100,24700,PE,2024-01-09,0.14
2024-01-03 14:53:00+05:30,158.78304849049425,159.41818068445622,158.1479162965323,158.78304849049425,100,24700,CE,2024-01-09,0.14
2024-01-03 14:53:00+05:30,199.2955019501377,200.09268395793825,198.49831994233713,199.2955019501377,100,24700,PE,2024-01-09,0.14
2024-01-03 14:54:00+05:30,154.28485490924402,154.901994328881,153.66771548960705,154.28485490924402,100,24700,CE,2024-01-09,0.14
2024-01-03 14:54:00+05:30,203.79369553138793,204.60887031351348,202.97852074926237,203.79369553138793,100,24700,PE,2024-01-09,0.14
2024-01-03 14:55:00+05:30,152.60728022369483,153.21770934458962,151.99685110280004,152.60728022369483,100,24700,CE,2024-01-09,0.14
2024-01-03 14:55:00+05:30,205.4712702169371,206.29315529780487,204.64938513606936,205.4712702169371,100,24700,PE,2024-01-09,0.14
2024-01-03 14:56:00+05:30,154.79210396308633,155.4112723789387,154.17293554723398,154.79210396308633,100,24700,CE,2024-01-09,0.14
2024-01-03 14:56:00+05:30,203.2864464775456,204.0995922634558,202.47330069163542,203.2864464775456,100,24700,PE,2024-01-09,0.14
2024-01-03 14:57:00+05:30,149.92215459074112,150.52184320910408,149.32246597237815,149.92215459074112,100,24700,CE,2024-01-09,0.14
2024-01-03 14:57:00+05:30,208.15639584989083,208.9890214332904,207.32377026649127,208.15639584989083,100,24700,PE,2024-01-09,0.14
2024-01-03 14:58:00+05:30,143.69559234773158,144.2703747171225,143.12080997834065,143.69559234773158,100,24700,CE,2024-01-09,0.14
2024-01-03 14:58:00+05:30,214.38295809290037,215.24048992527196,213.52542626052877,214.38295809290037,100,24700,PE,2024-01-09,0.14
2024-01-03 14:59:00+05:30,145.5304341088421,146.11255584527746,144.94831237240672,145.5304341088421,100,24700,CE,2024-01-09,0.14
2024-01-03 14:59:00+05:30,212.54811633178986,213.398308797117,211.6979238664627,212.54811633178986,100,24700,PE,2024-01-09,0.14
2024-01-03 15:00:00+05:30,145.23788891017182,145.8188404658125,144.65693735453112,145.23788891017182,100,24700,CE,2024-01-09,0.14
2024-01-03 15:00:00+05:30,212.84066153046012,213.69202417658195,211.9892988843383,212.84066153046012,100,24700,PE,2024-01-09,0.14
2024-01-03 15:01:00+05:30,144.38796070783872,144.96551255067007,143.81040886500736,144.38796070783872,100,24700,CE,2024-01-09,0.14
2024-01-03 15:01:00+05:30,213.69058973279323,214.5453520917244,212.83582737386206,213.69058973279323,100,24700,PE,2024-01-09,0.14
2024-01-03 15:02:00+05:30,144.62371531532233,145.2022101765836,144.04522045406105,144.62371531532233,100,24700,CE,2024-01-09,0.14
2024-01-03 15:02:00+05:30,213.45483512530961,214.30865446581086,212.60101578480837,213.45483512530961,100,24700,PE,2024-01-09,0.14
2024-01-03 15:03:00+05:30,140.68062632408407,141.2433488293804,140.11790381878774,140.68062632408407,100,24700,CE,2024-01-09,0.14
2024-01-03 15:03:00+05:30,217.39792411654787,218.26751581301406,216.52833242008168,217.39792411654787,100,24700,PE,2024-01-09,0.14
2024-01-03 15:04:00+05:30,151.3050331791427,151.91025331185926,150.69981304642613,151.3050331791427,100,24700,CE,2024-01-09,0.14
2024-01-03 15:04:00+05:30,206.77351726148925,207.6006113305352,205.9464231924433,206.77351726148925,100,24700,PE,2024-01-09,0.14
2024-01-03 15:05:00+05:30,147.317307391976,147.9065766215439,146.72803816240807,147.317307391976,100,24700,CE,2024-01-09,0.14
2024-01-03 15:05:00+05:30,210.76124304865596,211.6042880208506,209.91819807646132,210.76124304865596,100,24700,PE,2024-01-09,0.14
2024-01-03 15:06:00+05:30,145.38742390286905,145.96897359848052,144.80587420725757,145.38742390286905,100,24700,CE,2024-01-09,0.14
2024-01-03 15:06:00+05:30,212.6911265377629,213.54189104391395,211.84036203161185,212.6911265377629,100,24700,PE,2024-01-09,0.14
2024-01-03 15:07:00+05:30,139.75930850239718,140.31834573640677,139.20027126838758,139.75930850239718,100,24700,CE,2024-01-09,0.14
2024-01-03 15:07:00+05:30,218.31924193823477,219.1925189059877,217.44596497048184,218.31924193823477,100,24700,PE,2024-01-09,0.14
2024-01-03 15:08:00+05:30,137.9024304777439,138.45404019965488,137.35082075583293,137.9024304777439,100,24700,CE,2024-01-09,0.14
2024-01-03 15:08:00+05:30,220.17611996288804,221.05682444273958,219.2954154830365,220.17611996288804,100,24700,PE,2024-01-09,0.14
2024-01-03 15:09:00+05:30,143.32810314853384,143.90141556112798,142.7547907359397,143.32810314853384,100,24700,CE,2024-01-09,0.14
2024-01-03 15:09:00+05:30,214.7504472920981,215.6094490812665,213.8914455029297,214.7504472920981,100,24700,PE,2024-01-09,0.14
2024-01-03 15:10:00+05:30,143.10154950175536,143.6739556997624,142.52914330374833,143.10154950175536,100,24700,CE,2024-01-09,0.14
2024-01-03 15:10:00+05:30,214.97700093887659,215.8369089426321,214.11709293512106,214.97700093887659,100,24700,PE,2024-01-09,0.14
2024-01-03 15:11:00+05:30,145.03450721641718,145.61464524528284,144.45436918755152,145.03450721641718,100,24700,CE,2024-01-09,0.14
2024-01-03 15:11:00+05:30,213.04404322421476,213.89621939711162,212.1918670513179,213.04404322421476,100,24700,PE,2024-01-09,0.14
2024-01-03 15:12:00+05:30,142.92425751985218,143.49595454993158,142.35256048977277,142.92425751985218,100,24700,CE,2024-01-09,0.14
2024-01-03 15:12:00+05:30,215.15429292077977,216.01491009246288,214.29367574909665,215.15429292077977,100,24700,PE,2024-01-09,0.14
2024-01-03 15:13:00+05:30,149.425611386995,150.02331383254298,148.82790894144702,149.425611386995,100,24700,CE,2024-01-09,0.14
2024-01-03 15:13:00+05:30,208.65293905363694,209.48755080985148,207.8183272974224,208.65293905363694,100,24700,PE,2024-01-09,0.14
2024-01-03 15:14:00+05:30,149.74263516521648,150.34160570587736,149.1436646245556,149.74263516521648,100,24700,CE,2024-01-09,0.14
2024-01-03 15:14:00+05:30,208.33591527541546,209.1692589365171,207.5025716143138,208.33591527541546,100,24700,PE,2024-01-09,0.14
2024-01-03 15:15:00+05:30,144.76405251124459,145.34310872128955,144.18499630119962,144.76405251124459,100,24700,CE,2024-01-09,0.14
2024-01-03 15:15:00+05:30,213.31449792938736,214.1677559211049,212.4612399376698,213.31449792938736,100,24700,PE,2024-01-09,0.14
2024-01-03 15:16:00+05:30,147.35395675571533,147.9433725827382,146.76454092869247,147.35395675571533,100,24700,CE,2024-01-09,0.14
2024-01-03 15:16:00+05:30,210.7245936849166,211.56749205965627,209.88169531017695,210.7245936849166,100,24700,PE,2024-01-09,0.14
2024-01-03 15:17:00+05:30,145.67043268797067,146.25311441872256,145.0877509572188,145.67043268797067,100,24700,CE,2024-01-09,0.14
2024-01-03 15:17:00+05:30,212.40811775266127,213.2577502236719,211.55848528165063,212.40811775266127,100,24700,PE,2024-01-09,0.14
2024-01-03 15:18:00+05:30,147.64898257138054,148.23957850166607,147.058386641095,147.64898257138054,100,24700,CE,2024-01-09,0.14
2024-01-03 15:18:00+05:30,210.4295678692514,211.2712861407284,209.5878495977744,210.4295678692514,100,24700,PE,2024-01-09,0.14
2024-01-03 15:19:00+05:30,147.87328023692942,148.46477335787714,147.2817871159817,147.87328023692942,100,24700,CE,2024-01-09,0.14
2024-01-03 15:19:00+05:30,210.20527020370253,211.04609128451733,209.36444912288772,210.20527020370253,100,24700,PE,2024-01-09,0.14
2024-01-03 15:20:00+05:30,148.56368488884152,149.1579396283969,147.96943014928615,148.56368488884152,100,24700,CE,2024-01-09,0.14
2024-01-03 15:20:00+05:30,209.51486555179042,210.35292501399758,208.67680608958327,209.51486555179042,100,24700,PE,2024-01-09,0.14
2024-01-03 15:21:00+05:30,148.77818960693628,149.37330236536403,148.18307684850853,148.77818960693628,100,24700,CE,2024-01-09,0.14
2024-01-03 15:21:00+05:30,209.30036083369566,210.13756227703044,208.4631593903609,209.30036083369566,100,24700,PE,2024-01-09,0.14
2024-01-03 15:22:00+05:30,145.08495266118268,145.66529247182743,144.50461285053794,145.08495266118268,100,24700,CE,2024-01-09,0.14
2024-01-03 15:22:00+05:30,212.99359777944926,213.84557217056707,212.14162338833145,212.99359777944926,100,24700,PE,2024-01-09,0.14
2024-01-03 15:23:00+05:30,139.1540036246687,139.71061963916736,138.59738761017002,139.1540036246687,100,24700,CE,2024-01-09,0.14
2024-01-03 15:23:00+05:30,218.92454681596325,219.8002450032271,218.0488486286994,218.92454681596325,100,24700,PE,2024-01-09,0.14
2024-01-03 15:24:00+05:30,142.51492776077146,143.08498747181454,141.94486804972837,142.51492776077146,100,24700,CE,2024-01-09,0.14
2024-01-03 15:24:00+05:30,215.5636226798605,216.42587717057992,214.70136818914105,215.5636226798605,100,24700,PE,2024-01-09,0.14
2024-01-03 15:25:00+05:30,141.70823018752424,142.27506310827434,141.14139726677413,141.70823018752424,100,24700,CE,2024-01-09,0.14
2024-01-03 15:25:00+05:30,216.3703202531077,217.23580153412013,215.50483897209529,216.3703202531077,100,24700,PE,2024-01-09,0.14
2024-01-03 15:26:00+05:30,142.48046046699244,143.0503823088604,141.91053862512447,142.48046046699244,100,24700,CE,2024-01-09,0.14
2024-01-03 15:26:00+05:30,215.5980899736395,216.46048233353406,214.73569761374495,215.5980899736395,100,24700,PE,2024-01-09,0.14
2024-01-03 15:27:00+05:30,140.44191900702833,141.00368668305646,139.8801513310002,140.44191900702833,100,24700,CE,2024-01-09,0.14
2024-01-03 15:27:00+05:30,217.6366314336036,218.50717795933804,216.76608490786919,217.6366314336036,100,24700,PE,2024-01-09,0.14
2024-01-03 15:28:00+05:30,132.55571085227245,133.08593369568155,132.02548800886336,132.55571085227245,100,24700,CE,2024-01-09,0.14
2024-01-03 15:28:00+05:30,225.5228395883595,226.42493094671292,224.62074823000606,225.5228395883595,100,24700,PE,2024-01-09,0.14
2024-01-03 15:29:00+05:30,127.4677010411059,127.97757184527032,126.95783023694148,127.4677010411059,100,24700,CE,2024-01-09,0.14
2024-01-03 15:29:00+05:30,230.61084939952605,231.53329279712415,229.68840600192794,230.61084939952605,100,24700,PE,2024-01-09,0.14
2024-01-03 15:30:00+05:30,132.40008127240333,132.92968159749293,131.87048094731372,132.40008127240333,100,24700,CE,2024-01-09,0.14
2024-01-03 15:30:00+05:30,225.67846916822862,226.58118304490154,224.7757552915557,225.67846916822862,100,24700,PE,2024-01-09,0.14
2024-01-04 09:15:00+05:30,163.1557181864178,163.80834105916347,162.50309531367213,163.1557181864178,100,24600,CE,2024-01-09,0.14
2024-01-04 09:15:00+05:30,163.1557181864178,163.80834105916347,162.50309531367213,163.1557181864178,100,24600,PE,2024-01-09,0.14
2024-01-04 09:16:00+05:30,158.8020938519972,159.43730222740518,158.16688547658921,158.8020938519972,100,24600,CE,2024-01-09,0.14
2024-01-04 09:16:00+05:30,167.5093425208384,168.17937989092175,166.83930515075505,167.5093425208384,100,24600,PE,2024-01-09,0.14
2024-01-04 09:17:00+05:30,162.5068379098289,163.15686526146823,161.85681055818958,162.5068379098289,100,24600,CE,2024-01-09,0.14
2024-01-04 09:17:00+05:30,163.8045984630067,164.45981685685874,163.14938006915466,163.8045984630067,100,24600,PE,2024-01-09,0.14
2024-01-04 09:18:00+05:30,163.65130891664245,164.30591415230901,162.99670368097588,163.65130891664245,100,24600,CE,2024-01-09,0.14
2024-01-04 09:18:00+05:30,162.66012745619315,163.31076796601792,162.00948694636838,162.66012745619315,100,24600,PE,2024-01-09,0.14
2024-01-04 09:19:00+05:30,164.40211756879813,165.05972603907333,163.74450909852294,164.40211756879813,100,24600,CE,2024-01-09,0.14
2024-01-04 09:19:00+05:30,161.90931880403747,162.5569560792536,161.26168152882133,161.90931880403747,100,24600,PE,2024-01-09,0.14
2024-01-04 09:20:00+05:30,167.27294558304544,167.94203736537762,166.60385380071327,167.27294558304544,100,24600,CE,2024-01-09,0.14
2024-01-04 09:20:00+05:30,159.03849078979016,159.67464475294932,158.402336826631,159.03849078979016,100,24600,PE,2024-01-09,0.14
2024-01-04 09:21:00+05:30,170.37355461768908,171.05504883615984,169.69206039921832,170.37355461768908,100,24600,CE,2024-01-09,0.14
2024-01-04 09:21:00+05:30,155.93788175514652,156.5616332821671,155.31413022812595,155.93788175514652,100,24600,PE,2024-01-09,0.14
2024-01-04 09:22:00+05:30,163.39206026526932,164.0456285063304,162.73849202420826,163.39206026526932,100,24600,CE,2024-01-09,0.14
2024-01-04 09:22:00+05:30,162.91937610756628,163.57105361199655,162.267698603136,162.91937610756628,100,24600,PE,2024-01-09,0.14
2024-01-04 09:23:00+05:30,165.34928607529815,166.01068321959934,164.68788893099696,165.34928607529815,100,24600,CE,2024-01-09,0.14
2024-01-04 09:23:00+05:30,160.96215029753745,161.6059988987276,160.3183016963473,160.96215029753745,100,24600,PE,2024-01-09,0.14
2024-01-04 09:24:00+05:30,163.30395993016333,163.95717576988397,162.65074409044269,163.30395993016333,100,24600,CE,2024-01-09,0.14
2024-01-04 09:24:00+05:30,163.00747644267227,163.65950634844296,162.35544653690158,163.00747644267227,100,24600,PE,2024-01-09,0.14
2024-01-04 09:25:00+05:30,164.05401576777382,164.71023183084492,163.39779970470272,164.05401576777382,100,24600,CE,2024-01-09,0.14
2024-01-04 09:25:00+05:30,162.25742060506178,162.90645028748202,161.60839092264155,162.25742060506178,100,24600,PE,2024-01-09,0.14
2024-01-04 09:26:00+05:30,161.5210654746084,162.16714973650684,160.87498121270997,161.5210654746084,100,24600,CE,2024-01-09,0.14
2024-01-04 09:26:00+05:30,164.7903708982272,165.4495323818201,164.1312094146343,164.7903708982272,100,24600,PE,2024-01-09,0.14
2024-01-04 09:27:00+05:30,158.41902631130012,159.05270241654532,157.78535020605491,158.41902631130012,100,24600,CE,2024-01-09,0.14
2024-01-04 09:27:00+05:30,167.8924100615355,168.56397970178162,167.22084042128935,167.8924100615355,100,24600,PE,2024-01-09,0.14
2024-01-04 09:28:00+05:30,162.15652882950468,162.8051549448227,161.50790271418666,162.15652882950468,100,24600,CE,2024-01-09,0.14
2024-01-04 09:28:00+05:30,164.15490754333092,164.81152717350426,163.49828791315758,164.15490754333092,100,24600,PE,2024-01-09,0.14
2024-01-04 09:29:00+05:30,162.28683620123098,162.9359835460359,161.63768885642605,162.28683620123098,100,24600,CE,2024-01-09,0.14
2024-01-04 09:29:00+05:30,164.02460017160462,164.68069857229105,163.3685017709182,164.02460017160462,100,24600,PE,2024-01-09,0.14
2024-01-04 09:30:00+05:30,161.38900943284222,162.0345654705736,160.74345339511083,161.38900943284222,100,24600,CE,2024-01-09,0.14
2024-01-04 09:30:00+05:30,164.9224269399934,165.58211664775337,164.2627372322334,164.9224269399934,100,24600,PE,2024-01-09,0.14
2024-01-04 09:31:00+05:30,160.47431097331952,161.1162082172128,159.83241372942624,160.47431097331952,100,24600,CE,2024-01-09,0.14
2024-01-04 09:31:00+05:30,165.83712539951608,166.50047390111413,165.17377689791803,165.83712539951608,100,24600,PE,2024-01-09,0.14
2024-01-04 09:32:00+05:30,160.94949412122565,161.59329209771056,160.30569614474075,160.94949412122565,100,24600,CE,2024-01-09,0.14
2024-01-04 09:32:00+05:30,165.36194225160995,166.02339002061638,164.70049448260352,165.36194225160995,100,24600,PE,2024-01-09,0.14
2024-01-04 09:33:00+05:30,161.06334524655773,161.70759862754397,160.4190918655715,161.06334524655773,100,24600,CE,2024-01-09,0.14
2024-01-04 09:33:00+05:30,165.24809112627787,165.909083490783,164.58709876177275,165.24809112627787,100,24600,PE,2024-01-09,0.14
2024-01-04 09:34:00+05:30,152.3468304922522,152.9562178142212,151.7374431702832,152.3468304922522,100,24600,CE,2024-01-09,0.14
2024-01-04 09:34:00+05:30,173.9646058805834,174.66046430410574,173.26874745706107,173.9646058805834,100,24600,PE,2024-01-09,0.14
2024-01-04 09:35:00+05:30,149.2534104818156,149.85042412374287,148.65639683988832,149.2534104818156,100,24600,CE,2024-01-09,0.14
2024-01-04 09:35:00+05:30,177.05802589102,177.7662579945841,176.34979378745592,177.05802589102,100,24600,PE,2024-01-09,0.14
2024-01-04 09:36:00+05:30,148.5537239093215,149.14793880495878,147.9595090136842,148.5537239093215,100,24600,CE,2024-01-09,0.14
2024-01-04 09:36:00+05:30,177.7577124635141,178.46874331336818,177.04668161366004,177.7577124635141,100,24600,PE,2024-01-09,0.14
2024-01-04 09:37:00+05:30,151.55130308864915,152.15750830100376,150.94509787629454,151.55130308864915,100,24600,CE,2024-01-09,0.14
2024-01-04 09:37:00+05:30,174.76013328418645,175.4591738173232,174.0610927510497,174.76013328418645,100,24600,PE,2024-01-09,0.14
2024-01-04 09:38:00+05:30,156.86834778911958,157.49582118027607,156.2408743979631,156.86834778911958,100,24600,CE,2024-01-09,0.14
2024-01-04 09:38:00+05:30,169.44308858371602,170.1208609380509,168.76531622938114,169.44308858371602,100,24600,PE,2024-01-09,0.14
2024-01-04 09:39:00+05:30,153.56140025759538,154.17564585862576,152.947154656565,153.56140025759538,100,24600,CE,2024-01-09,0.14
2024-01-04 09:39:00+05:30,172.75003611524022,173.44103625970118,172.05903597077926,172.75003611524022,100,24600,PE,2024-01-09,0.14
2024-01-04 09:40:00+05:30,161.05287754368743,161.6970890538622,160.40866603351267,161.05287754368743,100,24600,CE,2024-01-09,0.14
2024-01-04 09:40:00+05:30,165.25855882914817,165.91959306446478,164.59752459383157,165.25855882914817,100,24600,PE,2024-01-09,0.14
2024-01-04 09:41:00+05:30,161.62627052611475,162.2727756082192,160.9797654440103,161.62627052611475,100,24600,CE,2024-01-09,0.14
2024-01-04 09:41:00+05:30,164.68516584672085,165.34390651010773,164.02642518333397,164.68516584672085,100,24600,PE,2024-01-09,0.14
2024-01-04 09:42:00+05:30,163.69001053952758,164.34477058168568,163.03525049736947,163.69001053952758,100,24600,CE,2024-01-09,0.14
2024-01-04 09:42:00+05:30,162.62142583330802,163.27191153664126,161.9709401299748,162.62142583330802,100,24600,PE,2024-01-09,0.14
2024-01-04 09:43:00+05:30,161.91562745239986,162.56328996220947,161.26796494259025,161.91562745239986,100,24600,CE,2024-01-09,0.14
2024-01-04 09:43:00+05:30,164.39580892043574,165.0533921561175,163.73822568475398,164.39580892043574,100,24600,PE,2024-01-09,0.14
2024-01-04 09:44:00+05:30,159.87965081551425,160.5191694187763,159.2401322122522,159.87965081551425,100,24600,CE,2024-01-09,0.14
2024-01-04 09:44:00+05:30,166.43178555732135,167.09751269955063,165.76605841509206,166.43178555732135,100,24600,PE,2024-01-09,0.14
2024-01-04 09:45:00+05:30,165.52279671649973,166.18488790336573,164.86070552963372,165.52279671649973,100,24600,CE,2024-01-09,0.14
2024-01-04 09:45:00+05:30,160.78863965633587,161.43179421496123,160.14548509771052,160.78863965633587,100,24600,PE,2024-01-09,0.14
2024-01-04 09:46:00+05:30,164.95188406005087,165.61169159629108,164.29207652381066,164.95188406005087,100,24600,CE,2024-01-09,0.14
2024-01-04 09:46:00+05:30,161.35955231278473,162.00499052203588,160.71411410353357,161.35955231278473,100,24600,PE,2024-01-09,0.14
2024-01-04 09:47:00+05:30,164.82345667166243,165.48275049834908,164.16416284497578,164.82345667166243,100,24600,CE,2024-01-09,0.14
2024-01-04 09:47:00+05:30,161.48797970117317,162.13393161997786,160.8420277823685,161.48797970117317,100,24600,PE,2024-01-09,0.14
2024-01-04 09:48:00+05:30,169.43986067981365,170.1176201225329,168.76210123709438,169.43986067981365,100,24600,CE,2024-01-09,0.14
2024-01-04 09:48:00+05:30,156.87157569302195,157.49906199579405,156.24408939024985,156.87157569302195,100,24600,PE,2024-01-09,0.14
2024-01-04 09:49:00+05:30,176.18353059925954,176.88826472165658,175.4787964768625,176.18353059925954,100,24600,CE,2024-01-09,0.14
2024-01-04 09:49:00+05:30,150.12790577357606,150.72841739667035,149.52739415048177,150.12790577357606,100,24600,PE,2024-01-09,0.14
2024-01-04 09:50:00+05:30,170.8232571398135,171.50655016837277,170.13996411125424,170.8232571398135,100,24600,CE,2024-01-09,0.14
2024-01-04 09:50:00+05:30,155.4881792330221,156.1101319499542,154.86622651609,155.4881792330221,100,24600,PE,2024-01-09,0.14
2024-01-04 09:51:00+05:30,170.39419527178012,171.07577205286725,169.712618490693,170.39419527178012,100,24600,CE,2024-01-09,0.14
2024-01-04 09:51:00+05:30,155.91724110105548,156.5409100654597,155.29357213665125,155.91724110105548,100,24600,PE,2024-01-09,0.14
2024-01-04 09:52:00+05:30,170.6375323486505,171.3200824780451,169.9549822192559,170.6375323486505,100,24600,CE,2024-01-09,0.14
2024-01-04 09:52:00+05:30,155.6739040241851,156.29659964028184,155.05120840808837,155.6739040241851,100,24600,PE,2024-01-09,0.14
2024-01-04 09:53:00+05:30,177.74463818441524,178.4556167371529,177.03365963167758,177.74463818441524,100,24600,CE,2024-01-09,0.14
2024-01-04 09:53:00+05:30,148.56679818842036,149.16106538117404,147.9725309956667,148.56679818842036,100,24600,PE,2024-01-09,0.14
2024-01-04 09:54:00+05:30,187.30680973169598,188.05603697062276,186.5575824927692,187.30680973169598,100,24600,CE,2024-01-09,0.14
2024-01-04 09:54:00+05:30,139.00462664113962,139.56064514770418,138.44860813457507,139.00462664113962,100,24600,PE,2024-01-09,0.14
2024-01-04 09:55:00+05:30,187.41823334841553,188.1679062818092,186.66856041502186,187.41823334841553,100,24600,CE,2024-01-09,0.14
2024-01-04 09:55:00+05:30,138.89320302442007,139.44877583651777,138.33763021232238,138.89320302442007,100,24600,PE,2024-01-09,0.14
2024-01-04 09:56:00+05:30,189.12794093549616,189.88445269923815,188.37142917175416,189.12794093549616,100,24600,CE,2024-01-09,0.14
2024-01-04 09:56:00+05:30,137.18349543733945,137.7322294190888,136.63476145559008,137.18349543733945,100,24600,PE,2024-01-09,0.14
2024-01-04 09:57:00+05:30,192.6944136354437,193.46519128998548,191.92363598090193,192.6944136354437,100,24600,CE,2024-01-09,0.14
2024-01-04 09:57:00+05:30,133.6170227373919,134.15149082834145,133.08255464644233,133.6170227373919,100,24600,PE,2024-01-09,0.14
2024-01-04 09:58:00+05:30,197.34051958281867,198.12988166114994,196.5511575044874,197.34051958281867,100,24600,CE,2024-01-09,0.14
2024-01-04 09:58:00+05:30,128.97091679001693,129.486800457177,128.45503312285686,128.97091679001693,100,24600,PE,2024-01-09,0.14
2024-01-04 09:59:00+05:30,196.46641373449944,197.25227938943743,195.68054807956145,196.46641373449944,100,24600,CE,2024-01-09,0.14
2024-01-04 09:59:00+05:30,129.84502263833616,130.3644027288895,129.32564254778282,129.84502263833616,100,24600,PE,2024-01-09,0.14
2024-01-04 10:00:00+05:30,200.0187726828613,200.81884777359275,199.21869759212987,200.0187726828613,100,24600,CE,2024-01-09,0.14
2024-01-04 10:00:00+05:30,126.29266368997429,126.79783434473418,125.7874930352144,126.29266368997429,100,24600,PE,2024-01-09,0.14
2024-01-04 10:01:00+05:30,197.72708472492974,198.51799306382946,196.93617638603,197.72708472492974,100,24600,CE,2024-01-09,0.14
2024-01-04 10:01:00+05:30,128.58435164790586,129.0986890544975,128.07001424131423,128.58435164790586,100,24600,PE,2024-01-09,0.14
2024-01-04 10:02:00+05:30,188.0124904362097,188.76454039795453,187.26044047446487,188.0124904362097,100,24600,CE,2024-01-09,0.14
2024-01-04 10:02:00+05:30,138.2989459366259,138.8521417203724,137.7457501528794,138.2989459366259,100,24600,PE,2024-01-09,0.14
2024-01-04 10:03:00+05:30,183.1715714507323,183.90425773653524,182.43888516492936,183.1715714507323,100,24600,CE,2024-01-09,0.14
2024-01-04 10:03:00+05:30,143.1398649221033,143.71242438179172,142.56730546241488,143.1398649221033,100,24600,PE,2024-01-09,0.14
2024-01-04 10:04:00+05:30,184.33105300045878,185.0683772124606,183.59372878845696,184.33105300045878,100,24600,CE,2024-01-09,0.14
2024-01-04 10:04:00+05:30,141.98038337237682,142.54830490586633,141.4124618388873,141.98038337237682,100,24600,PE,2024-01-09,0.14
2024-01-04 10:05:00+05:30,187.63191220239656,188.38243985120616,186.88138455358697,187.63191220239656,100,24600,CE,2024-01-09,0.14
2024-01-04 10:05:00+05:30,138.67952417043904,139.2342422671208,138.12480607375727,138.67952417043904,100,24600,PE,2024-01-09,0.14
2024-01-04 10:06:00+05:30,179.504296803822,180.22231399103728,178.78627961660672,179.504296803822,100,24600,CE,2024-01-09,0.14
2024-01-04 10:06:00+05:30,146.8071395690136,147.39436812728965,146.21991101073755,146.8071395690136,100,24600,PE,2024-01-09,0.14
2024-01-04 10:07:00+05:30,173.0851238073888,173.77746430261837,172.39278331215925,173.0851238073888,100,24600,CE,2024-01-09,0.14
2024-01-04 10:07:00+05:30,153.2263125654468,153.83921781570857,152.61340731518501,153.2263125654468,100,24600,PE,2024-01-09,0.14
2024-01-04 10:08:00+05:30,173.34444104475602,174.03781880893504,172.651063280577,173.34444104475602,100,24600,CE,2024-01-09,0.14
2024-01-04 10:08:00+05:30,152.96699532807958,153.5788633093919,152.35512734676726,152.96699532807958,100,24600,PE,2024-01-09,0.14
2024-01-04 10:09:00+05:30,161.02853288134844,161.67264701287382,160.38441874982306,161.02853288134844,100,24600,CE,2024-01-09,0.14
2024-01-04 10:09:00+05:30,165.28290349148716,165.9440351054531,164.6217718775212,165.28290349148716,100,24600,PE,2024-01-09,0.14
2024-01-04 10:10:00+05:30,163.5179163750459,164.1719880405461,162.8638447095457,163.5179163750459,100,24600,CE,2024-01-09,0.14
2024-01-04 10:10:00+05:30,162.7935199977897,163.44469407778087,162.14234591779854,162.7935199977897,100,24600,PE,2024-01-09,0.14
2024-01-04 10:11:00+05:30,167.80138110136846,168.47258662577394,167.13017557696298,167.80138110136846,100,24600,CE,2024-01-09,0.14
2024-01-04 10:11:00+05:30,158.51005527146714,159.14409549255302,157.87601505038126,158.51005527146714,100,24600,PE,2024-01-09,0.14
2024-01-04 10:12:00+05:30,157.00191692329332,157.6299245909865,156.37390925560015,157.00191692329332,100,24600,CE,2024-01-09,0.14
2024-01-04 10:12:00+05:30,169.30951944954228,169.98675752734044,168.6322813717441,169.30951944954228,100,24600,PE,2024-01-09,0.14
2024-01-04 10:13:00+05:30,160.3008187918827,160.94202206705023,159.65961551671518,160.3008187918827,100,24600,CE,2024-01-09,0.14
2024-01-04 10:13:00+05:30,166.0106175809529,166.6746600512767,165.3465751106291,166.0106175809529,100,24600,PE,2024-01-09,0.14
2024-01-04 10:14:00+05:30,159.99925796318217,160.6392549950349,159.35926093132946,159.99925796318217,100,24600,CE,2024-01-09,0.14
2024-01-04 10:14:00+05:30,166.31217840965343,166.97742712329205,165.6469296960148,166.31217840965343,100,24600,PE,2024-01-09,0.14
2024-01-04 10:15:00+05:30,165.75933961720926,166.4223769756781,165.09630225874042,165.75933961720926,100,24600,CE,2024-01-09,0.14
2024-01-04 10:15:00+05:30,160.55209675562634,161.19430514264883,159.90988836860384,160.55209675562634,100,24600,PE,2024-01-09,0.14
2024-01-04 10:16:00+05:30,167.25498680873767,167.9240067559726,166.58596686150273,167.25498680873767,100,24600,CE,2024-01-09,0.14
2024-01-04 10:16:00+05:30,159.05644956409793,159.69267536235432,158.42022376584154,159.05644956409793,100,24600,PE,2024-01-09,0.14
2024-01-04 10:17:00+05:30,166.80148159787547,167.46868752426695,166.13427567148398,166.80148159787547,100,24600,CE,2024-01-09,0.14
2024-01-04 10:17:00+05:30,159.50995477496014,160.14799459405998,158.8719149558603,159.50995477496014,100,24600,PE,2024-01-09,0.14
2024-01-04 10:18:00+05:30,167.70477054414602,168.3755896263226,167.03395146196942,167.70477054414602,100,24600,CE,2024-01-09,0.14
2024-01-04 10:18:00+05:30,158.6066658286896,159.24109249200436,157.97223916537482,158.6066658286896,100,24600,PE,2024-01-09,0.14
2024-01-04 10:19:00+05:30,171.6944836062708,172.3812615406959,171.0077056718457,171.6944836062708,100,24600,CE,2024-01-09,0.14
2024-01-04 10:19:00+05:30,154.6169527665648,155.23542057763106,153.99848495549853,154.6169527665648,100,24600,PE,2024-01-09,0.14
2024-01-04 10:20:00+05:30,172.87506697311125,173.5665672410037,172.1835667052188,172.87506697311125,100,24600,CE,2024-01-09,0.14
2024-01-04 10:20:00+05:30,153.43636939972436,154.05011487732327,152.82262392212544,153.43636939972436,100,24600,PE,2024-01-09,0.14
2024-01-04 10:21:00+05:30,173.4989712120028,174.19296709685082,172.80497532715478,173.4989712120028,100,24600,CE,2024-01-09,0.14
2024-01-04 10:21:00+05:30,152.8124651608328,153.42371502147614,152.20121530018946,152.8124651608328,100,24600,PE,2024-01-09,0.14
2024-01-04 10:22:00+05:30,168.55160334213411,169.22580975550264,167.8773969287656,168.55160334213411,100,24600,CE,2024-01-09,0.14
2024-01-04 10:22:00+05:30,157.7598330307015,158.3908723628243,157.12879369857868,157.7598330307015,100,24600,PE,2024-01-09,0.14
2024-01-04 10:23:00+05:30,170.85039929434657,171.53380089152395,170.1669976971692,170.85039929434657,100,24600,CE,2024-01-09,0.14
2024-01-04 10:23:00+05:30,155.46103707848903,156.08288122680298,154.83919293017507,155.46103707848903,100,24600,PE,2024-01-09,0.14
2024-01-04 10:24:00+05:30,171.45453803133074,172.14035618345608,170.7687198792054,171.45453803133074,100,24600,CE,2024-01-09,0.14
2024-01-04 10:24:00+05:30,154.85689834150486,155.47632593487089,154.23747074813883,154.85689834150486,100,24600,PE,2024-01-09,0.14
2024-01-04 10:25:00+05:30,178.863634568716,179.57908910699086,178.14818003044115,178.863634568716,100,24600,CE,2024-01-09,0.14
2024-01-04 10:25:00+05:30,147.4478018041196,148.03759301133607,146.8580105969031,147.4478018041196,100,24600,PE,2024-01-09,0.14
2024-01-04 10:26:00+05:30,179.31411994971546,180.03137642951432,178.5968634699166,179.31411994971546,100,24600,CE,2024-01-09,0.14
2024-01-04 10:26:00+05:30,146.99731642312014,147.5853056888126,146.40932715742767,146.99731642312014,100,24600,PE,2024-01-09,0.14
2024-01-04 10:27:00+05:30,179.4913912871985,180.2093568523473,178.7734257220497,179.4913912871985,100,24600,CE,2024-01-09,0.14
2024-01-04 10:27:00+05:30,146.8200450856371,147.40732526597967,146.23276490529454,146.8200450856371,100,24600,PE,2024-01-09,0.14
2024-01-04 10:28:00+05:30,177.64446767951137,178.35504555022942,176.9338898087933,177.64446767951137,100,24600,CE,2024-01-09,0.14
2024-01-04 10:28:00+05:30,148.66696869332424,149.26163656809754,148.07230081855093,148.66696869332424,100,24600,PE,2024-01-09,0.14
2024-01-04 10:29:00+05:30,180.87546264589633,181.5989644964799,180.15196079531276,180.87546264589633,100,24600,CE,2024-01-09,0.14
2024-01-04 10:29:00+05:30,145.43597372693927,146.01771762184703,144.8542298320315,145.43597372693927,100,24600,PE,2024-01-09,0.14
2024-01-04 10:30:00+05:30,180.6231519891449,181.34564459710148,179.90065938118832,180.6231519891449,100,24600,CE,2024-01-09,0.14
2024-01-04 10:30:00+05:30,145.6882843836907,146.27103752122545,145.10553124615595,145.6882843836907,100,24600,PE,2024-01-09,0.14
2024-01-04 10:31:00+05:30,178.49172744720505,179.20569435699386,177.77776053741624,178.49172744720505,100,24600,CE,2024-01-09,0.14
2024-01-04 10:31:00+05:30,147.81970892563055,148.41098776133308,147.22843008992803,147.81970892563055,100,24600,PE,2024-01-09,0.14
2024-01-04 10:32:00+05:30,185.03660031461237,185.77674671587081,184.29645391335393,185.03660031461237,100,24600,CE,2024-01-09,0.14
2024-01-04 10:32:00+05:30,141.27483605822323,141.83993540245612,140.70973671399034,141.27483605822323,100,24600,PE,2024-01-09,0.14
2024-01-04 10:33:00+05:30,192.25668860897036,193.02571536340625,191.48766185453448,192.25668860897036,100,24600,CE,2024-01-09,0.14
2024-01-04 10:33:00+05:30,134.05474776386524,134.5909667549207,133.5185287728098,134.05474776386524,100,24600,PE,2024-01-09,0.14
2024-01-04 10:34:00+05:30,191.07944280977114,191.84376058101023,190.31512503853205,191.07944280977114,100,24600,CE,2024-01-09,0.14
2024-01-04 10:34:00+05:30,135.23199356306446,135.77292153731673,134.6910655888122,135.23199356306446,100,24600,PE,2024-01-09,0.14
2024-01-04 10:35:00+05:30,187.75703499352545,188.50806313349955,187.00600685355136,187.75703499352545,100,24600,CE,2024-01-09,0.14
2024-01-04 10:35:00+05:30,138.55440137931015,139.1086189848274,138.0001837737929,138.55440137931015,100,24600,PE,2024-01-09,0.14
2024-01-04 10:36:00+05:30,192.53113713840554,193.30126168695915,191.76101258985193,192.53113713840554,100,24600,CE,2024-01-09,0.14
2024-01-04 10:36:00+05:30,133.78029923443006,134.31542043136778,133.24517803749234,133.78029923443006,100,24600,PE,2024-01-09,0.14
2024-01-04 10:37:00+05:30,189.9245184891211,190.6842165630776,189.16482041516463,189.9245184891211,100,24600,CE,2024-01-09,0.14
2024-01-04 10:37:00+05:30,136.3869178837145,136.93246555524934,135.84137021217964,136.3869178837145,100,24600,PE,2024-01-09,0.14
2024-01-04 10:38:00+05:30,201.08204465078467,201.8863728293878,200.27771647218154,201.08204465078467,100,24600,CE,2024-01-09,0.14
2024-01-04 10:38:00+05:30,125.22939172205093,125.73030928893914,124.72847415516273,125.22939172205093,100,24600,PE,2024-01-09,0.14
2024-01-04 10:39:00+05:30,201.110508670829,201.91495070551233,200.3060666361457,201.110508670829,100,24600,CE,2024-01-09,0.14
2024-01-04 10:39:00+05:30,125.2009277020066,125.70173141281462,124.70012399119857,125.2009277020066,100,24600,PE,2024-01-09,0.14
2024-01-04 10:40:00+05:30,205.27483875122067,206.09593810622556,204.45373939621578,205.27483875122067,100,24600,CE,2024-01-09,0.14
2024-01-04 10:40:00+05:30,121.03659762161493,121.52074401210139,120.55245123112847,121.03659762161493,100,24600,PE,2024-01-09,0.14
2024-01-04 10:41:00+05:30,200.93781271037966,201.74156396122117,200.13406145953815,200.93781271037966,100,24600,CE,2024-01-09,0.14
2024-01-04 10:41:00+05:30,125.37362366245594,125.87511815710576,124.87212916780612,125.37362366245594,100,24600,PE,2024-01-09,0.14
2024-01-04 10:42:00+05:30,201.35219330389424,202.15760207710983,200.54678453067865,201.35219330389424,100,24600,CE,2024-01-09,0.14
2024-01-04 10:42:00+05:30,124.95924306894136,125.45908004121713,124.45940609666559,124.95924306894136,100,24600,PE,2024-01-09,0.14
2024-01-04 10:43:00+05:30,206.01489711840492,206.83895670687855,205.1908375299313,206.01489711840492,100,24600,CE,2024-01-09,0.14
2024-01-04 10:43:00+05:30,120.29653925443068,120.7777254114484,119.81535309741297,120.29653925443068,100,24600,PE,2024-01-09,0.14
2024-01-04 10:44:00+05:30,208.22036992675254,209.05325140645954,207.38748844704554,208.22036992675254,100,24600,CE,2024-01-09,0.14
2024-01-04 10:44:00+05:30,118.09106644608306,118.5634307118674,117.61870218029873,118.09106644608306,100,24600,PE,2024-01-09,0.14
2024-01-04 10:45:00+05:30,206.7506959286789,207.5776987123936,205.9236931449642,206.7506959286789,100,24600,CE,2024-01-09,0.14
2024-01-04 10:45:00+05:30,119.56074044415669,120.03898340593332,119.08249748238006,119.56074044415669,100,24600,PE,2024-01-09,0.14
2024-01-04 10:46:00+05:30,216.53925174359262,217.40540875056698,215.67309473661825,216.53925174359262,100,24600,CE,2024-01-09,0.14
2024-01-04 10:46:00+05:30,109.77218462924299,110.21127336775996,109.33309589072601,109.77218462924299,100,24600,PE,2024-01-09,0.14
2024-01-04 10:47:00+05:30,219.87728810035384,220.75679725275526,218.9977789479524,219.87728810035384,100,24600,CE,2024-01-09,0.14
2024-01-04 10:47:00+05:30,106.43414827248176,106.85988486557169,106.00841167939184,106.43414827248176,100,24600,PE,2024-01-09,0.14
2024-01-04 10:48:00+05:30,219.573750636841,220.45204563938836,218.69545563429364,219.573750636841,100,24600,CE,2024-01-09,0.14
2024-01-04 10:48:00+05:30,106.7376857359946,107.16463647893858,106.31073499305063,106.7376857359946,100,24600,PE,2024-01-09,0.14
2024-01-04 10:49:00+05:30,217.85684092021853,218.7282682838994,216.98541355653765,217.85684092021853,100,24600,CE,2024-01-09,0.14
2024-01-04 10:49:00+05:30,108.45459545261707,108.88841383442754,108.0207770708066,108.45459545261707,100,24600,PE,2024-01-09,0.14
2024-01-04 10:50:00+05:30,217.40069673091836,218.27029951784203,216.53109394399468,217.40069673091836,100,24600,CE,2024-01-09,0.14
2024-01-04 10:50:00+05:30,108.91073964191725,109.34638260048492,108.47509668334958,108.91073964191725,100,24600,PE,2024-01-09,0.14
2024-01-04 10:51:00+05:30,223.04968305234485,223.94188178455423,222.15748432013547,223.04968305234485,100,24600,CE,2024-01-09,0.14
2024-01-04 10:51:00+05:30,103.26175332049075,103.67480033377272,102.84870630720879,103.26175332049075,100,24600,PE,2024-01-09,0.14
2024-01-04 10:52:00+05:30,220.705984006871,221.58880794289848,219.82316007084353,220.705984006871,100,24600,CE,2024-01-09,0.14
2024-01-04 10:52:00+05:30,105.6054523659646,106.02787417542845,105.18303055650074,105.6054523659646,100,24600,PE,2024-01-09,0.14
2024-01-04 10:53:00+05:30,221.3919458852402,222.27751366878115,220.50637810169926,221.3919458852402,100,24600,CE,2024-01-09,0.14
2024-01-04 10:53:00+05:30,104.9194904875954,105.33916844954578,104.49981252564501,104.9194904875954,100,24600,PE,2024-01-09,0.14
2024-01-04 10:54:00+05:30,218.866727182744,219.74219409147497,217.99126027401303,218.866727182744,100,24600,CE,2024-01-09,0.14
2024-01-04 10:54:00+05:30,107.4447091900916,107.87448802685196,107.01493035333124,107.4447091900916,100,24600,PE,2024-01-09,0.14
2024-01-04 10:55:00+05:30,224.15657713274646,225.05320344127745,223.25995082421548,224.15657713274646,100,24600,CE,2024-01-09,0.14
2024-01-04 10:55:00+05:30,102.15485924008914,102.56347867704949,101.74623980312879,102.15485924008914,100,24600,PE,2024-01-09,0.14
2024-01-04 10:56:00+05:30,224.10898800365663,225.00542395567126,223.212552051642,224.10898800365663,100,24600,CE,2024-01-09,0.14
2024-01-04 10:56:00+05:30,102.20244836917897,102.61125816265569,101.79363857570225,102.20244836917897,100,24600,PE,2024-01-09,0.14
2024-01-04 10:57:00+05:30,227.92360255023283,228.83529696043377,227.0119081400319,227.92360255023283,100,24600,CE,2024-01-09,0.14
2024-01-04 10:57:00+05:30,98.38783382260277,98.78138515789318,97.99428248731236,98.38783382260277,100,24600,PE,2024-01-09,0.14
2024-01-04 10:58:00+05:30,230.62732095809457,231.54983024192694,229.7048116742622,230.62732095809457,100,24600,CE,2024-01-09,0.14
2024-01-04 10:58:00+05:30,95.68411541474103,96.0668518764,95.30137895308206,95.68411541474103,100,24600,PE,2024-01-09,0.14
2024-01-04 10:59:00+05:30,229.00766896152032,229.9236996373664,228.09163828567424,229.00766896152032,100,24600,CE,2024-01-09,0.14
2024-01-04 10:59:00+05:30,97.30376741131528,97.69298248096054,96.91455234167002,97.30376741131528,100,24600,PE,2024-01-09,0.14
2024-01-04 11:00:00+05:30,232.21471128757418,233.14357013272448,231.28585244242387,232.21471128757418,100,24600,CE,2024-01-09,0.14
2024-01-04 11:00:00+05:30,94.09672508526143,94.47311198560247,93.72033818492038,94.09672508526143,100,24600,PE,2024-01-09,0.14
2024-01-04 11:01:00+05:30,236.32403257472703,237.26932870502594,235.3787364444281,236.32403257472703,100,24600,CE,2024-01-09,0.14
2024-01-04 11:01:00+05:30,89.98740379810857,90.34735341330101,89.62745418291614,89.98740379810857,100,24600,PE,2024-01-09,0.14
2024-01-04 11:02:00+05:30,232.57107955769112,233.5013638759219,231.64079523946035,232.57107955769112,100,24600,CE,2024-01-09,0.14
2024-01-04 11:02:00+05:30,93.74035681514448,94.11531824240505,93.36539538788391,93.74035681514448,100,24600,PE,2024-01-09,0.14
2024-01-04 11:03:00+05:30,235.79093288136625,236.7340966128917,234.8477691498408,235.79093288136625,100,24600,CE,2024-01-09,0.14
2024-01-04 11:03:00+05:30,90.52050349146936,90.88258550543523,90.15842147750348,90.52050349146936,100,24600,PE,2024-01-09,0.14
2024-01-04 11:04:00+05:30,249.77428837819258,250.77338553170534,248.77519122467982,249.77428837819258,100,24600,CE,2024-01-09,0.14
2024-01-04 11:04:00+05:30,76.53714799464302,76.84329658662159,76.23099940266445,76.53714799464302,100,24600,PE,2024-01-09,0.14
2024-01-04 11:05:00+05:30,249.22578536324778,250.22268850470078,248.22888222179478,249.22578536324778,100,24600,CE,2024-01-09,0.14
2024-01-04 11:05:00+05:30,77.08565100958782,77.39399361362618,76.77730840554946,77.08565100958782,100,24600,PE,2024-01-09,0.14
2024-01-04 11:06:00+05:30,252.20734520677667,253.21617458760377,251.19851582594956,252.20734520677667,100,24600,CE,2024-01-09,0.14
2024-01-04 11:06:00+05:30,74.10409116605894,74.40050753072317,73.8076748013947,74.10409116605894,100,24600,PE,2024-01-09,0.14
2024-01-04 11:07:00+05:30,247.74597704712738,248.73696095531588,246.7549931389389,247.74597704712738,100,24600,CE,2024-01-09,0.14
2024-01-04 11:07:00+05:30,78.56545932570822,78.87972116301106,78.25119748840538,78.56545932570822,100,24600,PE,2024-01-09,0.14
2024-01-04 11:08:00+05:30,250.05361355146903,251.05382800567492,249.05339909726314,250.05361355146903,100,24600,CE,2024-01-09,0.14
2024-01-04 11:08:00+05:30,76.25782282136657,76.56285411265205,75.9527915300811,76.25782282136657,100,24600,PE,2024-01-09,0.14
2024-01-04 11:09:00+05:30,248.40682046738453,249.40044774925408,247.41319318551498,248.40682046738453,100,24600,CE,2024-01-09,0.14
2024-01-04 11:09:00+05:30,77.90461590545107,78.21623436907286,77.59299744182927,77.90461590545107,100,24600,PE,2024-01-09,0.14
2024-01-04 11:10:00+05:30,251.87487404933614,252.88237354553348,250.8673745531388,251.87487404933614,100,24600,CE,2024-01-09,0.14
2024-01-04 11:10:00+05:30,74.43656232349946,74.73430857279345,74.13881607420547,74.43656232349946,100,24600,PE,2024-01-09,0.14
2024-01-04 11:11:00+05:30,252.25605114063052,253.26507534519305,251.24702693606798,252.25605114063052,100,24600,CE,2024-01-09,0.14
2024-01-04 11:11:00+05:30,74.05538523220508,74.35160677313391,73.75916369127626,74.05538523220508,100,24600,PE,2024-01-09,0.14
2024-01-04 11:12:00+05:30,248.38754142095473,249.38109158663855,247.39399125527092,248.38754142095473,100,24600,CE,2024-01-09,0.14
2024-01-04 11:12:00+05:30,77.92389495188087,78.23559053168839,77.61219937207335,77.92389495188087,100,24600,PE,2024-01-09,0.14
2024-01-04 11:13:00+05:30,253.11388724168916,254.1263427906559,252.1014316927224,253.11388724168916,100,24600,CE,2024-01-09,0.14
2024-01-04 11:13:00+05:30,73.19754913114645,73.49033932767104,72.90475893462185,73.19754913114645,100,24600,PE,2024-01-09,0.14
2024-01-04 11:14:00+05:30,252.87190436960606,253.88339198708448,251.86041675212763,252.87190436960606,100,24600,CE,2024-01-09,0.14
2024-01-04 11:14:00+05:30,73.43953200322954,73.73329013124247,73.14577387521662,73.43953200322954,100,24600,PE,2024-01-09,0.14
2024-01-04 11:15:00+05:30,249.61229256962957,250.6107417399081,248.61384339935105,249.61229256962957,100,24600,CE,2024-01-09,0.14
2024-01-04 11:15:00+05:30,76.69914380320603,77.00594037841886,76.3923472279932,76.69914380320603,100,24600,PE,2024-01-09,0.14
2024-01-04 11:16:00+05:30,250.43610036319166,251.4378447646444,249.4343559617389,250.43610036319166,100,24600,CE,2024-01-09,0.14
2024-01-04 11:16:00+05:30,75.87533600964395,76.17883735368252,75.57183466560537,75.87533600964395,100,24600,PE,2024-01-09,0.14
2024-01-04 11:17:00+05:30,247.36019466213344,248.34963544078198,246.3707538834849,247.36019466213344,100,24600,CE,2024-01-09,0.14
2024-01-04 11:17:00+05:30,78.95124171070216,79.26704667754497,78.63543674385936,78.95124171070216,100,24600,PE,2024-01-09,0.14
2024-01-04 11:18:00+05:30,249.42838405429262,250.42609759050978,248.43067051807546,249.42838405429262,100,24600,CE,2024-01-09,0.14
2024-01-04 11:18:00+05:30,76.88305231854298,77.19058452781715,76.57552010926881,76.88305231854298,100,24600,PE,2024-01-09,0.14
2024-01-04 11:19:00+05:30,249.762955686078,250.7620075088223,248.76390386333367,249.762955686078,100,24600,CE,2024-01-09,0.14
2024-01-04 11:19:00+05:30,76.54848068675761,76.85467460950464,76.24228676401059,76.54848068675761,100,24600,PE,2024-01-09,0.14
2024-01-04 11:20:00+05:30,248.9374487201208,249.9331985150013,247.94169892524033,248.9374487201208,100,24600,CE,2024-01-09,0.14
2024-01-04 11:20:00+05:30,77.37398765271479,77.68348360332564,77.06449170210394,77.37398765271479,100,24600,PE,2024-01-09,0.14
2024-01-04 11:21:00+05:30,252.03181657519104,253.0399438414918,251.02368930889028,252.03181657519104,100,24600,CE,2024-01-09,0.14
2024-01-04 11:21:00+05:30,74.27961979764456,74.57673827683513,73.98250131845398,74.27961979764456,100,24600,PE,2024-01-09,0.14
2024-01-04 11:22:00+05:30,247.7773930771096,248.76850264941802,246.78628350480116,247.7773930771096,100,24600,CE,2024-01-09,0.14
2024-01-04 11:22:00+05:30,78.53404329572601,78.84817946890891,78.2199071225431,78.53404329572601,100,24600,PE,2024-01-09,0.14
2024-01-04 11:23:00+05:30,252.02618984999623,253.03429460939623,251.01808509059623,252.02618984999623,100,24600,CE,2024-01-09,0.14
2024-01-04 11:23:00+05:30,74.28524652283937,74.58238750893074,73.98810553674801,74.28524652283937,100,24600,PE,2024-01-09,0.14
2024-01-04 11:24:00+05:30,245.02021178711271,246.00029263426117,244.04013093996426,245.02021178711271,100,24600,CE,2024-01-09,0.14
2024-01-04 11:24:00+05:30,81.29122458572289,81.61638948406578,80.96605968738,81.29122458572289,100,24600,PE,2024-01-09,0.14
2024-01-04 11:25:00+05:30,251.6725930934868,252.67928346586075,250.66590272111284,251.6725930934868,100,24600,CE,2024-01-09,0.14
2024-01-04 11:25:00+05:30,74.6388432793488,74.9373986524662,74.34028790623141,74.6388432793488,100,24600,PE,2024-01-09,0.14
2024-01-04 11:26:00+05:30,252.93530945703475,253.9470506948629,251.9235682192066,252.93530945703475,100,24600,CE,2024-01-09,0.14
2024-01-04 11:26:00+05:30,73.37612691580085,73.66963142346405,73.08262240813765,73.37612691580085,100,24600,PE,2024-01-09,0.14
2024-01-04 11:27:00+05:30,252.51222788438514,253.5222767959227,251.5021789728476,252.51222788438514,100,24600,CE,2024-01-09,0.14
2024-01-04 11:27:00+05:30,73.79920848845046,74.09440532240426,73.50401165449667,73.79920848845046,100,24600,PE,2024-01-09,0.14
2024-01-04 11:28:00+05:30,250.3032627650378,251.30447581609795,249.30204971397765,250.3032627650378,100,24600,CE,2024-01-09,0.14
2024-01-04 11:28:00+05:30,76.0081736077978,76.31220630222899,75.70414091336661,76.0081736077978,100,24600,PE,2024-01-09,0.14
2024-01-04 11:29:00+05:30,252.949357235239,253.96115466417996,251.93755980629805,252.949357235239,100,24600,CE,2024-01-09,0.14
2024-01-04 11:29:00+05:30,73.3620791375966,73.65552745414698,73.06863082104621,73.3620791375966,100,24600,PE,2024-01-09,0.14
2024-01-04 11:30:00+05:30,252.9205548848591,253.93223710439852,251.90887266531965,252.9205548848591,100,24600,CE,2024-01-09,0.14
2024-01-04 11:30:00+05:30,73.39088148797651,73.68444501392842,73.0973179620246,73.39088148797651,100,24600,PE,2024-01-09,0.14
2024-01-04 11:31:00+05:30,252.822321336475,253.8336106218209,251.8110320511291,252.822321336475,100,24600,CE,2024-01-09,0.14
2024-01-04 11:31:00+05:30,73.4891150363606,73.78307149650604,73.19515857621516,73.4891150363606,100,24600,PE,2024-01-09,0.14
2024-01-04 11:32:00+05:30,257.3045118247688,258.33372987206786,256.2752937774697,257.3045118247688,100,24600,CE,2024-01-09,0.14
2024-01-04 11:32:00+05:30,69.00692454806682,69.28295224625909,68.73089684987455,69.00692454806682,100,24600,PE,2024-01-09,0.14
2024-01-04 11:33:00+05:30,256.23655451616884,257.2615007342335,255.21160829810415,256.23655451616884,100,24600,CE,2024-01-09,0.14
2024-01-04 11:33:00+05:30,70.07488185666676,70.35518138409343,69.7945823292401,70.07488185666676,100,24600,PE,2024-01-09,0.14
2024-01-04 11:34:00+05:30,255.91814986148944,256.9418224609354,254.8944772620435,255.91814986148944,100,24600,CE,2024-01-09,0.14
2024-01-04 11:34:00+05:30,70.39328651134616,70.67485965739155,70.11171336530077,70.39328651134616,100,24600,PE,2024-01-09,0.14
2024-01-04 11:35:00+05:30,258.1203663246402,259.1528477899388,257.0878848593416,258.1203663246402,100,24600,CE,2024-01-09,0.14
2024-01-04 11:35:00+05:30,68.1910700481954,68.46383432838819,67.91830576800261,68.1910700481954,100,24600,PE,2024-01-09,0.14
2024-01-04 11:36:00+05:30,262.75859033804096,263.8096246993931,261.7075559766888,262.75859033804096,100,24600,CE,2024-01-09,0.14
2024-01-04 11:36:00+05:30,63.55284603479464,63.807057418933816,63.298634650655465,63.55284603479464,100,24600,PE,2024-01-09,0.14
2024-01-04 11:37:00+05:30,262.7659715941268,263.8170354805033,261.71490770775034,262.7659715941268,100,24600,CE,2024-01-09,0.14
2024-01-04 11:37:00+05:30,63.54546477870878,63.799646637823614,63.29128291959394,63.54546477870878,100,24600,PE,2024-01-09,0.14
2024-01-04 11:38:00+05:30,263.94638779101894,265.002173342183,262.89060223985484,263.94638779101894,100,24600,CE,2024-01-09,0.14
2024-01-04 11:38:00+05:30,62.365048581816666,62.614508776143936,62.115588387489396,62.365048581816666,100,24600,PE,2024-01-09,0.14
2024-01-04 11:39:00+05:30,264.6970557753744,265.7558439984759,263.6382675522729,264.6970557753744,100,24600,CE,2024-01-09,0.14
2024-01-04 11:39:00+05:30,61.614380597461206,61.86083811985105,61.36792307507136,61.614380597461206,100,24600,PE,2024-01-09,0.14
2024-01-04 11:40:00+05:30,268.0873965766155,269.159746162922,267.01504699030903,268.0873965766155,100,24600,CE,2024-01-09,0.14
2024-01-04 11:40:00+05:30,58.2240397962201,58.45693595540498,57.991143637035215,58.2240397962201,100,24600,PE,2024-01-09,0.14
2024-01-04 11:41:00+05:30,274.31038312618017,275.4076246586849,273.21314159367546,274.31038312618017,100,24600,CE,2024-01-09,0.14
2024-01-04 11:41:00+05:30,52.00105324665543,52.209057459642054,51.79304903366881,52.00105324665543,100,24600,PE,2024-01-09,0.14
2024-01-04 11:42:00+05:30,271.346111902642,272.4314963502526,270.26072745503143,271.346111902642,100,24600,CE,2024-01-09,0.14
2024-01-04 11:42:00+05:30,54.96532447019359,55.18518576807437,54.74546317231282,54.96532447019359,100,24600,PE,2024-01-09,0.14
2024-01-04 11:43:00+05:30,271.4163584099811,272.50202384362103,270.3306929763412,271.4163584099811,100,24600,CE,2024-01-09,0.14
2024-01-04 11:43:00+05:30,54.89507796285449,55.1146582747059,54.67549765100307,54.89507796285449,100,24600,PE,2024-01-09,0.14
2024-01-04 11:44:00+05:30,271.8137297003455,272.90098461914687,270.72647478154414,271.8137297003455,100,24600,CE,2024-01-09,0.14
2024-01-04 11:44:00+05:30,54.4977066724901,54.71569749918006,54.27971584580013,54.4977066724901,100,24600,PE,2024-01-09,0.14
2024-01-04 11:45:00+05:30,274.62582068721036,275.7243239699592,273.52731740446154,274.62582068721036,100,24600,CE,2024-01-09,0.14
2024-01-04 11:45:00+05:30,51.68561568562524,51.89235814836774,51.47887322288273,51.68561568562524,100,24600,PE,2024-01-09,0.14
2024-01-04 11:46:00+05:30,280.88946103132054,282.0130188754458,279.76590318719525,280.88946103132054,100,24600,CE,2024-01-09,0.14
2024-01-04 11:46:00+05:30,45.421975341515065,45.603663242881126,45.240287440149004,45.421975341515065,100,24600,PE,2024-01-09,0.14
2024-01-04 11:47:00+05:30,281.4007946046318,282.52639778305036,280.27519142621327,281.4007946046318,100,24600,CE,2024-01-09,0.14
2024-01-04 11:47:00+05:30,44.91064176820379,45.09028433527661,44.73099920113097,44.91064176820379,100,24600,PE,2024-01-09,0.14
2024-01-04 11:48:00+05:30,282.7829524409595,283.9140842507233,281.6518206311957,282.7829524409595,100,24600,CE,2024-01-09,0.14
2024-01-04 11:48:00+05:30,43.52848393187611,43.702597867603615,43.354369996148606,43.52848393187611,100,24600,PE,2024-01-09,0.14
2024-01-04 11:49:00+05:30,287.64917275519343,288.7997694462142,286.49857606417265,287.64917275519343,100,24600,CE,2024-01-09,0.14
2024-01-04 11:49:00+05:30,38.66226361764217,38.816912672112736,38.5076145631716,38.66226361764217,100,24600,PE,2024-01-09,0.14
2024-01-04 11:50:00+05:30,283.5055090261199,284.63953106222436,282.37148699001546,283.5055090261199,100,24600,CE,2024-01-09,0.14
2024-01-04 11:50:00+05:30,42.80592734671569,42.97715105610256,42.634703637328826,42.80592734671569,100,24600,PE,2024-01-09,0.14
2024-01-04 11:51:00+05:30,281.1600562232639,282.284696448157,280.0354159983708,281.1600562232639,100,24600,CE,2024-01-09,0.14
2024-01-04 11:51:00+05:30,45.15138014957171,45.33198567016999,44.97077462897342,45.15138014957171,100,24600,PE,2024-01-09,0.14
2024-01-04 11:52:00+05:30,280.0240141562104,281.14411021283524,278.90391809958555,280.0240141562104,100,24600,CE,2024-01-09,0.14
2024-01-04 11:52:00+05:30,46.2874222166252,46.472571905491705,46.1022725277587,46.2874222166252,100,24600,PE,2024-01-09,0.14
2024-01-04 11:53:00+05:30,280.56843597908716,281.6907097230035,279.4461622351708,280.56843597908716,100,24600,CE,2024-01-09,0.14
2024-01-04 11:53:00+05:30,45.743000393748446,45.92597239532344,45.56002839217345,45.743000393748446,100,24600,PE,2024-01-09,0.14
2024-01-04 11:54:00+05:30,282.0119015931237,283.1399491994962,280.8838539867512,282.0119015931237,100,24600,CE,2024-01-09,0.14
2024-01-04 11:54:00+05:30,44.299534779711905,44.476732918830756,44.122336640593055,44.299534779711905,100,24600,PE,2024-01-09,0.14
2024-01-04 11:55:00+05:30,280.6134082560225,281.7358618890466,279.49095462299846,280.6134082560225,100,24600,CE,2024-01-09,0.14
2024-01-04 11:55:00+05:30,45.69802811681308,45.88082022928033,45.51523600434582,45.69802811681308,100,24600,PE,2024-01-09,0.14
2024-01-04 11:56:00+05:30,287.83288924142886,288.9842207983946,286.68155768446314,287.83288924142886,100,24600,CE,2024-01-09,0.14
2024-01-04 11:56:00+05:30,38.47854713140674,38.63246131993237,38.32463294288112,38.47854713140674,100,24600,PE,2024-01-09,0.14
2024-01-04 11:57:00+05:30,285.7190770063922,286.86195331441775,284.5762006983666,285.7190770063922,100,24600,CE,2024-01-09,0.14
2024-01-04 11:57:00+05:30,40.59235936644342,40.754728803909195,40.42998992897764,40.59235936644342,100,24600,PE,2024-01-09,0.14
2024-01-04 11:58:00+05:30,285.51657808113174,286.65864439345626,284.3745117688072,285.51657808113174,100,24600,CE,2024-01-09,0.14
2024-01-04 11:58:00+05:30,40.79485829170386,40.95803772487068,40.63167885853704,40.79485829170386,100,24600,PE,2024-01-09,0.14
2024-01-04 11:59:00+05:30,290.20500763673095,291.36582766727787,289.04418760618404,290.20500763673095,100,24600,CE,2024-01-09,0.14
2024-01-04 11:59:00+05:30,36.10642873610465,36.250854451049065,35.96200302116023,36.10642873610465,100,24600,PE,2024-01-09,0.14
2024-01-04 12:00:00+05:30,293.7015228711503,294.8763289626349,292.5267167796657,293.7015228711503,100,24600,CE,2024-01-09,0.14
2024-01-04 12:00:00+05:30,32.6099135016853,32.74035315569204,32.479473847678555,32.6099135016853,100,24600,PE,2024-01-09,0.14
2024-01-04 12:01:00+05:30,294.209526305393,295.3863644106146,293.03268820017144,294.209526305393,100,24600,CE,2024-01-09,0.14
2024-01-04 12:01:00+05:30,32.10191006744259,32.23031770771236,31.973502427172818,32.10191006744259,100,24600,PE,2024-01-09,0.14
2024-01-04 12:02:00+05:30,296.1973486273551,297.38213802186453,295.01255923284566,296.1973486273551,100,24600,CE,2024-01-09,0.14
2024-01-04 12:02:00+05:30,30.114087745480504,30.234544096462425,29.993631394498582,30.114087745480504,100,24600,PE,2024-01-09,0.14
2024-01-04 12:03:00+05:30,299.86352417090944,301.0629782675931,298.6640700742258,299.86352417090944,100,24600,CE,2024-01-09,0.14
2024-01-04 12:03:00+05:30,26.447912201926158,26.553703850733864,26.342120553118452,26.447912201926158,100,24600,PE,2024-01-09,0.14
2024-01-04 12:04:00+05:30,300.3717510486991,301.5732380528939,299.1702640445043,300.3717510486991,100,24600,CE,2024-01-09,0.14
2024-01-04 12:04:00+05:30,25.93968532413652,26.043444065433064,25.835926582839974,25.93968532413652,100,24600,PE,2024-01-09,0.14
2024-01-04 12:05:00+05:30,303.38988076125185,304.6034402842969,302.1763212382068,303.38988076125185,100,24600,CE,2024-01-09,0.14
2024-01-04 12:05:00+05:30,22.921555611583756,23.01324183403009,22.82986938913742,22.921555611583756,100,24600,PE,2024-01-09,0.14
2024-01-04 12:06:00+05:30,300.45738727800796,301.65921682711996,299.25555772889595,300.45738727800796,100,24600,CE,2024-01-09,0.14
2024-01-04 12:06:00+05:30,25.854049094827644,25.957465291206955,25.750632898448334,25.854049094827644,100,24600,PE,2024-01-09,0.14
2024-01-04 12:07:00+05:30,301.2741267616498,302.47922326869644,300.0690302546032,301.2741267616498,100,24600,CE,2024-01-09,0.14
2024-01-04 12:07:00+05:30,25.037309611185776,25.13745884963052,24.937160372741033,25.037309611185776,100,24600,PE,2024-01-09,0.14
2024-01-04 12:08:00+05:30,295.57828028430464,296.76059340544185,294.3959671631674,295.57828028430464,100,24600,CE,2024-01-09,0.14
2024-01-04 12:08:00+05:30,30.73315608853096,30.856088712885086,30.610223464176837,30.73315608853096,100,24600,PE,2024-01-09,0.14
2024-01-04 12:09:00+05:30,292.7256208994027,293.89652338300033,291.5547184158051,292.7256208994027,100,24600,CE,2024-01-09,0.14
2024-01-04 12:09:00+05:30,33.58581547343289,33.72015873532662,33.451472211539155,33.58581547343289,100,24600,PE,2024-01-09,0.14
2024-01-04 12:10:00+05:30,288.9194002574682,290.0750778584981,287.76372265643835,288.9194002574682,100,24600,CE,2024-01-09,0.14
2024-01-04 12:10:00+05:30,37.392036115367375,37.541604259828844,37.242467970905906,37.392036115367375,100,24600,PE,2024-01-09,0.14
2024-01-04 12:11:00+05:30,294.20204771592813,295.37885590679184,293.0252395250644,294.20204771592813,100,24600,CE,2024-01-09,0.14
2024-01-04 12:11:00+05:30,32.10938865690747,32.2378262115351,31.98095110227984,32.10938865690747,100,24600,PE,2024-01-09,0.14
2024-01-04 12:12:00+05:30,292.96715070358783,294.1390193064022,291.7952821007735,292.96715070358783,100,24600,CE,2024-01-09,0.14
2024-01-04 12:12:00+05:30,33.34428566924777,33.47766281192476,33.210908526570776,33.34428566924777,100,24600,PE,2024-01-09,0.14
2024-01-04 12:13:00+05:30,294.62324389962356,295.80173687522205,293.4447509240251,294.62324389962356,100,24600,CE,2024-01-09,0.14
2024-01-04 12:13:00+05:30,31.68819247321204,31.81494524310489,31.56143970331919,31.68819247321204,100,24600,PE,2024-01-09,0.14
2024-01-04 12:14:00+05:30,291.6259644819025,292.7924683398301,290.45946062397485,291.6259644819025,100,24600,CE,2024-01-09,0.14
2024-01-04 12:14:00+05:30,34.685471890933115,34.82421377849685,34.54673000336938,34.685471890933115,100,24600,PE,2024-01-09,0.14
2024-01-04 12:15:00+05:30,291.3691612715507,292.5346379166369,290.2036846264645,291.3691612715507,100,24600,CE,2024-01-09,0.14
2024-01-04 12:15:00+05:30,34.942275101284906,35.082044201690046,34.80250600087977,34.942275101284906,100,24600,PE,2024-01-09,0.14
2024-01-04 12:16:00+05:30,290.8170984590784,291.9803668529147,289.6538300652421,290.8170984590784,100,24600,CE,2024-01-09,0.14
2024-01-04 12:16:00+05:30,35.49433791375719,35.63631526541222,35.35236056210216,35.49433791375719,100,24600,PE,2024-01-09,0.14
2024-01-04 12:17:00+05:30,288.0675562455113,289.21982647049333,286.91528602052927,288.0675562455113,100,24600,CE,2024-01-09,0.14
2024-01-04 12:17:00+05:30,38.2438801273243,38.3968556478336,38.09090460681501,38.2438801273243,100,24600,PE,2024-01-09,0.14
2024-01-04 12:18:00+05:30,291.8328482719067,293.00017966499433,290.66551687881906,291.8328482719067,100,24600,CE,2024-01-09,0.14
2024-01-04 12:18:00+05:30,34.4785881009289,34.61650245333262,34.340673748525184,34.4785881009289,100,24600,PE,2024-01-09,0.14
2024-01-04 12:19:00+05:30,286.00422842206586,287.14824533575415,284.8602115083776,286.00422842206586,100,24600,CE,2024-01-09,0.14
2024-01-04 12:19:00+05:30,40.30720795076974,40.468436782572816,40.14597911896666,40.30720795076974,100,24600,PE,2024-01-09,0.14
2024-01-04 12:20:00+05:30,288.8797707856343,290.0352898687769,287.72425170249176,288.8797707856343,100,24600,CE,2024-01-09,0.14
2024-01-04 12:20:00+05:30,37.43166558720128,37.581392249550085,37.281938924852476,37.43166558720128,100,24600,PE,2024-01-09,0.14
2024-01-04 12:21:00+05:30,299.4859457013195,300.6838894841248,298.2880019185142,299.4859457013195,100,24600,CE,2024-01-09,0.14
2024-01-04 12:21:00+05:30,26.825490671516093,26.93279263420216,26.718188708830027,26.825490671516093,100,24600,PE,2024-01-09,0.14
2024-01-04 12:22:00+05:30,296.8431552264397,298.03052784734547,295.65578260553394,296.8431552264397,100,24600,CE,2024-01-09,0.14
2024-01-04 12:22:00+05:30,29.468281146395896,29.586154270981478,29.350408021810313,29.468281146395896,100,24600,PE,2024-01-09,0.14
2024-01-04 12:23:00+05:30,297.43417217284565,298.623908861537,296.2444354841543,297.43417217284565,100,24600,CE,2024-01-09,0.14
2024-01-04 12:23:00+05:30,28.877264199989952,28.992773256789913,28.76175514318999,28.877264199989952,100,24600,PE,2024-01-09,0.14
2024-01-04 12:24:00+05:30,291.96636565410023,293.13423111671665,290.7985001914838,291.96636565410023,100,24600,CE,2024-01-09,0.14
2024-01-04 12:24:00+05:30,34.34507071873537,34.482451001610315,34.20769043586043,34.34507071873537,100,24600,PE,2024-01-09,0.14
2024-01-04 12:25:00+05:30,292.32038684138803,293.48966838875356,291.1511052940225,292.32038684138803,100,24600,CE,2024-01-09,0.14
2024-01-04 12:25:00+05:30,33.99104953144757,34.12701372957336,33.85508533332178,33.99104953144757,100,24600,PE,2024-01-09,0.14
2024-01-04 12:26:00+05:30,286.1556386933667,287.3002612481402,285.0110161385932,286.1556386933667,100,24600,CE,2024-01-09,0.14
2024-01-04 12:26:00+05:30,40.15579767946889,40.31642087018677,39.99517448875101,40.15579767946889,100,24600,PE,2024-01-09,0.14
2024-01-04 12:27:00+05:30,288.98071878655225,290.13664166169843,287.82479591140606,288.98071878655225,100,24600,CE,2024-01-09,0.14
2024-01-04 12:27:00+05:30,37.330717586283356,37.48004045662849,37.181394715938225,37.330717586283356,100,24600,PE,2024-01-09,0.14
2024-01-04 12:28:00+05:30,287.5272379278145,288.67734687952577,286.3771289761032,287.5272379278145,100,24600,CE,2024-01-09,0.14
2024-01-04 12:28:00+05:30,38.784198445021104,38.93933523880119,38.62906165124102,38.784198445021104,100,24600,PE,2024-01-09,0.14
2024-01-04 12:29:00+05:30,280.9022077385949,282.02581656954925,279.7785989076405,280.9022077385949,100,24600,CE,2024-01-09,0.14
2024-01-04 12:29:00+05:30,45.40922863424072,45.590865548777685,45.22759171970375,45.40922863424072,100,24600,PE,2024-01-09,0.14
2024-01-04 12:30:00+05:30,276.36778708159414,277.47325822992053,275.26231593326776,276.36778708159414,100,24600,CE,2024-01-09,0.14
2024-01-04 12:30:00+05:30,49.94364929124146,50.143423888406424,49.74387469407649,49.94364929124146,100,24600,PE,2024-01-09,0.14
2024-01-04 12:31:00+05:30,270.70478096516723,271.7876000890279,269.6219618413066,270.70478096516723,100,24600,CE,2024-01-09,0.14
2024-01-04 12:31:00+05:30,55.60665540766837,55.829082029299045,55.384228786037696,55.60665540766837,100,24600,PE,2024-01-09,0.14
2024-01-04 12:32:00+05:30,269.99223008181303,271.0721990021403,268.9122611614858,269.99223008181303,100,24600,CE,2024-01-09,0.14
2024-01-04 12:32:00+05:30,56.31920629102257,56.544483116186655,56.09392946585848,56.31920629102257,100,24600,PE,2024-01-09,0.14
2024-01-04 12:33:00+05:30,273.6086862981743,274.703121043367,272.5142515529816,273.6086862981743,100,24600,CE,2024-01-09,0.14
2024-01-04 12:33:00+05:30,52.70275007466131,52.91356107495996,52.49193907436266,52.70275007466131,100,24600,PE,2024-01-09,0.14
2024-01-04 12:34:00+05:30,272.44310956923124,273.5328820075082,271.3533371309543,272.44310956923124,100,24600,CE,2024-01-09,0.14
2024-01-04 12:34:00+05:30,53.86832680360436,54.08380011081878,53.652853496389945,53.86832680360436,100,24600,PE,2024-01-09,0.14
2024-01-04 12:35:00+05:30,268.2894104570028,269.3625680988308,267.2162528151748,268.2894104570028,100,24600,CE,2024-01-09,0.14
2024-01-04 12:35:00+05:30,58.022025915832785,58.254114019496114,57.789937812169455,58.022025915832785,100,24600,PE,2024-01-09,0.14
2024-01-04 12:36:00+05:30,265.426244826424,266.4879498057297,264.3645398471183,265.426244826424,100,24600,CE,2024-01-09,0.14
2024-01-04 12:36:00+05:30,60.88519154641159,61.128732312597236,60.641650780225945,60.88519154641159,100,24600,PE,2024-01-09,0.14
2024-01-04 12:37:00+05:30,266.1859282208157,267.250671933699,265.1211845079324,266.1859282208157,100,24600,CE,2024-01-09,0.14
2024-01-04 12:37:00+05:30,60.125508152019904,60.36601018462798,59.88500611941183,60.125508152019904,100,24600,PE,2024-01-09,0.14
2024-01-04 12:38:00+05:30,257.1935645021045,258.2223387601129,256.1647902440961,257.1935645021045,100,24600,CE,2024-01-09,0.14
2024-01-04 12:38:00+05:30,69.11787187073111,69.39434335821403,68.84140038324819,69.11787187073111,100,24600,PE,2024-01-09,0.14
2024-01-04 12:39:00+05:30,259.7147402540091,260.75359921502513,258.67588129299304,259.7147402540091,100,24600,CE,2024-01-09,0.14
2024-01-04 12:39:00+05:30,66.59669611882651,66.86308290330182,66.33030933435121,66.59669611882651,100,24600,PE,2024-01-09,0.14
2024-01-04 12:40:00+05:30,261.53246591433395,262.57859577799127,260.48633605067664,261.53246591433395,100,24600,CE,2024-01-09,0.14
2024-01-04 12:40:00+05:30,64.77897045850165,65.03808634033565,64.51985457666764,64.77897045850165,100,24600,PE,2024-01-09,0.14
2024-01-04 12:41:00+05:30,252.41508135233977,253.42474167774913,251.4054210269304,252.41508135233977,100,24600,CE,2024-01-09,0.14
2024-01-04 12:41:00+05:30,73.89635502049583,74.19194044057781,73.60076960041386,73.89635502049583,100,24600,PE,2024-01-09,0.14
2024-01-04 12:42:00+05:30,257.1781296822124,258.20684220094125,256.1494171634835,257.1781296822124,100,24600,CE,2024-01-09,0.14
2024-01-04 12:42:00+05:30,69.13330669062321,69.40983991738571,68.85677346386072,69.13330669062321,100,24600,PE,2024-01-09,0.14
2024-01-04 12:43:00+05:30,251.16404256442416,252.16869873468187,250.15938639416646,251.16404256442416,100,24600,CE,2024-01-09,0.14
2024-01-04 12:43:00+05:30,75.14739380841144,75.44798338364508,74.84680423317779,75.14739380841144,100,24600,PE,2024-01-09,0.14
2024-01-04 12:44:00+05:30,250.562824198702,251.5650754954968,249.5605729019072,250.562824198702,100,24600,CE,2024-01-09,0.14
2024-01-04 12:44:00+05:30,75.7486121741336,76.05160662283014,75.44561772543706,75.7486121741336,100,24600,PE,2024-01-09,0.14
2024-01-04 12:45:00+05:30,255.27776666971164,256.29887773639047,254.25665560303278,255.27776666971164,100,24600,CE,2024-01-09,0.14
2024-01-04 12:45:00+05:30,71.03366970312396,71.31780438193645,70.74953502431147,71.03366970312396,100,24600,PE,2024-01-09,0.14
2024-01-04 12:46:00+05:30,249.2216720276361,250.21855871574664,248.22478533952554,249.2216720276361,100,24600,CE,2024-01-09,0.14
2024-01-04 12:46:00+05:30,77.08976434519951,77.39812340258031,76.78140528781871,77.08976434519951,100,24600,PE,2024-01-09,0.14
2024-01-04 12:47:00+05:30,242.3485081887689,243.31790222152398,241.37911415601383,242.3485081887689,100,24600,CE,2024-01-09,0.14
2024-01-04 12:47:00+05:30,83.9629281840667,84.29877989680297,83.62707647133043,83.9629281840667,100,24600,PE,2024-01-09,0.14
2024-01-04 12:48:00+05:30,238.24938988101763,239.2023874405417,237.29639232149356,238.24938988101763,100,24600,CE,2024-01-09,0.14
2024-01-04 12:48:00+05:30,88.06204649181797,88.41429467778524,87.7097983058507,88.06204649181797,100,24600,PE,2024-01-09,0.14
2024-01-04 12:49:00+05:30,234.2788573285639,235.21597275787815,233.34174189924966,234.2788573285639,100,24600,CE,2024-01-09,0.14
2024-01-04 12:49:00+05:30,92.0325790442717,92.40070936044879,91.66444872809461,92.0325790442717,100,24600,PE,2024-01-09,0.14
2024-01-04 12:50:00+05:30,233.9148464774667,234.85050586337658,232.97918709155684,233.9148464774667,100,24600,CE,2024-01-09,0.14
2024-01-04 12:50:00+05:30,92.39658989536889,92.76617625495037,92.02700353578741,92.39658989536889,100,24600,PE,2024-01-09,0.14
2024-01-04 12:51:00+05:30,232.0639104616044,232.9921661034508,231.13565481975797,232.0639104616044,100,24600,CE,2024-01-09,0.14
2024-01-04 12:51:00+05:30,94.24752591123121,94.62451601487614,93.87053580758628,94.24752591123121,100,24600,PE,2024-01-09,0.14
2024-01-04 12:52:00+05:30,230.31636479301284,231.23763025218489,229.3950993338408,230.31636479301284,100,24600,CE,2024-01-09,0.14
2024-01-04 12:52:00+05:30,95.99507157982276,96.37905186614205,95.61109129350348,95.99507157982276,100,24600,PE,2024-01-09,0.14
2024-01-04 12:53:00+05:30,228.619614604299,229.53409306271618,227.7051361458818,228.619614604299,100,24600,CE,2024-01-09,0.14
2024-01-04 12:53:00+05:30,97.69182176853661,98.08258905561075,97.30105448146247,97.69182176853661,100,24600,PE,2024-01-09,0.14
2024-01-04 12:54:00+05:30,228.06585594050608,228.9781193642681,227.15359251674406,228.06585594050608,100,24600,CE,2024-01-09,0.14
2024-01-04 12:54:00+05:30,98.24558043232952,98.63856275405884,97.8525981106002,98.24558043232952,100,24600,PE,2024-01-09,0.14
2024-01-04 12:55:00+05:30,224.93448789204427,225.83422584361244,224.0347499404761,224.93448789204427,100,24600,CE,2024-01-09,0.14
2024-01-04 12:55:00+05:30,101.37694848079133,101.78245627471449,100.97144068686816,101.37694848079133,100,24600,PE,2024-01-09,0.14
2024-01-04 12:56:00+05:30,226.32768581775832,227.23299656102935,225.4223750744873,226.32768581775832,100,24600,CE,2024-01-09,0.14
2024-01-04 12:56:00+05:30,99.98375055507728,100.38368555729758,99.58381555285698,99.98375055507728,100,24600,PE,2024-01-09,0.14
2024-01-04 12:57:00+05:30,226.45488815501864,227.3607077076387,225.54906860239856,226.45488815501864,100,24600,CE,2024-01-09,0.14
2024-01-04 12:57:00+05:30,99.85654821781696,100.25597441068824,99.45712202494569,99.85654821781696,100,24600,PE,2024-01-09,0.14
2024-01-04 12:58:00+05:30,222.69760454761723,223.5883949658077,221.80681412942675,222.69760454761723,100,24600,CE,2024-01-09,0.14
2024-01-04 12:58:00+05:30,103.61383182521837,104.02828715251924,103.1993764979175,103.61383182521837,100,24600,PE,2024-01-09,0.14
2024-01-04 12:59:00+05:30,229.81654998368373,230.73581618361845,228.897283783749,229.81654998368373,100,24600,CE,2024-01-09,0.14
2024-01-04 12:59:00+05:30,96.49488638915187,96.88086593470848,96.10890684359526,96.49488638915187,100,24600,PE,2024-01-09,0.14
2024-01-04 13:00:00+05:30,225.08829432206818,225.98864749935646,224.1879411447799,225.08829432206818,100,24600,CE,2024-01-09,0.14
2024-01-04 13:00:00+05:30,101.22314205076742,101.62803461897049,100.81824948256435,101.22314205076742,100,24600,PE,2024-01-09,0.14
2024-01-04 13:01:00+05:30,228.04508600064088,228.95726634464344,227.13290565663831,228.04508600064088,100,24600,CE,2024-01-09,0.14
2024-01-04 13:01:00+05:30,98.26635037219472,98.6594157736835,97.87328497070594,98.26635037219472,100,24600,PE,2024-01-09,0.14
2024-01-04 13:02:00+05:30,225.33440055571424,226.2357381579371,224.43306295349137,225.33440055571424,100,24600,CE,2024-01-09,0.14
2024-01-04 13:02:00+05:30,100.97703581712136,101.38094396038984,100.57312767385288,100.97703581712136,100,24600,PE,2024-01-09,0.14
2024-01-04 13:03:00+05:30,226.86333764114767,227.77079099171226,225.95588429058307,226.86333764114767,100,24600,CE,2024-01-09,0.14
2024-01-04 13:03:00+05:30,99.44809873168794,99.84589112661469,99.05030633676118,99.44809873168794,100,24600,PE,2024-01-09,0.14
2024-01-04 13:04:00+05:30,229.0159212125405,229.93198489739066,228.09985752769032,229.0159212125405,100,24600,CE,2024-01-09,0.14
2024-01-04 13:04:00+05:30,97.29551516029511,97.68469722093629,96.90633309965393,97.29551516029511,100,24600,PE,2024-01-09,0.14
2024-01-04 13:05:00+05:30,232.47093829263628,233.40082204580682,231.54105453946573,232.47093829263628,100,24600,CE,2024-01-09,0.14
2024-01-04 13:05:00+05:30,93.84049808019932,94.21586007252012,93.46513608787853,93.84049808019932,100,24600,PE,2024-01-09,0.14
2024-01-04 13:06:00+05:30,238.07711265381528,239.02942110443053,237.12480420320003,238.07711265381528,100,24600,CE,2024-01-09,0.14
2024-01-04 13:06:00+05:30,88.23432371902032,88.58726101389641,87.88138642414424,88.23432371902032,100,24600,PE,2024-01-09,0.14
2024-01-04 13:07:00+05:30,235.0257875197172,235.96589066979607,234.08568436963833,235.0257875197172,100,24600,CE,2024-01-09,0.14
2024-01-04 13:07:00+05:30,91.2856488531184,91.65079144853088,90.92050625770592,91.2856488531184,100,24600,PE,2024-01-09,0.14
2024-01-04 13:08:00+05:30,246.14960121125893,247.13419961610396,245.1650028064139,246.14960121125893,100,24600,CE,2024-01-09,0.14
2024-01-04 13:08:00+05:30,80.16183516157668,80.48248250222298,79.84118782093037,80.16183516157668,100,24600,PE,2024-01-09,0.14
2024-01-04 13:09:00+05:30,247.88908633996522,248.88064268532509,246.89752999460535,247.88908633996522,100,24600,CE,2024-01-09,0.14
2024-01-04 13:09:00+05:30,78.42235003287038,78.73603943300186,78.1086606327389,78.42235003287038,100,24600,PE,2024-01-09,0.14
2024-01-04 13:10:00+05:30,244.97401587708606,245.9539119405944,243.99411981357773,244.97401587708606,100,24600,CE,2024-01-09,0.14
2024-01-04 13:10:00+05:30,81.33742049574954,81.66277017773254,81.01207081376654,81.33742049574954,100,24600,PE,2024-01-09,0.14
2024-01-04 13:11:00+05:30,239.98028570300318,240.9402068458152,239.02036456019115,239.98028570300318,100,24600,CE,2024-01-09,0.14
2024-01-04 13:11:00+05:30,86.33115066983243,86.67647527251175,85.9858260671531,86.33115066983243,100,24600,PE,2024-01-09,0.14
2024-01-04 13:12:00+05:30,249.17473001542072,250.1714289354824,248.17803109535905,249.17473001542072,100,24600,CE,2024-01-09,0.14
2024-01-04 13:12:00+05:30,77.13670635741488,77.44525318284454,76.82815953198522,77.13670635741488,100,24600,PE,2024-01-09,0.14
2024-01-04 13:13:00+05:30,255.6971970660748,256.7199858543391,254.6744082778105,255.6971970660748,100,24600,CE,2024-01-09,0.14
2024-01-04 13:13:00+05:30,70.6142393067608,70.89669626398783,70.33178234953375,70.6142393067608,100,24600,PE,2024-01-09,0.14
2024-01-04 13:14:00+05:30,255.8628169244626,256.88626819216046,254.83936565676476,255.8628169244626,100,24600,CE,2024-01-09,0.14
2024-01-04 13:14:00+05:30,70.448619448373,70.73041392616649,70.1668249705795,70.448619448373,100,24600,PE,2024-01-09,0.14
2024-01-04 13:15:00+05:30,259.019223078642,260.0552999709566,257.9831461863275,259.019223078642,100,24600,CE,2024-01-09,0.14
2024-01-04 13:15:00+05:30,67.29221329419357,67.56138214737035,67.0230444410168,67.29221329419357,100,24600,PE,2024-01-09,0.14
2024-01-04 13:16:00+05:30,264.3073961356063,265.36462572014875,263.2501665510639,264.3073961356063,100,24600,CE,2024-01-09,0.14
2024-01-04 13:16:00+05:30,62.004040237229276,62.25205639817819,61.75602407628036,62.004040237229276,100,24600,PE,2024-01-09,0.14
2024-01-04 13:17:00+05:30,264.9389170443506,265.998672712528,263.8791613761732,264.9389170443506,100,24600,CE,2024-01-09,0.14
2024-01-04 13:17:00+05:30,61.372519328485,61.61800940579894,61.12702925117106,61.372519328485,100,24600,PE,2024-01-09,0.14
2024-01-04 13:18:00+05:30,263.57463291719847,264.62893144886726,262.5203343855297,263.57463291719847,100,24600,CE,2024-01-09,0.14
2024-01-04 13:18:00+05:30,62.73680345563713,62.98775066945968,62.48585624181458,62.73680345563713,100,24600,PE,2024-01-09,0.14
2024-01-04 13:19:00+05:30,263.70341121426515,264.7582248591222,262.6485975694081,263.70341121426515,100,24600,CE,2024-01-09,0.14
2024-01-04 13:19:00+05:30,62.608025158570456,62.85845725920474,62.35759305793617,62.608025158570456,100,24600,PE,2024-01-09,0.14
2024-01-04 13:20:00+05:30,267.18561605338124,268.25435851759477,266.1168735891677,267.18561605338124,100,24600,CE,2024-01-09,0.14
2024-01-04 13:20:00+05:30,59.12582031945436,59.36232360073218,58.88931703817654,59.12582031945436,100,24600,PE,2024-01-09,0.14
2024-01-04 13:21:00+05:30,267.53905716320384,268.60921339185666,266.468900934551,267.53905716320384,100,24600,CE,2024-01-09,0.14
2024-01-04 13:21:00+05:30,58.772379209631765,59.00746872647029,58.53728969279324,58.772379209631765,100,24600,PE,2024-01-09,0.14
2024-01-04 13:22:00+05:30,263.099382087165,264.15177961551365,262.04698455881635,263.099382087165,100,24600,CE,2024-01-09,0.14
2024-01-04 13:22:00+05:30,63.212054285670604,63.46490250281329,62.95920606852792,63.212054285670604,100,24600,PE,2024-01-09,0.14
2024-01-04 13:23:00+05:30,266.26683254304277,267.3318998732149,265.2017652128706,266.26683254304277,100,24600,CE,2024-01-09,0.14
2024-01-04 13:23:00+05:30,60.044603829792834,60.284782245112005,59.80442541447366,60.044603829792834,100,24600,PE,2024-01-09,0.14
2024-01-04 13:24:00+05:30,259.9262114416129,260.96591628737934,258.88650659584647,259.9262114416129,100,24600,CE,2024-01-09,0.14
2024-01-04 13:24:00+05:30,66.3852249312227,66.65076583094759,66.1196840314978,66.3852249312227,100,24600,PE,2024-01-09,0.14
2024-01-04 13:25:00+05:30,257.32722421303384,258.35653310988596,256.29791531618173,257.32722421303384,100,24600,CE,2024-01-09,0.14
2024-01-04 13:25:00+05:30,68.98421215980176,69.26014900844096,68.70827531116255,68.98421215980176,100,24600,PE,2024-01-09,0.14
2024-01-04 13:26:00+05:30,262.3527582670018,263.4021693000698,261.3033472339338,262.3527582670018,100,24600,CE,2024-01-09,0.14
2024-01-04 13:26:00+05:30,63.958678105833826,64.21451281825716,63.70284339341049,63.958678105833826,100,24600,PE,2024-01-09,0.14
2024-01-04 13:27:00+05:30,263.54343825660777,264.5976120096342,262.48926450358135,263.54343825660777,100,24600,CE,2024-01-09,0.14
2024-01-04 13:27:00+05:30,62.76799811622783,63.01907010869274,62.51692612376292,62.76799811622783,100,24600,PE,2024-01-09,0.14
2024-01-04 13:28:00+05:30,264.7179912471898,265.77686321217857,263.659119282201,264.7179912471898,100,24600,CE,2024-01-09,0.14
2024-01-04 13:28:00+05:30,61.593445125645815,61.839818906148395,61.347071345143235,61.593445125645815,100,24600,PE,2024-01-09,0.14
2024-01-04 13:29:00+05:30,265.4050770598902,266.46669736812976,264.3434567516506,265.4050770598902,100,24600,CE,2024-01-09,0.14
2024-01-04 13:29:00+05:30,60.906359312945426,61.149984750197206,60.66273387569365,60.906359312945426,100,24600,PE,2024-01-09,0.14
2024-01-04 13:30:00+05:30,269.6402943837116,270.7188555612464,268.56173320617677,269.6402943837116,100,24600,CE,2024-01-09,0.14
2024-01-04 13:30:00+05:30,56.67114198912401,56.897826557080506,56.44445742116751,56.67114198912401,100,24600,PE,2024-01-09,0.14
2024-01-04 13:31:00+05:30,269.7236396839767,270.8025342427126,268.64474512524083,269.7236396839767,100,24600,CE,2024-01-09,0.14
2024-01-04 13:31:00+05:30,56.58779668885887,56.81414787561431,56.361445502103436,56.58779668885887,100,24600,PE,2024-01-09,0.14
2024-01-04 13:32:00+05:30,262.5235994300861,263.57369382780644,261.4735050323658,262.5235994300861,100,24600,CE,2024-01-09,0.14
2024-01-04 13:32:00+05:30,63.78783694274949,64.0429882905205,63.532685594978496,63.78783694274949,100,24600,PE,2024-01-09,0.14
2024-01-04 13:33:00+05:30,263.73943389715583,264.79439163274446,262.6844761615672,263.73943389715583,100,24600,CE,2024-01-09,0.14
2024-01-04 13:33:00+05:30,62.57200247567977,62.822290485582485,62.32171446577705,62.57200247567977,100,24600,PE,2024-01-09,0.14
2024-01-04 13:34:00+05:30,252.26076763365614,253.26981070419077,251.2517245631215,252.26076763365614,100,24600,CE,2024-01-09,0.14
2024-01-04 13:34:00+05:30,74.05066873917946,74.34687141413617,73.75446606422274,74.05066873917946,100,24600,PE,2024-01-09,0.14
2024-01-04 13:35:00+05:30,244.67106756922345,245.64975183950034,243.69238329894657,244.67106756922345,100,24600,CE,2024-01-09,0.14
2024-01-04 13:35:00+05:30,81.64036880361215,81.9669302788266,81.3138073283977,81.64036880361215,100,24600,PE,2024-01-09,0.14
2024-01-04 13:36:00+05:30,251.01377771663516,252.0178328275017,250.00972260576862,251.01377771663516,100,24600,CE,2024-01-09,0.14
2024-01-04 13:36:00+05:30,75.29765865620044,75.59884929082524,74.99646802157564,75.29765865620044,100,24600,PE,2024-01-09,0.14
2024-01-04 13:37:00+05:30,255.2701216978008,256.291202184592,254.2490412110096,255.2701216978008,100,24600,CE,2024-01-09,0.14
2024-01-04 13:37:00+05:30,71.04131467503481,71.32547993373495,70.75714941633467,71.04131467503481,100,24600,PE,2024-01-09,0.14
2024-01-04 13:38:00+05:30,253.7599381154037,254.77497786786532,252.7448983629421,253.7599381154037,100,24600,CE,2024-01-09,0.14
2024-01-04 13:38:00+05:30,72.55149825743189,72.84170425046162,72.26129226440216,72.55149825743189,100,24600,PE,2024-01-09,0.14
2024-01-04 13:39:00+05:30,253.74003065933408,254.75499078197143,252.72507053669673,253.74003065933408,100,24600,CE,2024-01-09,0.14
2024-01-04 13:39:00+05:30,72.57140571350152,72.86169133635552,72.28112009064752,72.57140571350152,100,24600,PE,2024-01-09,0.14
2024-01-04 13:40:00+05:30,254.33477740339055,255.35211651300412,253.31743829377697,254.33477740339055,100,24600,CE,2024-01-09,0.14
2024-01-04 13:40:00+05:30,71.97665896944505,72.26456560532283,71.68875233356728,71.97665896944505,100,24600,PE,2024-01-09,0.14
2024-01-04 13:41:00+05:30,258.4425983349507,259.4763687282905,257.40882794161087,258.4425983349507,100,24600,CE,2024-01-09,0.14
2024-01-04 13:41:00+05:30,67.86883803788493,68.14031339003647,67.59736268573339,67.86883803788493,100,24600,PE,2024-01-09,0.14
2024-01-04 13:42:00+05:30,255.74354167751204,256.7665158442221,254.720567510802,255.74354167751204,100,24600,CE,2024-01-09,0.14
2024-01-04 13:42:00+05:30,70.56789469532356,70.85016627410485,70.28562311654227,70.56789469532356,100,24600,PE,2024-01-09,0.14
2024-01-04 13:43:00+05:30,252.62845793795947,253.6389717697113,251.61794410620763,252.62845793795947,100,24600,CE,2024-01-09,0.14
2024-01-04 13:43:00+05:30,73.68297843487613,73.97771034861564,73.38824652113662,73.68297843487613,100,24600,PE,2024-01-09,0.14
2024-01-04 13:44:00+05:30,250.48139115614373,251.4833167207683,249.47946559151916,250.48139115614373,100,24600,CE,2024-01-09,0.14
2024-01-04 13:44:00+05:30,75.83004521669187,76.13336539755863,75.52672503582511,75.83004521669187,100,24600,PE,2024-01-09,0.14
2024-01-04 13:45:00+05:30,251.2721853149274,252.2772740561871,250.26709657366771,251.2721853149274,100,24600,CE,2024-01-09,0.14
2024-01-04 13:45:00+05:30,75.03925105790819,75.33940806213982,74.73909405367655,75.03925105790819,100,24600,PE,2024-01-09,0.14
2024-01-04 13:46:00+05:30,252.5436884919023,253.5538632458699,251.53351373793467,252.5436884919023,100,24600,CE,2024-01-09,0.14
2024-01-04 13:46:00+05:30,73.76774788093331,74.06281887245704,73.47267688940958,73.76774788093331,100,24600,PE,2024-01-09,0.14
2024-01-04 13:47:00+05:30,251.2910634856658,252.29622773960847,250.28589923172314,251.2910634856658,100,24600,CE,2024-01-09,0.14
2024-01-04 13:47:00+05:30,75.0203728871698,75.32045437871848,74.72029139562112,75.0203728871698,100,24600,PE,2024-01-09,0.14
2024-01-04 13:48:00+05:30,254.4640783721157,255.48193468560416,253.44622205862723,254.4640783721157,100,24600,CE,2024-01-09,0.14
2024-01-04 13:48:00+05:30,71.84735800071991,72.13474743272279,71.55996856871703,71.84735800071991,100,24600,PE,2024-01-09,0.14
2024-01-04 13:49:00+05:30,250.80047680960394,251.80367871684234,249.79727490236553,250.80047680960394,100,24600,CE,2024-01-09,0.14
2024-01-04 13:49:00+05:30,75.51095956323167,75.8130034014846,75.20891572497874,75.51095956323167,100,24600,PE,2024-01-09,0.14
2024-01-04 13:50:00+05:30,250.76485592890327,251.7679153526189,249.76179650518765,250.76485592890327,100,24600,CE,2024-01-09,0.14
2024-01-04 13:50:00+05:30,75.54658044393233,75.84876676570806,75.24439412215659,75.54658044393233,100,24600,PE,2024-01-09,0.14
2024-01-04 13:51:00+05:30,248.3676626960883,249.36113334687266,247.37419204530394,248.3676626960883,100,24600,CE,2024-01-09,0.14
2024-01-04 13:51:00+05:30,77.9437736767473,78.25554877145429,77.63199858204031,77.9437736767473,100,24600,PE,2024-01-09,0.14
2024-01-04 13:52:00+05:30,244.76523047724237,245.74429139915134,243.7861695553334,244.76523047724237,100,24600,CE,2024-01-09,0.14
2024-01-04 13:52:00+05:30,81.54620589559323,81.8723907191756,81.22002107201087,81.54620589559323,100,24600,PE,2024-01-09,0.14
2024-01-04 13:53:00+05:30,249.7275477073659,250.72645789819535,248.72863751653642,249.7275477073659,100,24600,CE,2024-01-09,0.14
2024-01-04 13:53:00+05:30,76.58388866546971,76.8902242201316,76.27755311080783,76.58388866546971,100,24600,PE,2024-01-09,0.14
2024-01-04 13:54:00+05:30,248.76004163667363,249.75508180322032,247.76500147012695,248.76004163667363,100,24600,CE,2024-01-09,0.14
2024-01-04 13:54:00+05:30,77.55139473616197,77.86160031510661,77.24118915721732,77.55139473616197,100,24600,PE,2024-01-09,0.14
2024-01-04 13:55:00+05:30,245.15774561308768,246.13837659554002,244.17711463063534,245.15774561308768,100,24600,CE,2024-01-09,0.14
2024-01-04 13:55:00+05:30,81.15369075974792,81.47830552278691,80.82907599670892,81.15369075974792,100,24600,PE,2024-01-09,0.14
2024-01-04 13:56:00+05:30,245.56870304368618,246.55097785586094,244.58642823151143,245.56870304368618,100,24600,CE,2024-01-09,0.14
2024-01-04 13:56:00+05:30,80.74273332914942,81.06570426246601,80.41976239583282,80.74273332914942,100,24600,PE,2024-01-09,0.14
2024-01-04 13:57:00+05:30,241.9834726018094,242.95140649221665,241.01553871140217,241.9834726018094,100,24600,CE,2024-01-09,0.14
2024-01-04 13:57:00+05:30,84.32796377102619,84.6652756261103,83.99065191594208,84.32796377102619,100,24600,PE,2024-01-09,0.14
2024-01-04 13:58:00+05:30,244.52752119009398,245.50563127485435,243.5494111053336,244.52752119009398,100,24600,CE,2024-01-09,0.14
2024-01-04 13:58:00+05:30,81.78391518274162,82.11105084347258,81.45677952201066,81.78391518274162,100,24600,PE,2024-01-09,0.14
2024-01-04 13:59:00+05:30,248.0447145673175,249.03689342558678,247.05253570904821,248.0447145673175,100,24600,CE,2024-01-09,0.14
2024-01-04 13:59:00+05:30,78.2667218055181,78.57978869274018,77.95365491829602,78.2667218055181,100,24600,PE,2024-01-09,0.14
2024-01-04 14:00:00+05:30,252.23675321849856,253.24570023137255,251.22780620562457,252.23675321849856,100,24600,CE,2024-01-09,0.14
2024-01-04 14:00:00+05:30,74.07468315433704,74.37098188695438,73.7783844217197,74.07468315433704,100,24600,PE,2024-01-09,0.14
2024-01-04 14:01:00+05:30,248.4363829720756,249.43012850396389,247.4426374401873,248.4363829720756,100,24600,CE,2024-01-09,0.14
2024-01-04 14:01:00+05:30,77.87505340076001,78.18655361436305,77.56355318715697,77.87505340076001,100,24600,PE,2024-01-09,0.14
2024-01-04 14:02:00+05:30,248.13426668715198,249.1268037539006,247.14172962040337,248.13426668715198,100,24600,CE,2024-01-09,0.14
2024-01-04 14:02:00+05:30,78.17716968568362,78.48987836442636,77.86446100694089,78.17716968568362,100,24600,PE,2024-01-09,0.14
2024-01-04 14:03:00+05:30,255.46686055488004,256.48872799709955,254.4449931126605,255.46686055488004,100,24600,CE,2024-01-09,0.14
2024-01-04 14:03:00+05:30,70.84457581795556,71.12795412122738,70.56119751468374,70.84457581795556,100,24600,PE,2024-01-09,0.14
2024-01-04 14:04:00+05:30,254.9063872393677,255.92601278832515,253.88676169041022,254.9063872393677,100,24600,CE,2024-01-09,0.14
2024-01-04 14:04:00+05:30,71.40504913346791,71.69066933000178,71.11942893693404,71.40504913346791,100,24600,PE,2024-01-09,0.14
2024-01-04 14:05:00+05:30,260.01966672865507,261.0597453955697,258.97958806174046,260.01966672865507,100,24600,CE,2024-01-09,0.14
2024-01-04 14:05:00+05:30,66.29176964418053,66.55693672275726,66.02660256560381,66.29176964418053,100,24600,PE,2024-01-09,0.14
2024-01-04 14:06:00+05:30,266.13629794776585,267.2008431395569,265.0717527559748,266.13629794776585,100,24600,CE,2024-01-09,0.14
2024-01-04 14:06:00+05:30,60.17513842506975,60.415838978770026,59.93443787136947,60.17513842506975,100,24600,PE,2024-01-09,0.14
2024-01-04 14:07:00+05:30,261.1074037488657,262.15183336386116,260.0629741338702,261.1074037488657,100,24600,CE,2024-01-09,0.14
2024-01-04 14:07:00+05:30,65.20403262396991,65.46484875446579,64.94321649347403,65.20403262396991,100,24600,PE,2024-01-09,0.14
2024-01-04 14:08:00+05:30,266.01926180444076,267.08333885165854,264.955184757223,266.01926180444076,100,24600,CE,2024-01-09,0.14
2024-01-04 14:08:00+05:30,60.29217456839484,60.533343266668425,60.05100587012126,60.29217456839484,100,24600,PE,2024-01-09,0.14
2024-01-04 14:09:00+05:30,269.1753002217816,270.2520014226687,268.0985990208945,269.1753002217816,100,24600,CE,2024-01-09,0.14
2024-01-04 14:09:00+05:30,57.13613615105402,57.36468069565824,56.9075916064498,57.13613615105402,100,24600,PE,2024-01-09,0.14
2024-01-04 14:10:00+05:30,272.80713336469904,273.8983618981578,271.71590483124027,272.80713336469904,100,24600,CE,2024-01-09,0.14
2024-01-04 14:10:00+05:30,53.50430300813656,53.718320220169105,53.290285796104016,53.50430300813656,100,24600,PE,2024-01-09,0.14
2024-01-04 14:11:00+05:30,279.5583959548299,280.67662953864925,278.44016237101056,279.5583959548299,100,24600,CE,2024-01-09,0.14
2024-01-04 14:11:00+05:30,46.753040418005696,46.94005257967772,46.566028256333674,46.753040418005696,100,24600,PE,2024-01-09,0.14
2024-01-04 14:12:00+05:30,281.59492710393766,282.7213068123534,280.4685473955219,281.59492710393766,100,24600,CE,2024-01-09,0.14
2024-01-04 14:12:00+05:30,44.71650926889794,44.89537530597353,44.537643231822344,44.71650926889794,100,24600,PE,2024-01-09,0.14
2024-01-04 14:13:00+05:30,282.1696871173904,283.29836586586,281.04100836892087,282.1696871173904,100,24600,CE,2024-01-09,0.14
2024-01-04 14:13:00+05:30,44.14174925544518,44.31831625246696,43.9651822584234,44.14174925544518,100,24600,PE,2024-01-09,0.14
2024-01-04 14:14:00+05:30,284.78681441470195,285.92596167236076,283.64766715704314,284.78681441470195,100,24600,CE,2024-01-09,0.14
2024-01-04 14:14:00+05:30,41.52462195813365,41.690720445966186,41.358523470301115,41.52462195813365,100,24600,PE,2024-01-09,0.14
2024-01-04 14:15:00+05:30,283.73944077620814,284.87439853931295,282.60448301310333,283.73944077620814,100,24600,CE,2024-01-09,0.14
2024-01-04 14:15:00+05:30,42.57199559662746,42.74228357901397,42.40170761424095,42.57199559662746,100,24600,PE,2024-01-09,0.14
2024-01-04 14:16:00+05:30,285.91478764209074,287.0584467926591,284.7711284915224,285.91478764209074,100,24600,CE,2024-01-09,0.14
2024-01-04 14:16:00+05:30,40.39664873074486,40.55823532566784,40.23506213582188,40.39664873074486,100,24600,PE,2024-01-09,0.14
2024-01-04 14:17:00+05:30,278.4737907253953,279.5876858882969,277.3598955624937,278.4737907253953,100,24600,CE,2024-01-09,0.14
2024-01-04 14:17:00+05:30,47.8376456474403,48.02899623003006,47.646295064850534,47.8376456474403,100,24600,PE,2024-01-09,0.14
2024-01-04 14:18:00+05:30,285.37830746557717,286.5198206954395,284.23679423571485,285.37830746557717,100,24600,CE,2024-01-09,0.14
2024-01-04 14:18:00+05:30,40.933128907258435,41.09686142288747,40.7693963916294,40.933128907258435,100,24600,PE,2024-01-09,0.14
2024-01-04 14:19:00+05:30,283.6155016526814,284.7499636592921,282.4810396460707,283.6155016526814,100,24600,CE,2024-01-09,0.14
2024-01-04 14:19:00+05:30,42.695934720154185,42.8667184590348,42.52515098127357,42.695934720154185,100,24600,PE,2024-01-09,0.14
2024-01-04 14:20:00+05:30,285.96026709917584,287.1041081675725,284.81642603077916,285.96026709917584,100,24600,CE,2024-01-09,0.14
2024-01-04 14:20:00+05:30,40.351169273659764,40.5125739507544,40.18976459656513,40.351169273659764,100,24600,PE,2024-01-09,0.14
2024-01-04 14:21:00+05:30,287.4293617280478,288.57907917496,286.27964428113563,287.4293617280478,100,24600,CE,2024-01-09,0.14
2024-01-04 14:21:00+05:30,38.88207464478779,39.03760294336694,38.72654634620864,38.88207464478779,100,24600,PE,2024-01-09,0.14
2024-01-04 14:22:00+05:30,288.10117346951535,289.2535781633934,286.9487687756373,288.10117346951535,100,24600,CE,2024-01-09,0.14
2024-01-04 14:22:00+05:30,38.210262903320256,38.363103954933536,38.05742185170698,38.210262903320256,100,24600,PE,2024-01-09,0.14
2024-01-04 14:23:00+05:30,288.80053520825874,289.95573734909175,287.6453330674257,288.80053520825874,100,24600,CE,2024-01-09,0.14
2024-01-04 14:23:00+05:30,37.510901164576865,37.66094476923517,37.36085755991856,37.510901164576865,100,24600,PE,2024-01-09,0.14
2024-01-04 14:24:00+05:30,289.3192256163389,290.47650251880424,288.1619487138735,289.3192256163389,100,24600,CE,2024-01-09,0.14
2024-01-04 14:24:00+05:30,36.99221075649672,37.1401795995227,36.84424191347073,36.99221075649672,100,24600,PE,2024-01-09,0.14
2024-01-04 14:25:00+05:30,283.30563660436616,284.4388591507836,282.1724140579487,283.30563660436616,100,24600,CE,2024-01-09,0.14
2024-01-04 14:25:00+05:30,43.005799768469444,43.17782296754332,42.83377656939557,43.005799768469444,100,24600,PE,2024-01-09,0.14
2024-01-04 14:26:00+05:30,281.4802236024739,282.6061444968838,280.35430270806404,281.4802236024739,100,24600,CE,2024-01-09,0.14
2024-01-04 14:26:00+05:30,44.831212770361674,45.01053762144312,44.65188791928023,44.831212770361674,100,24600,PE,2024-01-09,0.14
2024-01-04 14:27:00+05:30,286.32660323212855,287.47190964505705,285.18129681920004,286.32660323212855,100,24600,CE,2024-01-09,0.14
2024-01-04 14:27:00+05:30,39.98483314070705,40.14477247326988,39.824893808144225,39.98483314070705,100,24600,PE,2024-01-09,0.14
2024-01-04 14:28:00+05:30,282.6752275868244,283.8059284971717,281.5445266764771,282.6752275868244,100,24600,CE,2024-01-09,0.14
2024-01-04 14:28:00+05:30,43.636208786011196,43.81075362115524,43.46166395086715,43.636208786011196,100,24600,PE,2024-01-09,0.14
2024-01-04 14:29:00+05:30,278.8969777814096,280.01256569253525,277.78138987028393,278.8969777814096,100,24600,CE,2024-01-09,0.14
2024-01-04 14:29:00+05:30,47.41445859142601,47.604116425791716,47.22480075706031,47.41445859142601,100,24600,PE,2024-01-09,0.14
2024-01-04 14:30:00+05:30,287.27128687280725,288.4203720202985,286.122201725316,287.27128687280725,100,24600,CE,2024-01-09,0.14
2024-01-04 14:30:00+05:30,39.04014950002835,39.19631009802846,38.883988902028236,39.04014950002835,100,24600,PE,2024-01-09,0.14
2024-01-04 14:31:00+05:30,292.1643436959426,293.33300107072637,290.9956863211588,292.1643436959426,100,24600,CE,2024-01-09,0.14
2024-01-04 14:31:00+05:30,34.14709267689301,34.28368104760058,34.01050430618544,34.14709267689301,100,24600,PE,2024-01-09,0.14
2024-01-04 14:32:00+05:30,298.4182844630855,299.61195760093784,297.2246113252332,298.4182844630855,100,24600,CE,2024-01-09,0.14
2024-01-04 14:32:00+05:30,27.893151909750088,28.00472451738909,27.781579302111087,27.893151909750088,100,24600,PE,2024-01-09,0.14
2024-01-04 14:33:00+05:30,298.6332689453853,299.8278020211668,297.43873586960376,298.6332689453853,100,24600,CE,2024-01-09,0.14
2024-01-04 14:33:00+05:30,27.67816742745032,27.78888009716012,27.567454757740517,27.67816742745032,100,24600,PE,2024-01-09,0.14
2024-01-04 14:34:00+05:30,299.9265237902551,301.12622988541614,298.72681769509404,299.9265237902551,100,24600,CE,2024-01-09,0.14
2024-01-04 14:34:00+05:30,26.38491258258051,26.490452232910833,26.27937293225019,26.38491258258051,100,24600,PE,2024-01-09,0.14
2024-01-04 14:35:00+05:30,303.10679615499663,304.3192233396166,301.89436897037666,303.10679615499663,100,24600,CE,2024-01-09,0.14
2024-01-04 14:35:00+05:30,23.20464021783897,23.29745877871033,23.111821656967614,23.20464021783897,100,24600,PE,2024-01-09,0.14
2024-01-04 14:36:00+05:30,305.52032596186524,306.7424072657127,304.2982446580178,305.52032596186524,100,24600,CE,2024-01-09,0.14
2024-01-04 14:36:00+05:30,20.79111041097036,20.874274852614242,20.70794596932648,20.79111041097036,100,24600,PE,2024-01-09,0.14
2024-01-04 14:37:00+05:30,305.4415171689366,306.66328323761235,304.2197511002609,305.4415171689366,100,24600,CE,2024-01-09,0.14
2024-01-04 14:37:00+05:30,20.869919203898974,20.95339888071457,20.786439527083377,20.869919203898974,100,24600,PE,2024-01-09,0.14
2024-01-04 14:38:00+05:30,300.0905030688978,301.2908650811734,298.8901410566222,300.0905030688978,100,24600,CE,2024-01-09,0.14
2024-01-04 14:38:00+05:30,26.220933303937784,26.325817037153534,26.116049570722033,26.220933303937784,100,24600,PE,2024-01-09,0.14
2024-01-04 14:39:00+05:30,297.53178293202706,298.72191006375516,296.34165580029895,297.53178293202706,100,24600,CE,2024-01-09,0.14
2024-01-04 14:39:00+05:30,28.779653440808545,28.894772054571778,28.664534827045312,28.779653440808545,100,24600,PE,2024-01-09,0.14
2024-01-04 14:40:00+05:30,292.00344315886156,293.171456931497,290.8354293862261,292.00344315886156,100,24600,CE,2024-01-09,0.14
2024-01-04 14:40:00+05:30,34.307993213974044,34.44522518682994,34.17076124111815,34.307993213974044,100,24600,PE,2024-01-09,0.14
2024-01-04 14:41:00+05:30,298.2687627380661,299.4618377890183,297.0756876871138,298.2687627380661,100,24600,CE,2024-01-09,0.14
2024-01-04 14:41:00+05:30,28.04267363476953,28.154844329308606,27.93050294023045,28.04267363476953,100,24600,PE,2024-01-09,0.14
2024-01-04 14:42:00+05:30,296.96508379196763,298.1529441271355,295.77722345679973,296.96508379196763,100,24600,CE,2024-01-09,0.14
2024-01-04 14:42:00+05:30,29.346352580867972,29.463737991191444,29.2289671705445,29.346352580867972,100,24600,PE,2024-01-09,0.14
2024-01-04 14:43:00+05:30,296.497399078377,297.6833886746905,295.3114094820635,296.497399078377,100,24600,CE,2024-01-09,0.14
2024-01-04 14:43:00+05:30,29.814037294458615,29.93329344363645,29.69478114528078,29.814037294458615,100,24600,PE,2024-01-09,0.14
2024-01-04 14:44:00+05:30,297.80271466389473,298.9939255225503,296.6115038052392,297.80271466389473,100,24600,CE,2024-01-09,0.14
2024-01-04 14:44:00+05:30,28.508721708940868,28.622756595776632,28.394686822105104,28.508721708940868,100,24600,PE,2024-01-09,0.14
2024-01-04 14:45:00+05:30,298.0795026054753,299.2718206158972,296.8871845950534,298.0795026054753,100,24600,CE,2024-01-09,0.14
2024-01-04 14:45:00+05:30,28.231933767360317,28.344861502429758,28.119006032290876,28.231933767360317,100,24600,PE,2024-01-09,0.14
2024-01-04 14:46:00+05:30,300.3066614662935,301.5078881121587,299.10543482042834,300.3066614662935,100,24600,CE,2024-01-09,0.14
2024-01-04 14:46:00+05:30,26.00477490654208,26.10879400616825,25.900755806915914,26.00477490654208,100,24600,PE,2024-01-09,0.14
2024-01-04 14:47:00+05:30,298.1223986392402,299.31488823379715,296.92990904468326,298.1223986392402,100,24600,CE,2024-01-09,0.14
2024-01-04 14:47:00+05:30,28.1890377335954,28.30179388452978,28.076281582661018,28.1890377335954,100,24600,PE,2024-01-09,0.14
2024-01-04 14:48:00+05:30,292.4886143069312,293.65856876415893,291.31865984970347,292.4886143069312,100,24600,CE,2024-01-09,0.14
2024-01-04 14:48:00+05:30,33.822822065904404,33.95811335416802,33.68753077764079,33.822822065904404,100,24600,PE,2024-01-09,0.14
2024-01-04 14:49:00+05:30,299.3822942991324,300.57982347632895,298.18476512193587,299.3822942991324,100,24600,CE,2024-01-09,0.14
2024-01-04 14:49:00+05:30,26.92914207370319,27.036858641998002,26.821425505408378,26.92914207370319,100,24600,PE,2024-01-09,0.14
2024-01-04 14:50:00+05:30,296.844182074638,298.03155880293656,295.65680534633947,296.844182074638,100,24600,CE,2024-01-09,0.14
2024-01-04 14:50:00+05:30,29.467254298197588,29.58512331539038,29.349385281004796,29.467254298197588,100,24600,PE,2024-01-09,0.14
2024-01-04 14:51:00+05:30,295.20671281630763,296.38753966757287,294.0258859650424,295.20671281630763,100,24600,CE,2024-01-09,0.14
2024-01-04 14:51:00+05:30,31.104723556527972,31.229142450754082,30.98030466230186,31.104723556527972,100,24600,PE,2024-01-09,0.14
2024-01-04 14:52:00+05:30,292.3402878143157,293.5096489655729,291.1709266630584,292.3402878143157,100,24600,CE,2024-01-09,0.14
2024-01-04 14:52:00+05:30,33.97114855851993,34.107033152754006,33.83526396428585,33.97114855851993,100,24600,PE,2024-01-09,0.14
2024-01-04 14:53:00+05:30,290.4144918837051,291.57614985123996,289.2528339161703,290.4144918837051,100,24600,CE,2024-01-09,0.14
2024-01-04 14:53:00+05:30,35.896944489130476,36.040532267086995,35.75335671117396,35.896944489130476,100,24600,PE,2024-01-09,0.14
2024-01-04 14:54:00+05:30,290.65588597146103,291.8185095153469,289.4932624275752,290.65588597146103,100,24600,CE,2024-01-09,0.14
2024-01-04 14:54:00+05:30,35.65555040137457,35.79817260298007,35.51292819976907,35.65555040137457,100,24600,PE,2024-01-09,0.14
2024-01-04 14:55:00+05:30,293.67340949382793,294.84810313180327,292.4987158558526,293.67340949382793,100,24600,CE,2024-01-09,0.14
2024-01-04 14:55:00+05:30,32.63802687900767,32.7685789865237,32.50747477149164,32.63802687900767,100,24600,PE,2024-01-09,0.14
2024-01-04 14:56:00+05:30,289.8061825744067,290.96540730470434,288.64695784410907,289.8061825744067,100,24600,CE,2024-01-09,0.14
2024-01-04 14:56:00+05:30,36.505253798428896,36.651274813622614,36.35923278323518,36.505253798428896,100,24600,PE,2024-01-09,0.14
2024-01-04 14:57:00+05:30,291.0634765263117,292.227730432417,289.89922262020644,291.0634765263117,100,24600,CE,2024-01-09,0.14
2024-01-04 14:57:00+05:30,35.247959846523884,35.38895168590998,35.10696800713779,35.247959846523884,100,24600,PE,2024-01-09,0.14
2024-01-04 14:58:00+05:30,288.63856245007315,289.79311669987345,287.48400820027285,288.63856245007315,100,24600,CE,2024-01-09,0.14
2024-01-04 14:58:00+05:30,37.67287392276245,37.8235654184535,37.5221824270714,37.67287392276245,100,24600,PE,2024-01-09,0.14
2024-01-04 14:59:00+05:30,293.36780245873393,294.54127366856886,292.194331248899,293.36780245873393,100,24600,CE,2024-01-09,0.14
2024-01-04 14:59:00+05:30,32.94363391410167,33.07540844975807,32.81185937844526,32.94363391410167,100,24600,PE,2024-01-09,0.14
2024-01-04 15:00:00+05:30,288.8070543767522,289.9622825942592,287.6518261592452,288.8070543767522,100,24600,CE,2024-01-09,0.14
2024-01-04 15:00:00+05:30,37.504381996083396,37.65439952406773,37.354364468099064,37.504381996083396,100,24600,PE,2024-01-09,0.14
2024-01-04 15:01:00+05:30,289.32464458491137,290.481943163251,288.16734600657173,289.32464458491137,100,24600,CE,2024-01-09,0.14
2024-01-04 15:01:00+05:30,36.98679178792423,37.13473895507593,36.838844620772534,36.98679178792423,100,24600,PE,2024-01-09,0.14
2024-01-04 15:02:00+05:30,292.17797778508844,293.3466896962288,291.0092658739481,292.17797778508844,100,24600,CE,2024-01-09,0.14
2024-01-04 15:02:00+05:30,34.13345858774716,34.26999242209815,33.996924753396165,34.13345858774716,100,24600,PE,2024-01-09,0.14
2024-01-04 15:03:00+05:30,287.12107136379797,288.26955564925316,285.97258707834277,287.12107136379797,100,24600,CE,2024-01-09,0.14
2024-01-04 15:03:00+05:30,39.190365009037635,39.347126469073785,39.033603549001484,39.190365009037635,100,24600,PE,2024-01-09,0.14
2024-01-04 15:04:00+05:30,287.66233272979713,288.8129820607163,286.51168339887795,287.66233272979713,100,24600,CE,2024-01-09,0.14
2024-01-04 15:04:00+05:30,38.64910364303847,38.80370005761063,38.49450722846632,38.64910364303847,100,24600,PE,2024-01-09,0.14
2024-01-04 15:05:00+05:30,288.3379959742129,289.49134795810977,287.18464399031603,288.3379959742129,100,24600,CE,2024-01-09,0.14
2024-01-04 15:05:00+05:30,37.9734403986227,38.12533416021719,37.821546637028206,37.9734403986227,100,24600,PE,2024-01-09,0.14
2024-01-04 15:06:00+05:30,285.4116643425173,286.5533109998874,284.27001768514725,285.4116643425173,100,24600,CE,2024-01-09,0.14
2024-01-04 15:06:00+05:30,40.899772030318275,41.06337111843955,40.736172942197,40.899772030318275,100,24600,PE,2024-01-09,0.14
2024-01-04 15:07:00+05:30,284.6976404262646,285.83643098796966,283.5588498645596,284.6976404262646,100,24600,CE,2024-01-09,0.14
2024-01-04 15:07:00+05:30,41.613795946570974,41.78025113035726,41.44734076278469,41.613795946570974,100,24600,PE,2024-01-09,0.14
2024-01-04 15:08:00+05:30,288.5771833237546,289.7314920570496,287.42287459045957,288.5771833237546,100,24600,CE,2024-01-09,0.14
2024-01-04 15:08:00+05:30,37.73425304908102,37.88519006127734,37.583316036884696,37.73425304908102,100,24600,PE,2024-01-09,0.14
2024-01-04 15:09:00+05:30,289.61579719275375,290.77426038152475,288.45733400398274,289.61579719275375,100,24600,CE,2024-01-09,0.14
2024-01-04 15:09:00+05:30,36.695639180081855,36.84242173680218,36.54885662336153,36.695639180081855,100,24600,PE,2024-01-09,0.14
2024-01-04 15:10:00+05:30,288.1394759755772,289.29203387947956,286.9869180716749,288.1394759755772,100,24600,CE,2024-01-09,0.14
2024-01-04 15:10:00+05:30,38.171960397258374,38.32464823884741,38.01927255566934,38.171960397258374,100,24600,PE,2024-01-09,0.14
2024-01-04 15:11:00+05:30,287.4444825476226,288.5942604778131,286.2947046174321,287.4444825476226,100,24600,CE,2024-01-09,0.14
2024-01-04 15:11:00+05:30,38.86695382521299,39.02242164051384,38.711486009912136,38.86695382521299,100,24600,PE,2024-01-09,0.14
2024-01-04 15:12:00+05:30,289.24002699058525,290.3969870985476,288.0830668826229,289.24002699058525,100,24600,CE,2024-01-09,0.14
2024-01-04 15:12:00+05:30,37.07140938225035,37.21969501977935,36.92312374472135,37.07140938225035,100,24600,PE,2024-01-09,0.14
2024-01-04 15:13:00+05:30,294.1563199110156,295.33294519065964,292.97969463137156,294.1563199110156,100,24600,CE,2024-01-09,0.14
2024-01-04 15:13:00+05:30,32.15511646182,32.28373692766728,32.026495995972724,32.15511646182,100,24600,PE,2024-01-09,0.14
2024-01-04 15:14:00+05:30,297.267966637985,298.45703850453697,296.07889477143306,297.267966637985,100,24600,CE,2024-01-09,0.14
2024-01-04 15:14:00+05:30,29.04346973485059,29.159643613789992,28.927295855911186,29.04346973485059,100,24600,PE,2024-01-09,0.14
2024-01-04 15:15:00+05:30,300.13168206121605,301.33220878946094,298.9311553329712,300.13168206121605,100,24600,CE,2024-01-09,0.14
2024-01-04 15:15:00+05:30,26.179754311619547,26.284473328866024,26.07503529437307,26.179754311619547,100,24600,PE,2024-01-09,0.14
2024-01-04 15:16:00+05:30,306.15827183677226,307.3829049241194,304.93363874942514,306.15827183677226,100,24600,CE,2024-01-09,0.14
2024-01-04 15:16:00+05:30,20.153164536063343,20.233777194207597,20.07255187791909,20.153164536063343,100,24600,PE,2024-01-09,0.14
2024-01-04 15:17:00+05:30,300.37450337700517,301.57600139051317,299.17300536349717,300.37450337700517,100,24600,CE,2024-01-09,0.14
2024-01-04 15:17:00+05:30,25.936932995830432,26.040680727813754,25.83318526384711,25.936932995830432,100,24600,PE,2024-01-09,0.14
2024-01-04 15:18:00+05:30,294.9988823978061,296.1788779273973,293.81888686821486,294.9988823978061,100,24600,CE,2024-01-09,0.14
2024-01-04 15:18:00+05:30,31.312553975029516,31.437804190929633,31.1873037591294,31.312553975029516,100,24600,PE,2024-01-09,0.14
2024-01-04 15:19:00+05:30,286.4467530891657,287.5925401015224,285.30096607680906,286.4467530891657,100,24600,CE,2024-01-09,0.14
2024-01-04 15:19:00+05:30,39.864683283669876,40.024142016804554,39.7052245505352,39.864683283669876,100,24600,PE,2024-01-09,0.14
2024-01-04 15:20:00+05:30,289.67643370516686,290.83513943998753,288.5177279703462,289.67643370516686,100,24600,CE,2024-01-09,0.14
2024-01-04 15:20:00+05:30,36.63500266766874,36.78154267833942,36.48846265699807,36.63500266766874,100,24600,PE,2024-01-09,0.14
2024-01-04 15:21:00+05:30,281.0614054176936,282.18565103936436,279.93715979602285,281.0614054176936,100,24600,CE,2024-01-09,0.14
2024-01-04 15:21:00+05:30,45.250030955141995,45.43103107896256,45.06903083132143,45.250030955141995,100,24600,PE,2024-01-09,0.14
2024-01-04 15:22:00+05:30,280.95434879797773,282.07816619316964,279.8305314027858,280.95434879797773,100,24600,CE,2024-01-09,0.14
2024-01-04 15:22:00+05:30,45.35708757485787,45.538515925157306,45.17565922455844,45.35708757485787,100,24600,PE,2024-01-09,0.14
2024-01-04 15:23:00+05:30,283.86802050838793,285.0034925904215,282.73254842635436,283.86802050838793,100,24600,CE,2024-01-09,0.14
2024-01-04 15:23:00+05:30,42.44341586444767,42.61318952790546,42.27364220098988,42.44341586444767,100,24600,PE,2024-01-09,0.14
2024-01-04 15:24:00+05:30,278.6297989715627,279.74431816744897,277.51527977567645,278.6297989715627,100,24600,CE,2024-01-09,0.14
2024-01-04 15:24:00+05:30,47.681637401272894,47.87236395087798,47.490910851667806,47.681637401272894,100,24600,PE,2024-01-09,0.14
2024-01-04 15:25:00+05:30,276.1748743610647,277.27957385850897,275.0701748636205,276.1748743610647,100,24600,CE,2024-01-09,0.14
2024-01-04 15:25:00+05:30,50.13656201177088,50.33710825981796,49.936015763723795,50.13656201177088,100,24600,PE,2024-01-09,0.14
2024-01-04 15:26:00+05:30,275.2239605545279,276.324856396746,274.12306471230977,275.2239605545279,100,24600,CE,2024-01-09,0.14
2024-01-04 15:26:00+05:30,51.08747581830772,51.291825721580956,50.88312591503449,51.08747581830772,100,24600,PE,2024-01-09,0.14
2024-01-04 15:27:00+05:30,278.0276027437745,279.1397131547496,276.9154923327994,278.0276027437745,100,24600,CE,2024-01-09,0.14
2024-01-04 15:27:00+05:30,48.28383362906112,48.47696896357736,48.09069829454488,48.28383362906112,100,24600,PE,2024-01-09,0.14
2024-01-04 15:28:00+05:30,272.32166868306973,273.41095535780204,271.2323820083374,272.32166868306973,100,24600,CE,2024-01-09,0.14
2024-01-04 15:28:00+05:30,53.98976768976587,54.20572676052493,53.77380861900681,53.98976768976587,100,24600,PE,2024-01-09,0.14
2024-01-04 15:29:00+05:30,273.5642692532152,274.658526330228,272.4700121762023,273.5642692532152,100,24600,CE,2024-01-09,0.14
2024-01-04 15:29:00+05:30,52.74716711962043,52.958155788098914,52.53617845114194,52.74716711962043,100,24600,PE,2024-01-09,0.14
2024-01-04 15:30:00+05:30,276.2347503613715,277.33968936281696,275.129811359926,276.2347503613715,100,24600,CE,2024-01-09,0.14
2024-01-04 15:30:00+05:30,50.07668601146412,50.27699275550997,49.876379267418265,50.07668601146412,100,24600,PE,2024-01-09,0.14
2024-01-05 09:15:00+05:30,147.68035051156417,148.27107191361043,147.08962910951792,147.68035051156417,100,24800,CE,2024-01-09,0.14
2024-01-05 09:15:00+05:30,147.68035051156417,148.27107191361043,147.08962910951792,147.68035051156417,100,24800,PE,2024-01-09,0.14
2024-01-05 09:16:00+05:30,148.19135155735435,148.78411696358376,147.59858615112495,148.19135155735435,100,24800,CE,2024-01-09,0.14
2024-01-05 09:16:00+05:30,147.169349465774,147.7580268636371,146.58067206791088,147.169349465774,100,24800,PE,2024-01-09,0.14
2024-01-05 09:17:00+05:30,154.36356775381333,154.98102202482858,153.74611348279808,154.36356775381333,100,24800,CE,2024-01-09,0.14
2024-01-05 09:17:00+05:30,140.99713326931501,141.56112180239228,140.43314473623775,140.99713326931501,100,24800,PE,2024-01-09,0.14
2024-01-05 09:18:00+05:30,157.7433772875485,158.37435079669868,157.11240377839832,157.7433772875485,100,24800,CE,2024-01-09,0.14
2024-01-05 09:18:00+05:30,137.61732373557984,138.16779303052218,137.0668544406375,137.61732373557984,100,24800,PE,2024-01-09,0.14
2024-01-05 09:19:00+05:30,164.32607785917585,164.98338217061257,163.66877354773914,164.32607785917585,100,24800,CE,2024-01-09,0.14
2024-01-05 09:19:00+05:30,131.0346231639525,131.5587616566083,130.51048467129667,131.0346231639525,100,24800,PE,2024-01-09,0.14
2024-01-05 09:20:00+05:30,165.9669972831363,166.63086527226884,165.30312929400375,165.9669972831363,100,24800,CE,2024-01-09,0.14
2024-01-05 09:20:00+05:30,129.39370373999205,129.91127855495202,128.87612892503208,129.39370373999205,100,24800,PE,2024-01-09,0.14
2024-01-05 09:21:00+05:30,167.66662053455016,168.33728701668835,166.99595405241197,167.66662053455016,100,24800,CE,2024-01-09,0.14
2024-01-05 09:21:00+05:30,127.69408048857818,128.2048568105325,127.18330416662387,127.69408048857818,100,24800,PE,2024-01-09,0.14
2024-01-05 09:22:00+05:30,172.92502370654998,173.61672380137617,172.2333236117238,172.92502370654998,100,24800,CE,2024-01-09,0.14
2024-01-05 09:22:00+05:30,122.43567731657836,122.92542002584467,121.94593460731205,122.43567731657836,100,24800,PE,2024-01-09,0.14
2024-01-05 09:23:00+05:30,175.46813440067868,176.1700069382814,174.76626186307595,175.46813440067868,100,24800,CE,2024-01-09,0.14
2024-01-05 09:23:00+05:30,119.89256662244966,120.37213688893947,119.41299635595986,119.89256662244966,100,24800,PE,2024-01-09,0.14
2024-01-05 09:24:00+05:30,176.86429811343456,177.5717553058883,176.1568409209808,176.86429811343456,100,24800,CE,2024-01-09,0.14
2024-01-05 09:24:00+05:30,118.49640290969378,118.97038852133257,118.022417298055,118.49640290969378,100,24800,PE,2024-01-09,0.14
2024-01-05 09:25:00+05:30,175.08572984197795,175.78607276134585,174.38538692261005,175.08572984197795,100,24800,CE,2024-01-09,0.14
2024-01-05 09:25:00+05:30,120.27497118115039,120.75607106587499,119.79387129642579,120.27497118115039,100,24800,PE,2024-01-09,0.14
2024-01-05 09:26:00+05:30,169.69044612954,170.36920791405817,169.01168434502182,169.69044612954,100,24800,CE,2024-01-09,0.14
2024-01-05 09:26:00+05:30,125.67025489358835,126.1729359131627,125.167573874014,125.67025489358835,100,24800,PE,2024-01-09,0.14
2024-01-05 09:27:00+05:30,175.3715618679636,176.07304811543545,174.67007562049176,175.3715618679636,100,24800,CE,2024-01-09,0.14
2024-01-05 09:27:00+05:30,119.98913915516474,120.4690957117854,119.50918259854407,119.98913915516474,100,24800,PE,2024-01-09,0.14
2024-01-05 09:28:00+05:30,173.95724075582453,174.65306971884783,173.26141179280123,173.95724075582453,100,24800,CE,2024-01-09,0.14
2024-01-05 09:28:00+05:30,121.40346026730381,121.88907410837302,120.9178464262346,121.40346026730381,100,24800,PE,2024-01-09,0.14
2024-01-05 09:29:00+05:30,171.32506966996712,172.010369948647,170.63976939128725,171.32506966996712,100,24800,CE,2024-01-09,0.14
2024-01-05 09:29:00+05:30,124.03563135316122,124.53177387857387,123.53948882774857,124.03563135316122,100,24800,PE,2024-01-09,0.14
2024-01-05 09:30:00+05:30,174.6997832996423,175.39858243284087,174.00098416644371,174.6997832996423,100,24800,CE,2024-01-09,0.14
2024-01-05 09:30:00+05:30,120.66091772348605,121.14356139438,120.1782740525921,120.66091772348605,100,24800,PE,2024-01-09,0.14
2024-01-05 09:31:00+05:30,171.54925840442425,172.23545543804195,170.86306137080655,171.54925840442425,100,24800,CE,2024-01-09,0.14
2024-01-05 09:31:00+05:30,123.81144261870409,124.3066883891789,123.31619684822928,123.81144261870409,100,24800,PE,2024-01-09,0.14
2024-01-05 09:32:00+05:30,166.67697207976576,167.3436799680848,166.0102641914467,166.67697207976576,100,24800,CE,2024-01-09,0.14
2024-01-05 09:32:00+05:30,128.68372894336258,129.19846385913604,128.16899402758912,128.68372894336258,100,24800,PE,2024-01-09,0.14
2024-01-05 09:33:00+05:30,164.71738502626263,165.3762545663677,164.05851548615757,164.71738502626263,100,24800,CE,2024-01-09,0.14
2024-01-05 09:33:00+05:30,130.6433159968657,131.16588926085316,130.12074273287826,130.6433159968657,100,24800,PE,2024-01-09,0.14
2024-01-05 09:34:00+05:30,164.649291652877,165.3078888194885,163.99069448626548,164.649291652877,100,24800,CE,2024-01-09,0.14
2024-01-05 09:34:00+05:30,130.71140937025135,131.23425500773234,130.18856373277035,130.71140937025135,100,24800,PE,2024-01-09,0.14
2024-01-05 09:35:00+05:30,165.82943743523916,166.49275518498013,165.1661196854982,165.82943743523916,100,24800,CE,2024-01-09,0.14
2024-01-05 09:35:00+05:30,129.53126358788919,130.04938864224073,129.01313853353764,129.53126358788919,100,24800,PE,2024-01-09,0.14
2024-01-05 09:36:00+05:30,167.90374950973833,168.5753645077773,167.23213451169937,167.90374950973833,100,24800,CE,2024-01-09,0.14
2024-01-05 09:36:00+05:30,127.45695151339001,127.96677931944357,126.94712370733644,127.45695151339001,100,24800,PE,2024-01-09,0.14
2024-01-05 09:37:00+05:30,171.68188240834584,172.36860993797922,170.99515487871247,171.68188240834584,100,24800,CE,2024-01-09,0.14
2024-01-05 09:37:00+05:30,123.6788186147825,124.17353388924163,123.18410334032338,123.6788186147825,100,24800,PE,2024-01-09,0.14
2024-01-05 09:38:00+05:30,171.4245814902753,172.1102798162364,170.7388831643142,171.4245814902753,100,24800,CE,2024-01-09,0.14
2024-01-05 09:38:00+05:30,123.93611953285304,124.43186401098446,123.44037505472163,123.93611953285304,100,24800,PE,2024-01-09,0.14
2024-01-05 09:39:00+05:30,172.96216700141682,173.65401566942248,172.27031833341115,172.96216700141682,100,24800,CE,2024-01-09,0.14
2024-01-05 09:39:00+05:30,122.39853402171153,122.88812815779838,121.90893988562468,122.39853402171153,100,24800,PE,2024-01-09,0.14
2024-01-05 09:40:00+05:30,172.72877968559274,173.4196948043351,172.03786456685037,172.72877968559274,100,24800,CE,2024-01-09,0.14
2024-01-05 09:40:00+05:30,122.6319213375356,123.12244902288575,122.14139365218546,122.6319213375356,100,24800,PE,2024-01-09,0.14
2024-01-05 09:41:00+05:30,170.53543922987788,171.2175809867974,169.85329747295836,170.53543922987788,100,24800,CE,2024-01-09,0.14
2024-01-05 09:41:00+05:30,124.82526179325046,125.32456284042347,124.32596074607746,124.82526179325046,100,24800,PE,2024-01-09,0.14
2024-01-05 09:42:00+05:30,172.21613155762876,172.90499608385926,171.52726703139825,172.21613155762876,100,24800,CE,2024-01-09,0.14
2024-01-05 09:42:00+05:30,123.14456946549959,123.63714774336158,122.65199118763759,123.14456946549959,100,24800,PE,2024-01-09,0.14
2024-01-05 09:43:00+05:30,173.71608051115086,174.41094483319546,173.02121618910627,173.71608051115086,100,24800,CE,2024-01-09,0.14
2024-01-05 09:43:00+05:30,121.64462051197748,122.13119899402538,121.15804202992958,121.64462051197748,100,24800,PE,2024-01-09,0.14
2024-01-05 09:44:00+05:30,180.78683065298551,181.50997797559745,180.06368333037358,180.78683065298551,100,24800,CE,2024-01-09,0.14
2024-01-05 09:44:00+05:30,114.57387037014283,115.0321658516234,114.11557488866225,114.57387037014283,100,24800,PE,2024-01-09,0.14
2024-01-05 09:45:00+05:30,183.20130836762306,183.93411360109354,182.46850313415257,183.20130836762306,100,24800,CE,2024-01-09,0.14
2024-01-05 09:45:00+05:30,112.15939265550529,112.60803022612731,111.71075508488326,112.15939265550529,100,24800,PE,2024-01-09,0.14
2024-01-05 09:46:00+05:30,180.8028366775417,181.52604802425188,180.07962533083153,180.8028366775417,100,24800,CE,2024-01-09,0.14
2024-01-05 09:46:00+05:30,114.55786434558664,115.01609580296899,114.09963288820428,114.55786434558664,100,24800,PE,2024-01-09,0.14
2024-01-05 09:47:00+05:30,183.21027060650718,183.94311168893321,182.47742952408115,183.21027060650718,100,24800,CE,2024-01-09,0.14
2024-01-05 09:47:00+05:30,112.15043041662116,112.59903213828765,111.70182869495467,112.15043041662116,100,24800,PE,2024-01-09,0.14
2024-01-05 09:48:00+05:30,182.47327390879414,183.20316700442933,181.74338081315895,182.47327390879414,100,24800,CE,2024-01-09,0.14
2024-01-05 09:48:00+05:30,112.8874271143342,113.33897682279154,112.43587740587687,112.8874271143342,100,24800,PE,2024-01-09,0.14
2024-01-05 09:49:00+05:30,188.52253012173801,189.27662024222496,187.76844000125107,188.52253012173801,100,24800,CE,2024-01-09,0.14
2024-01-05 09:49:00+05:30,106.83817090139033,107.26552358499589,106.41081821778477,106.83817090139033,100,24800,PE,2024-01-09,0.14
2024-01-05 09:50:00+05:30,182.389807184769,183.1193664135081,181.66024795602993,182.389807184769,100,24800,CE,2024-01-09,0.14
2024-01-05 09:50:00+05:30,112.97089383835933,113.42277741371277,112.5190102630059,112.97089383835933,100,24800,PE,2024-01-09,0.14
2024-01-05 09:51:00+05:30,180.128340434978,180.84885379671792,179.4078270732381,180.128340434978,100,24800,CE,2024-01-09,0.14
2024-01-05 09:51:00+05:30,115.23236058815033,115.69329003050294,114.77143114579772,115.23236058815033,100,24800,PE,2024-01-09,0.14
2024-01-05 09:52:00+05:30,177.87605943659233,178.5875636743387,177.16455519884596,177.87605943659233,100,24800,CE,2024-01-09,0.14
2024-01-05 09:52:00+05:30,117.48464158653601,117.95458015288216,117.01470302018987,117.48464158653601,100,24800,PE,2024-01-09,0.14
2024-01-05 09:53:00+05:30,178.51857098795713,179.23264527190895,177.80449670400532,178.51857098795713,100,24800,CE,2024-01-09,0.14
2024-01-05 09:53:00+05:30,116.84213003517121,117.30949855531189,116.37476151503053,116.84213003517121,100,24800,PE,2024-01-09,0.14
2024-01-05 09:54:00+05:30,178.23457894763865,178.9475172634292,177.5216406318481,178.23457894763865,100,24800,CE,2024-01-09,0.14
2024-01-05 09:54:00+05:30,117.12612207548969,117.59462656379165,116.65761758718773,117.12612207548969,100,24800,PE,2024-01-09,0.14
2024-01-05 09:55:00+05:30,172.53666158948195,173.22680823583988,171.84651494312402,172.53666158948195,100,24800,CE,2024-01-09,0.14
2024-01-05 09:55:00+05:30,122.82403943364639,123.31533559138097,122.33274327591181,122.82403943364639,100,24800,PE,2024-01-09,0.14
2024-01-05 09:56:00+05:30,165.8251803099685,166.48848103120835,165.16187958872862,165.8251803099685,100,24800,CE,2024-01-09,0.14
2024-01-05 09:56:00+05:30,129.53552071315985,130.0536627960125,129.0173786303072,129.53552071315985,100,24800,PE,2024-01-09,0.14
2024-01-05 09:57:00+05:30,166.69954790818716,167.3663460998199,166.0327497165544,166.69954790818716,100,24800,CE,2024-01-09,0.14
2024-01-05 09:57:00+05:30,128.6611531149412,129.17579772740095,128.14650850248142,128.6611531149412,100,24800,PE,2024-01-09,0.14
2024-01-05 09:58:00+05:30,172.33195870797877,173.02128654281069,171.64263087314686,172.33195870797877,100,24800,CE,2024-01-09,0.14
2024-01-05 09:58:00+05:30,123.02874231514957,123.52085728441017,122.53662734588897,123.02874231514957,100,24800,PE,2024-01-09,0.14
2024-01-05 09:59:00+05:30,177.9190803765397,178.63075669804587,177.20740405503355,177.9190803765397,100,24800,CE,2024-01-09,0.14
2024-01-05 09:59:00+05:30,117.44162064658863,117.91138712917498,116.97185416400228,117.44162064658863,100,24800,PE,2024-01-09,0.14
2024-01-05 10:00:00+05:30,176.63912591454587,177.34568241820406,175.93256941088768,176.63912591454587,100,24800,CE,2024-01-09,0.14
2024-01-05 10:00:00+05:30,118.72157510858247,119.1964614090168,118.24668880814814,118.72157510858247,100,24800,PE,2024-01-09,0.14
2024-01-05 10:01:00+05:30,178.5439460819836,179.2581218663115,177.82977029765567,178.5439460819836,100,24800,CE,2024-01-09,0.14
2024-01-05 10:01:00+05:30,116.81675494114475,117.28402196090933,116.34948792138017,116.81675494114475,100,24800,PE,2024-01-09,0.14
2024-01-05 10:02:00+05:30,175.5361688078448,176.23831348307618,174.83402413261342,175.5361688078448,100,24800,CE,2024-01-09,0.14
2024-01-05 10:02:00+05:30,119.82453221528354,120.30383034414467,119.34523408642241,119.82453221528354,100,24800,PE,2024-01-09,0.14
2024-01-05 10:03:00+05:30,170.3846423623601,171.06618093180953,169.70310379291067,170.3846423623601,100,24800,CE,2024-01-09,0.14
2024-01-05 10:03:00+05:30,124.97605866076825,125.47596289541131,124.47615442612518,124.97605866076825,100,24800,PE,2024-01-09,0.14
2024-01-05 10:04:00+05:30,175.1300441054465,175.83056428186828,174.42952392902473,175.1300441054465,100,24800,CE,2024-01-09,0.14
2024-01-05 10:04:00+05:30,120.23065691768184,120.71157954535256,119.74973429001112,120.23065691768184,100,24800,PE,2024-01-09,0.14
2024-01-05 10:05:00+05:30,177.84077866814928,178.55214178282188,177.1294155534767,177.84077866814928,100,24800,CE,2024-01-09,0.14
2024-01-05 10:05:00+05:30,117.51992235497906,117.99000204439898,117.04984266555914,117.51992235497906,100,24800,PE,2024-01-09,0.14
2024-01-05 10:06:00+05:30,176.8109840409999,177.5182279771639,176.1037401048359,176.8109840409999,100,24800,CE,2024-01-09,0.14
2024-01-05 10:06:00+05:30,118.54971698212844,119.02391585005695,118.07551811419994,118.54971698212844,100,24800,PE,2024-01-09,0.14
2024-01-05 10:07:00+05:30,175.63571673923448,176.33825960619143,174.93317387227754,175.63571673923448,100,24800,CE,2024-01-09,0.14
2024-01-05 10:07:00+05:30,119.72498428389386,120.20388422102944,119.24608434675828,119.72498428389386,100,24800,PE,2024-01-09,0.14
2024-01-05 10:08:00+05:30,179.2410538429214,179.95801805829308,178.5240896275497,179.2410538429214,100,24800,CE,2024-01-09,0.14
2024-01-05 10:08:00+05:30,116.11964718020695,116.58412576892778,115.65516859148613,116.11964718020695,100,24800,PE,2024-01-09,0.14
2024-01-05 10:09:00+05:30,180.64021755981608,181.36277843005536,179.9176566895768,180.64021755981608,100,24800,CE,2024-01-09,0.14
2024-01-05 10:09:00+05:30,114.72048346331226,115.17936539716551,114.26160152945901,114.72048346331226,100,24800,PE,2024-01-09,0.14
2024-01-05 10:10:00+05:30,179.60718351834853,180.32561225242193,178.88875478427514,179.60718351834853,100,24800,CE,2024-01-09,0.14
2024-01-05 10:10:00+05:30,115.75351750477981,116.21653157479892,115.2905034347607,115.75351750477981,100,24800,PE,2024-01-09,0.14
2024-01-05 10:11:00+05:30,180.86330554042084,181.58675876258252,180.13985231825916,180.86330554042084,100,24800,CE,2024-01-09,0.14
2024-01-05 10:11:00+05:30,114.4973954827075,114.95538506463834,114.03940590077667,114.4973954827075,100,24800,PE,2024-01-09,0.14
2024-01-05 10:12:00+05:30,181.04089880842744,181.76506240366115,180.31673521319374,181.04089880842744,100,24800,CE,2024-01-09,0.14
2024-01-05 10:12:00+05:30,114.3198022147009,114.77708142355971,113.86252300584209,114.3198022147009,100,24800,PE,2024-01-09,0.14
2024-01-05 10:13:00+05:30,179.74650516104717,180.46549118169136,179.02751914040297,179.74650516104717,100,24800,CE,2024-01-09,0.14
2024-01-05 10:13:00+05:30,115.61419586208117,116.0766526455295,115.15173907863284,115.61419586208117,100,24800,PE,2024-01-09,0.14
2024-01-05 10:14:00+05:30,177.30860747872262,178.0178419086375,176.59937304880773,177.30860747872262,100,24800,CE,2024-01-09,0.14
2024-01-05 10:14:00+05:30,118.05209354440572,118.52430191858335,117.5798851702281,118.05209354440572,100,24800,PE,2024-01-09,0.14
2024-01-05 10:15:00+05:30,180.94681541172227,181.67060267336916,180.22302815007538,180.94681541172227,100,24800,CE,2024-01-09,0.14
2024-01-05 10:15:00+05:30,114.41388561140607,114.8715411538517,113.95623006896045,114.41388561140607,100,24800,PE,2024-01-09,0.14
2024-01-05 10:16:00+05:30,179.41764913261628,180.13531972914674,178.6999785360858,179.41764913261628,100,24800,CE,2024-01-09,0.14
2024-01-05 10:16:00+05:30,115.94305189051207,116.40682409807411,115.47927968295002,115.94305189051207,100,24800,PE,2024-01-09,0.14
2024-01-05 10:17:00+05:30,175.27459523411213,175.97569361504858,174.57349685317567,175.27459523411213,100,24800,CE,2024-01-09,0.14
2024-01-05 10:17:00+05:30,120.08610578901622,120.56645021217228,119.60576136586015,120.08610578901622,100,24800,PE,2024-01-09,0.14
2024-01-05 10:18:00+05:30,182.17919083258508,182.90790759591542,181.45047406925474,182.17919083258508,100,24800,CE,2024-01-09,0.14
2024-01-05 10:18:00+05:30,113.18151019054326,113.63423623130544,112.72878414978109,113.18151019054326,100,24800,PE,2024-01-09,0.14
2024-01-05 10:19:00+05:30,187.01132223703658,187.75936752598471,186.26327694808845,187.01132223703658,100,24800,CE,2024-01-09,0.14
2024-01-05 10:19:00+05:30,108.34937878609176,108.78277630123613,107.9159812709474,108.34937878609176,100,24800,PE,2024-01-09,0.14
2024-01-05 10:20:00+05:30,189.16805189349012,189.92472410106407,188.41137968591616,189.16805189349012,100,24800,CE,2024-01-09,0.14
2024-01-05 10:20:00+05:30,106.19264912963823,106.61741972615678,105.76787853311967,106.19264912963823,100,24800,PE,2024-01-09,0.14
2024-01-05 10:21:00+05:30,189.14756289899574,189.90415315059172,188.39097264739976,189.14756289899574,100,24800,CE,2024-01-09,0.14
2024-01-05 10:21:00+05:30,106.2131381241326,106.63799067662913,105.78828557163607,106.2131381241326,100,24800,PE,2024-01-09,0.14
2024-01-05 10:22:00+05:30,190.09442886673983,190.8548065822068,189.33405115127286,190.09442886673983,100,24800,CE,2024-01-09,0.14
2024-01-05 10:22:00+05:30,105.26627215638851,105.68733724501406,104.84520706776296,105.26627215638851,100,24800,PE,2024-01-09,0.14
2024-01-05 10:23:00+05:30,184.95656920792513,185.69639548475683,184.21674293109342,184.95656920792513,100,24800,CE,2024-01-09,0.14
2024-01-05 10:23:00+05:30,110.40413181520321,110.84574834246403,109.9625152879424,110.40413181520321,100,24800,PE,2024-01-09,0.14
2024-01-05 10:24:00+05:30,185.10568325462023,185.8461059876387,184.36526052160175,185.10568325462023,100,24800,CE,2024-01-09,0.14
2024-01-05 10:24:00+05:30,110.25501776850811,110.69603783958215,109.81399769743408,110.25501776850811,100,24800,PE,2024-01-09,0.14
2024-01-05 10:25:00+05:30,186.33597317233594,187.08131706502527,185.5906292796466,186.33597317233594,100,24800,CE,2024-01-09,0.14
2024-01-05 10:25:00+05:30,109.0247278507924,109.46082676219557,108.58862893938924,109.0247278507924,100,24800,PE,2024-01-09,0.14
2024-01-05 10:26:00+05:30,185.81077729492986,186.5540204041096,185.06753418575013,185.81077729492986,100,24800,CE,2024-01-09,0.14
2024-01-05 10:26:00+05:30,109.54992372819848,109.98812342311128,109.11172403328568,109.54992372819848,100,24800,PE,2024-01-09,0.14
2024-01-05 10:27:00+05:30,187.6301822185434,188.38070294741757,186.87966148966925,187.6301822185434,100,24800,CE,2024-01-09,0.14
2024-01-05 10:27:00+05:30,107.73051880458493,108.16144087980327,107.2995967293666,107.73051880458493,100,24800,PE,2024-01-09,0.14
2024-01-05 10:28:00+05:30,185.00896938967722,185.74900526723593,184.2689335121185,185.00896938967722,100,24800,CE,2024-01-09,0.14
2024-01-05 10:28:00+05:30,110.35173163345112,110.79313855998492,109.91032470691732,110.35173163345112,100,24800,PE,2024-01-09,0.14
2024-01-05 10:29:00+05:30,185.88383310861914,186.62736844105362,185.14029777618467,185.88383310861914,100,24800,CE,2024-01-09,0.14
2024-01-05 10:29:00+05:30,109.4768679145092,109.91477538616724,109.03896044285116,109.4768679145092,100,24800,PE,2024-01-09,0.14
2024-01-05 10:30:00+05:30,180.29282565222653,181.01399695483542,179.57165434961763,180.29282565222653,100,24800,CE,2024-01-09,0.14
2024-01-05 10:30:00+05:30,115.06787537090182,115.52814687238542,114.60760386941821,115.06787537090182,100,24800,PE,2024-01-09,0.14
2024-01-05 10:31:00+05:30,180.39139177468874,181.1129573417875,179.66982620758998,180.39139177468874,100,24800,CE,2024-01-09,0.14
2024-01-05 10:31:00+05:30,114.9693092484396,115.42918648543336,114.50943201144584,114.9693092484396,100,24800,PE,2024-01-09,0.14
2024-01-05 10:32:00+05:30,178.31341754874316,179.02667121893813,177.6001638785482,178.31341754874316,100,24800,CE,2024-01-09,0.14
2024-01-05 10:32:00+05:30,117.04728347438518,117.51547260828272,116.57909434048764,117.04728347438518,100,24800,PE,2024-01-09,0.14
2024-01-05 10:33:00+05:30,173.59989184212114,174.29429140948963,172.90549227475265,173.59989184212114,100,24800,CE,2024-01-09,0.14
2024-01-05 10:33:00+05:30,121.7608091810072,122.24785241773124,121.27376594428317,121.7608091810072,100,24800,PE,2024-01-09,0.14
2024-01-05 10:34:00+05:30,172.3118820553956,173.0011295836172,171.62263452717403,172.3118820553956,100,24800,CE,2024-01-09,0.14
2024-01-05 10:34:00+05:30,123.04881896773273,123.54101424360366,122.5566236918618,123.04881896773273,100,24800,PE,2024-01-09,0.14
2024-01-05 10:35:00+05:30,172.5642652988137,173.25452236000896,171.87400823761843,172.5642652988137,100,24800,CE,2024-01-09,0.14
2024-01-05 10:35:00+05:30,122.79643572431465,123.2876214672119,122.30524998141739,122.79643572431465,100,24800,PE,2024-01-09,0.14
2024-01-05 10:36:00+05:30,170.54054477621517,171.22270695532004,169.8583825971103,170.54054477621517,100,24800,CE,2024-01-09,0.14
2024-01-05 10:36:00+05:30,124.82015624691317,125.31943687190082,124.32087562192552,124.82015624691317,100,24800,PE,2024-01-09,0.14
2024-01-05 10:37:00+05:30,174.12876691780926,174.8252819854805,173.43225185013802,174.12876691780926,100,24800,CE,2024-01-09,0.14
2024-01-05 10:37:00+05:30,121.23193410531908,121.71686184174037,120.7470063688978,121.23193410531908,100,24800,PE,2024-01-09,0.14
2024-01-05 10:38:00+05:30,171.7231374968616,172.41003004684904,171.03624494687415,171.7231374968616,100,24800,CE,2024-01-09,0.14
2024-01-05 10:38:00+05:30,123.63756352626675,124.13211378037181,123.14301327216168,123.63756352626675,100,24800,PE,2024-01-09,0.14
2024-01-05 10:39:00+05:30,175.33695474209722,176.03830256106562,174.63560692312882,175.33695474209722,100,24800,CE,2024-01-09,0.14
2024-01-05 10:39:00+05:30,120.02374628103112,120.50384126615525,119.543651295907,120.02374628103112,100,24800,PE,2024-01-09,0.14
2024-01-05 10:40:00+05:30,178.1822992944673,178.89502849164518,177.46957009728942,178.1822992944673,100,24800,CE,2024-01-09,0.14
2024-01-05 10:40:00+05:30,117.17840172866104,117.64711533557569,116.7096881217464,117.17840172866104,100,24800,PE,2024-01-09,0.14
2024-01-05 10:41:00+05:30,176.11190924071175,176.8163568776746,175.4074616037489,176.11190924071175,100,24800,CE,2024-01-09,0.14
2024-01-05 10:41:00+05:30,119.24879178241659,119.72578694954626,118.77179661528692,119.24879178241659,100,24800,PE,2024-01-09,0.14
2024-01-05 10:42:00+05:30,181.54578965445958,182.2719728130774,180.81960649584175,181.54578965445958,100,24800,CE,2024-01-09,0.14
2024-01-05 10:42:00+05:30,113.81491136866876,114.27017101414343,113.35965172319409,113.81491136866876,100,24800,PE,2024-01-09,0.14
2024-01-05 10:43:00+05:30,176.6828183683048,177.38954964177802,175.97608709483157,176.6828183683048,100,24800,CE,2024-01-09,0.14
2024-01-05 10:43:00+05:30,118.67788265482355,119.15259418544284,118.20317112420426,118.67788265482355,100,24800,PE,2024-01-09,0.14
2024-01-05 10:44:00+05:30,178.79680204981756,179.51198925801683,178.0816148416183,178.79680204981756,100,24800,CE,2024-01-09,0.14
2024-01-05 10:44:00+05:30,116.56389897331078,117.03015456920403,116.09764337741754,116.56389897331078,100,24800,PE,2024-01-09,0.14
2024-01-05 10:45:00+05:30,179.1865176682933,179.90326373896647,178.46977159762014,179.1865176682933,100,24800,CE,2024-01-09,0.14
2024-01-05 10:45:00+05:30,116.17418335483504,116.63888008825438,115.70948662141569,116.17418335483504,100,24800,PE,2024-01-09,0.14
2024-01-05 10:46:00+05:30,182.14383567627388,182.87241101897897,181.4152603335688,182.14383567627388,100,24800,CE,2024-01-09,0.14
2024-01-05 10:46:00+05:30,113.21686534685446,113.66973280824187,112.76399788546705,113.21686534685446,100,24800,PE,2024-01-09,0.14
2024-01-05 10:47:00+05:30,176.5173809344507,177.2234504581885,175.8113114107129,176.5173809344507,100,24800,CE,2024-01-09,0.14
2024-01-05 10:47:00+05:30,118.84332008867764,119.31869336903236,118.36794680832293,118.84332008867764,100,24800,PE,2024-01-09,0.14
2024-01-05 10:48:00+05:30,172.26881924118075,172.95789451814548,171.57974396421602,172.26881924118075,100,24800,CE,2024-01-09,0.14
2024-01-05 10:48:00+05:30,123.09188178194759,123.58424930907539,122.5995142548198,123.09188178194759,100,24800,PE,2024-01-09,0.14
2024-01-05 10:49:00+05:30,169.3373756168095,170.01472511927676,168.66002611434226,169.3373756168095,100,24800,CE,2024-01-09,0.14
2024-01-05 10:49:00+05:30,126.02332540631883,126.52741870794411,125.51923210469356,126.02332540631883,100,24800,PE,2024-01-09,0.14
2024-01-05 10:50:00+05:30,169.52822395015588,170.2063368459565,168.85011105435524,169.52822395015588,100,24800,CE,2024-01-09,0.14
2024-01-05 10:50:00+05:30,125.83247707297247,126.33580698126435,125.32914716468058,125.83247707297247,100,24800,PE,2024-01-09,0.14
2024-01-05 10:51:00+05:30,169.9500128636411,170.62981291509567,169.27021281218651,169.9500128636411,100,24800,CE,2024-01-09,0.14
2024-01-05 10:51:00+05:30,125.41068815948725,125.9123309121252,124.9090454068493,125.41068815948725,100,24800,PE,2024-01-09,0.14
2024-01-05 10:52:00+05:30,170.12123537756466,170.80172031907492,169.4407504360544,170.12123537756466,100,24800,CE,2024-01-09,0.14
2024-01-05 10:52:00+05:30,125.23946564556368,125.74042350814594,124.73850778298143,125.23946564556368,100,24800,PE,2024-01-09,0.14
2024-01-05 10:53:00+05:30,169.26316959780902,169.94022227620027,168.58611691941778,169.26316959780902,100,24800,CE,2024-01-09,0.14
2024-01-05 10:53:00+05:30,126.09753142531932,126.6019215510206,125.59314129961804,126.09753142531932,100,24800,PE,2024-01-09,0.14
2024-01-05 10:54:00+05:30,166.75772062320553,167.42475150569834,166.09068974071272,166.75772062320553,100,24800,CE,2024-01-09,0.14
2024-01-05 10:54:00+05:30,128.6029803999228,129.11739232152252,128.0885684783231,128.6029803999228,100,24800,PE,2024-01-09,0.14
2024-01-05 10:55:00+05:30,161.80914917711394,162.4563857738224,161.16191258040547,161.80914917711394,100,24800,CE,2024-01-09,0.14
2024-01-05 10:55:00+05:30,133.5515518460144,134.08575805339845,133.01734563863036,133.5515518460144,100,24800,PE,2024-01-09,0.14
2024-01-05 10:56:00+05:30,160.31404872521867,160.95530492011954,159.6727925303178,160.31404872521867,100,24800,CE,2024-01-09,0.14
2024-01-05 10:56:00+05:30,135.04665229790967,135.5868389071013,134.50646568871804,135.04665229790967,100,24800,PE,2024-01-09,0.14
2024-01-05 10:57:00+05:30,162.33712310131537,162.98647159372064,161.6877746089101,162.33712310131537,100,24800,CE,2024-01-09,0.14
2024-01-05 10:57:00+05:30,133.02357792181297,133.55567223350022,132.49148361012573,133.02357792181297,100,24800,PE,2024-01-09,0.14
2024-01-05 10:58:00+05:30,166.14723158124085,166.8118205075658,165.48264265491588,166.14723158124085,100,24800,CE,2024-01-09,0.14
2024-01-05 10:58:00+05:30,129.2134694418875,129.73032331965504,128.69661556411995,129.2134694418875,100,24800,PE,2024-01-09,0.14
2024-01-05 10:59:00+05:30,164.35882884022627,165.01626415558718,163.70139352486535,164.35882884022627,100,24800,CE,2024-01-09,0.14
2024-01-05 10:59:00+05:30,131.00187218290208,131.52587967163367,130.47786469417048,131.00187218290208,100,24800,PE,2024-01-09,0.14
2024-01-05 11:00:00+05:30,168.36907450238337,169.04255080039292,167.69559820437382,168.36907450238337,100,24800,CE,2024-01-09,0.14
2024-01-05 11:00:00+05:30,126.99162652074497,127.49959302682795,126.483660014662,126.99162652074497,100,24800,PE,2024-01-09,0.14
2024-01-05 11:01:00+05:30,163.45961618242305,164.11345464715274,162.80577771769336,163.45961618242305,100,24800,CE,2024-01-09,0.14
2024-01-05 11:01:00+05:30,131.9010848407053,132.42868918006812,131.37348050134247,131.9010848407053,100,24800,PE,2024-01-09,0.14
2024-01-05 11:02:00+05:30,166.37732283034725,167.04283212166865,165.71181353902585,166.37732283034725,100,24800,CE,2024-01-09,0.14
2024-01-05 11:02:00+05:30,128.9833781927811,129.4993117055522,128.46744468000998,128.9833781927811,100,24800,PE,2024-01-09,0.14
2024-01-05 11:03:00+05:30,162.44536264359354,163.09514409416792,161.79558119301916,162.44536264359354,100,24800,CE,2024-01-09,0.14
2024-01-05 11:03:00+05:30,132.9153383795348,133.44699973305293,132.38367702601667,132.9153383795348,100,24800,PE,2024-01-09,0.14
2024-01-05 11:04:00+05:30,163.40164293626017,164.0552495080052,162.74803636451514,163.40164293626017,100,24800,CE,2024-01-09,0.14
2024-01-05 11:04:00+05:30,131.95905808686817,132.48689431921565,131.4312218545207,131.95905808686817,100,24800,PE,2024-01-09,0.14
2024-01-05 11:05:00+05:30,159.94741731010268,160.58720697934308,159.30762764086228,159.94741731010268,100,24800,CE,2024-01-09,0.14
2024-01-05 11:05:00+05:30,135.41328371302566,135.95493684787778,134.87163057817355,135.41328371302566,100,24800,PE,2024-01-09,0.14
2024-01-05 11:06:00+05:30,156.44059973464587,157.06636213358445,155.8148373357073,156.44059973464587,100,24800,CE,2024-01-09,0.14
2024-01-05 11:06:00+05:30,138.92010128848247,139.4757816936364,138.36442088332853,138.92010128848247,100,24800,PE,2024-01-09,0.14
2024-01-05 11:07:00+05:30,154.49264424884873,155.11061482584412,153.87467367185334,154.49264424884873,100,24800,CE,2024-01-09,0.14
2024-01-05 11:07:00+05:30,140.8680567742796,141.43152900137673,140.3045845471825,140.8680567742796,100,24800,PE,2024-01-09,0.14
2024-01-05 11:08:00+05:30,159.76371855679295,160.40277343102014,159.12466368256577,159.76371855679295,100,24800,CE,2024-01-09,0.14
2024-01-05 11:08:00+05:30,135.5969824663354,136.13937039620075,135.05459453647003,135.5969824663354,100,24800,PE,2024-01-09,0.14
2024-01-05 11:09:00+05:30,157.37164896691516,158.00113556278282,156.7421623710475,157.37164896691516,100,24800,CE,2024-01-09,0.14
2024-01-05 11:09:00+05:30,137.98905205621318,138.54100826443803,137.43709584798833,137.98905205621318,100,24800,PE,2024-01-09,0.14
2024-01-05 11:10:00+05:30,159.70800345455078,160.346835468369,159.06917144073256,159.70800345455078,100,24800,CE,2024-01-09,0.14
2024-01-05 11:10:00+05:30,135.65269756857757,136.1953083588519,135.11008677830324,135.65269756857757,100,24800,PE,2024-01-09,0.14
2024-01-05 11:11:00+05:30,160.33093650005335,160.97226024605357,159.68961275405314,160.33093650005335,100,24800,CE,2024-01-09,0.14
2024-01-05 11:11:00+05:30,135.029764523075,135.5698835811673,134.4896454649827,135.029764523075,100,24800,PE,2024-01-09,0.14
2024-01-05 11:12:00+05:30,161.4934576273628,162.13943145787226,160.84748379685334,161.4934576273628,100,24800,CE,2024-01-09,0.14
2024-01-05 11:12:00+05:30,133.86724339576554,134.4027123693486,133.3317744221825,133.86724339576554,100,24800,PE,2024-01-09,0.14
2024-01-05 11:13:00+05:30,162.69484040432886,163.34561976594617,162.04406104271155,162.69484040432886,100,24800,CE,2024-01-09,0.14
2024-01-05 11:13:00+05:30,132.66586061879948,133.1965240612747,132.13519717632428,132.66586061879948,100,24800,PE,2024-01-09,0.14
2024-01-05 11:14:00+05:30,165.05591469267543,165.71613835144612,164.39569103390474,165.05591469267543,100,24800,CE,2024-01-09,0.14
2024-01-05 11:14:00+05:30,130.3047863304529,130.82600547577474,129.7835671851311,130.3047863304529,100,24800,PE,2024-01-09,0.14
2024-01-05 11:15:00+05:30,160.7012797229692,161.34408484186108,160.0584746040773,160.7012797229692,100,24800,CE,2024-01-09,0.14
2024-01-05 11:15:00+05:30,134.65942130015915,135.19805898535978,134.12078361495853,134.65942130015915,100,24800,PE,2024-01-09,0.14
2024-01-05 11:16:00+05:30,160.91658419138744,161.560250528153,160.27291785462188,160.91658419138744,100,24800,CE,2024-01-09,0.14
2024-01-05 11:16:00+05:30,134.4441168317409,134.98189329906788,133.90634036441392,134.4441168317409,100,24800,PE,2024-01-09,0.14
2024-01-05 11:17:00+05:30,162.251971946209,162.90097983399386,161.60296405842416,162.251971946209,100,24800,CE,2024-01-09,0.14
2024-01-05 11:17:00+05:30,133.10872907691933,133.641163993227,132.57629416061167,133.10872907691933,100,24800,PE,2024-01-09,0.14
2024-01-05 11:18:00+05:30,160.16833357701412,160.80900691132217,159.52766024270608,160.16833357701412,100,24800,CE,2024-01-09,0.14
2024-01-05 11:18:00+05:30,135.19236744611422,135.73313691589868,134.65159797632975,135.19236744611422,100,24800,PE,2024-01-09,0.14
2024-01-05 11:19:00+05:30,161.53198933014042,162.178117287461,160.88586137281985,161.53198933014042,100,24800,CE,2024-01-09,0.14
2024-01-05 11:19:00+05:30,133.82871169298792,134.36402653975986,133.29339684621598,133.82871169298792,100,24800,PE,2024-01-09,0.14
2024-01-05 11:20:00+05:30,157.84486832283997,158.47624779613133,157.2134888495486,157.84486832283997,100,24800,CE,2024-01-09,0.14
2024-01-05 11:20:00+05:30,137.51583270028837,138.06589603108952,136.96576936948722,137.51583270028837,100,24800,PE,2024-01-09,0.14
2024-01-05 11:21:00+05:30,160.56206266009227,161.20431091073263,159.9198144094519,160.56206266009227,100,24800,CE,2024-01-09,0.14
2024-01-05 11:21:00+05:30,134.79863836303608,135.33783291648822,134.25944380958393,134.79863836303608,100,24800,PE,2024-01-09,0.14
2024-01-05 11:22:00+05:30,158.04554188946182,158.67772405701967,157.41335972190396,158.04554188946182,100,24800,CE,2024-01-09,0.14
2024-01-05 11:22:00+05:30,137.31515913366653,137.86441977020118,136.76589849713187,137.31515913366653,100,24800,PE,2024-01-09,0.14
2024-01-05 11:23:00+05:30,157.0770230112577,157.7053311033027,156.44871491921268,157.0770230112577,100,24800,CE,2024-01-09,0.14
2024-01-05 11:23:00+05:30,138.28367801187065,138.83681272391814,137.73054329982315,138.28367801187065,100,24800,PE,2024-01-09,0.14
2024-01-05 11:24:00+05:30,160.0378225007154,160.67797379071828,159.39767121071253,160.0378225007154,100,24800,CE,2024-01-09,0.14
2024-01-05 11:24:00+05:30,135.32287852241294,135.8641700365026,134.78158700832327,135.32287852241294,100,24800,PE,2024-01-09,0.14
2024-01-05 11:25:00+05:30,164.0569901691762,164.71321812985292,163.4007622084995,164.0569901691762,100,24800,CE,2024-01-09,0.14
2024-01-05 11:25:00+05:30,131.30371085395214,131.82892569736794,130.77849601053634,131.30371085395214,100,24800,PE,2024-01-09,0.14
2024-01-05 11:26:00+05:30,162.03294390908755,162.6810756847239,161.3848121334512,162.03294390908755,100,24800,CE,2024-01-09,0.14
2024-01-05 11:26:00+05:30,133.3277571140408,133.86106814249695,132.79444608558464,133.3277571140408,100,24800,PE,2024-01-09,0.14
2024-01-05 11:27:00+05:30,159.7509021696134,160.38990577829185,159.11189856093495,159.7509021696134,100,24800,CE,2024-01-09,0.14
2024-01-05 11:27:00+05:30,135.60979885351495,136.152238048929,135.06735965810088,135.60979885351495,100,24800,PE,2024-01-09,0.14
2024-01-05 11:28:00+05:30,163.43385879072972,164.08759422589264,162.7801233555668,163.43385879072972,100,24800,CE,2024-01-09,0.14
2024-01-05 11:28:00+05:30,131.92684223239863,132.4545496013282,131.39913486346904,131.92684223239863,100,24800,PE,2024-01-09,0.14
2024-01-05 11:29:00+05:30,152.92696234985866,153.5386701992581,152.31525450045922,152.92696234985866,100,24800,CE,2024-01-09,0.14
2024-01-05 11:29:00+05:30,142.4337386732697,143.00347362796276,141.8640037185766,142.4337386732697,100,24800,PE,2024-01-09,0.14
2024-01-05 11:30:00+05:30,157.8921547744541,158.5237233935519,157.2605861553563,157.8921547744541,100,24800,CE,2024-01-09,0.14
2024-01-05 11:30:00+05:30,137.46854624867424,138.01842043366895,136.91867206367954,137.46854624867424,100,24800,PE,2024-01-09,0.14
2024-01-05 11:31:00+05:30,162.6873086497309,163.33805788432983,162.036559415132,162.6873086497309,100,24800,CE,2024-01-09,0.14
2024-01-05 11:31:00+05:30,132.67339237339743,133.20408594289103,132.14269880390384,132.67339237339743,100,24800,PE,2024-01-09,0.14
2024-01-05 11:32:00+05:30,158.83456396851594,159.46990222439,158.19922571264186,158.83456396851594,100,24800,CE,2024-01-09,0.14
2024-01-05 11:32:00+05:30,136.5261370546124,137.07224160283084,135.98003250639397,136.5261370546124,100,24800,PE,2024-01-09,0.14
2024-01-05 11:33:00+05:30,163.25754182334472,163.9105719906381,162.60451165605136,163.25754182334472,100,24800,CE,2024-01-09,0.14
2024-01-05 11:33:00+05:30,132.10315919978362,132.63157183658276,131.57474656298447,132.10315919978362,100,24800,PE,2024-01-09,0.14
2024-01-05 11:34:00+05:30,164.64177246002342,165.3003395498635,163.98320537018333,164.64177246002342,100,24800,CE,2024-01-09,0.14
2024-01-05 11:34:00+05:30,130.71892856310492,131.24180427735735,130.1960528488525,130.71892856310492,100,24800,PE,2024-01-09,0.14
2024-01-05 11:35:00+05:30,166.3761101653328,167.0416146059941,165.71060572467147,166.3761101653328,100,24800,CE,2024-01-09,0.14
2024-01-05 11:35:00+05:30,128.98459085779555,129.50052922122674,128.46865249436436,128.98459085779555,100,24800,PE,2024-01-09,0.14
2024-01-05 11:36:00+05:30,157.93393722943998,158.56567297835772,157.30220148052223,157.93393722943998,100,24800,CE,2024-01-09,0.14
2024-01-05 11:36:00+05:30,137.42676379368837,137.97647084886313,136.8770567385136,137.42676379368837,100,24800,PE,2024-01-09,0.14
2024-01-05 11:37:00+05:30,156.18384863879524,156.80858403335043,155.55911324424005,156.18384863879524,100,24800,CE,2024-01-09,0.14
2024-01-05 11:37:00+05:30,139.1768523843331,139.73355979387043,138.62014497479578,139.1768523843331,100,24800,PE,2024-01-09,0.14
2024-01-05 11:38:00+05:30,155.52770229437752,156.14981310355503,154.9055914852,155.52770229437752,100,24800,CE,2024-01-09,0.14
2024-01-05 11:38:00+05:30,139.83299872875082,140.39233072366582,139.27366673383582,139.83299872875082,100,24800,PE,2024-01-09,0.14
2024-01-05 11:39:00+05:30,154.07490055389113,154.6912001561067,153.45860095167555,154.07490055389113,100,24800,CE,2024-01-09,0.14
2024-01-05 11:39:00+05:30,141.28580046923722,141.85094367111415,140.72065726736028,141.28580046923722,100,24800,PE,2024-01-09,0.14
2024-01-05 11:40:00+05:30,152.70127768301077,153.3120827937428,152.09047257227874,152.70127768301077,100,24800,CE,2024-01-09,0.14
2024-01-05 11:40:00+05:30,142.65942334011757,143.23006103347805,142.0887856467571,142.65942334011757,100,24800,PE,2024-01-09,0.14
2024-01-05 11:41:00+05:30,151.70013292585114,152.30693345755455,151.09333239414772,151.70013292585114,100,24800,CE,2024-01-09,0.14
2024-01-05 11:41:00+05:30,143.6605680972772,144.2352103696663,143.0859258248881,143.6605680972772,100,24800,PE,2024-01-09,0.14
2024-01-05 11:42:00+05:30,141.23424820219967,141.79918519500848,140.66931120939086,141.23424820219967,100,24800,CE,2024-01-09,0.14
2024-01-05 11:42:00+05:30,154.12645282092868,154.74295863221238,153.50994700964497,154.12645282092868,100,24800,PE,2024-01-09,0.14
2024-01-05 11:43:00+05:30,140.54651209292948,141.1086981413012,139.98432604455775,140.54651209292948,100,24800,CE,2024-01-09,0.14
2024-01-05 11:43:00+05:30,154.81418893019887,155.43344568591965,154.19493217447808,154.81418893019887,100,24800,PE,2024-01-09,0.14
2024-01-05 11:44:00+05:30,138.04772444324422,138.5999153410172,137.49553354547123,138.04772444324422,100,24800,CE,2024-01-09,0.14
2024-01-05 11:44:00+05:30,157.31297657988412,157.94222848620365,156.6837246735646,157.31297657988412,100,24800,PE,2024-01-09,0.14
2024-01-05 11:45:00+05:30,137.76663069121074,138.31769721397558,137.2155641684459,137.76663069121074,100,24800,CE,2024-01-09,0.14
2024-01-05 11:45:00+05:30,157.5940703319176,158.22444661324528,156.96369405058994,157.5940703319176,100,24800,PE,2024-01-09,0.14
2024-01-05 11:46:00+05:30,135.98661924004423,136.5305657170044,135.44267276308406,135.98661924004423,100,24800,CE,2024-01-09,0.14
2024-01-05 11:46:00+05:30,159.3740817830841,160.01157811021645,158.73658545595177,159.3740817830841,100,24800,PE,2024-01-09,0.14
2024-01-05 11:47:00+05:30,136.014615807737,136.55867427096794,135.47055734450603,136.014615807737,100,24800,CE,2024-01-09,0.14
2024-01-05 11:47:00+05:30,159.34608521539135,159.9834695562529,158.7087008745298,159.34608521539135,100,24800,PE,2024-01-09,0.14
2024-01-05 11:48:00+05:30,137.09255580202276,137.64092602523084,136.54418557881468,137.09255580202276,100,24800,CE,2024-01-09,0.14
2024-01-05 11:48:00+05:30,158.26814522110558,158.90121780199001,157.63507264022115,158.26814522110558,100,24800,PE,2024-01-09,0.14
2024-01-05 11:49:00+05:30,143.64388088228603,144.21845640581518,143.06930535875688,143.64388088228603,100,24800,CE,2024-01-09,0.14
2024-01-05 11:49:00+05:30,151.71682014084232,152.32368742140568,151.10995286027895,151.71682014084232,100,24800,PE,2024-01-09,0.14
2024-01-05 11:50:00+05:30,140.6591653562065,141.22180201763132,140.09652869478168,140.6591653562065,100,24800,CE,2024-01-09,0.14
2024-01-05 11:50:00+05:30,154.70153566692184,155.32034180958954,154.08272952425415,154.70153566692184,100,24800,PE,2024-01-09,0.14
2024-01-05 11:51:00+05:30,146.89163548206685,147.4792020239951,146.3040689401386,146.89163548206685,100,24800,CE,2024-01-09,0.14
2024-01-05 11:51:00+05:30,148.4690655410615,149.06294180322575,147.87518927889724,148.4690655410615,100,24800,PE,2024-01-09,0.14
2024-01-05 11:52:00+05:30,146.03783274739013,146.62198407837968,145.45368141640057,146.03783274739013,100,24800,CE,2024-01-09,0.14
2024-01-05 11:52:00+05:30,149.32286827573822,149.92015974884117,148.72557680263526,149.32286827573822,100,24800,PE,2024-01-09,0.14
2024-01-05 11:53:00+05:30,142.79104405995,143.3622082361898,142.2198798837102,142.79104405995,100,24800,CE,2024-01-09,0.14
2024-01-05 11:53:00+05:30,152.56965696317835,153.17993559103107,151.95937833532562,152.56965696317835,100,24800,PE,2024-01-09,0.14
2024-01-05 11:54:00+05:30,137.50822786795484,138.05826077942666,136.95819495648303,137.50822786795484,100,24800,CE,2024-01-09,0.14
2024-01-05 11:54:00+05:30,157.8524731551735,158.4838830477942,157.2210632625528,157.8524731551735,100,24800,PE,2024-01-09,0.14
2024-01-05 11:55:00+05:30,140.70955230943596,141.27239051867372,140.1467141001982,140.70955230943596,100,24800,CE,2024-01-09,0.14
2024-01-05 11:55:00+05:30,154.65114871369238,155.26975330854714,154.03254411883762,154.65114871369238,100,24800,PE,2024-01-09,0.14
2024-01-05 11:56:00+05:30,135.1752432742234,135.7159442473203,134.6345423011265,135.1752432742234,100,24800,CE,2024-01-09,0.14
2024-01-05 11:56:00+05:30,160.18545774890495,160.82619957990056,159.54471591790934,160.18545774890495,100,24800,PE,2024-01-09,0.14
2024-01-05 11:57:00+05:30,138.54967408323697,139.1038727795699,137.99547538690402,138.54967408323697,100,24800,CE,2024-01-09,0.14
2024-01-05 11:57:00+05:30,156.81102693989138,157.43827104765094,156.1837828321318,156.81102693989138,100,24800,PE,2024-01-09,0.14
2024-01-05 11:58:00+05:30,139.8482225376994,140.4076154278502,139.2888296475486,139.8482225376994,100,24800,CE,2024-01-09,0.14
2024-01-05 11:58:00+05:30,155.51247848542894,156.13452839937065,154.89042857148723,155.51247848542894,100,24800,PE,2024-01-09,0.14
2024-01-05 11:59:00+05:30,137.7887016454371,138.33985645201884,137.23754683885537,137.7887016454371,100,24800,CE,2024-01-09,0.14
2024-01-05 11:59:00+05:30,157.57199937769124,158.20228737520202,156.94171138018046,157.57199937769124,100,24800,PE,2024-01-09,0.14
2024-01-05 12:00:00+05:30,135.36766830122193,135.9091389744268,134.82619762801704,135.36766830122193,100,24800,CE,2024-01-09,0.14
2024-01-05 12:00:00+05:30,159.99303272190642,160.63300485279404,159.3530605910188,159.99303272190642,100,24800,PE,2024-01-09,0.14
2024-01-05 12:01:00+05:30,137.17357382186506,137.7222681171525,136.62487952657762,137.17357382186506,100,24800,CE,2024-01-09,0.14
2024-01-05 12:01:00+05:30,158.18712720126328,158.81987571006835,157.55437869245822,158.18712720126328,100,24800,PE,2024-01-09,0.14
2024-01-05 12:02:00+05:30,137.76348742288624,138.3145413725778,137.2124334731947,137.76348742288624,100,24800,CE,2024-01-09,0.14
2024-01-05 12:02:00+05:30,157.5972136002421,158.22760245464306,156.96682474584114,157.5972136002421,100,24800,PE,2024-01-09,0.14
2024-01-05 12:03:00+05:30,140.51060173426063,141.07264414119769,139.94855932732358,140.51060173426063,100,24800,CE,2024-01-09,0.14
2024-01-05 12:03:00+05:30,154.8500992888677,155.46949968602317,154.23069889171225,154.8500992888677,100,24800,PE,2024-01-09,0.14
2024-01-05 12:04:00+05:30,140.527525305468,141.08963540668987,139.96541520424614,140.527525305468,100,24800,CE,2024-01-09,0.14
2024-01-05 12:04:00+05:30,154.83317571766034,155.452508420531,154.2138430147897,154.83317571766034,100,24800,PE,2024-01-09,0.14
2024-01-05 12:05:00+05:30,138.66602265005363,139.22068674065386,138.1113585594534,138.66602265005363,100,24800,CE,2024-01-09,0.14
2024-01-05 12:05:00+05:30,156.6946783730747,157.321457086567,156.06789965958242,156.6946783730747,100,24800,PE,2024-01-09,0.14
2024-01-05 12:06:00+05:30,140.65927667906195,141.22191378577818,140.0966395723457,140.65927667906195,100,24800,CE,2024-01-09,0.14
2024-01-05 12:06:00+05:30,154.7014243440664,155.32023004144267,154.08261864669012,154.7014243440664,100,24800,PE,2024-01-09,0.14
2024-01-05 12:07:00+05:30,136.28214858759034,136.8272771819407,135.73701999323998,136.28214858759034,100,24800,CE,2024-01-09,0.14
2024-01-05 12:07:00+05:30,159.078552435538,159.71486664528015,158.44223822579585,159.078552435538,100,24800,PE,2024-01-09,0.14
2024-01-05 12:08:00+05:30,139.407697658393,139.96532844902657,138.85006686775944,139.407697658393,100,24800,CE,2024-01-09,0.14
2024-01-05 12:08:00+05:30,155.95300336473534,156.57681537819428,155.3291913512764,155.95300336473534,100,24800,PE,2024-01-09,0.14
2024-01-05 12:09:00+05:30,139.62437974175205,140.18287726071907,139.06588222278504,139.62437974175205,100,24800,CE,2024-01-09,0.14
2024-01-05 12:09:00+05:30,155.7363212813763,156.3592665665018,155.1133759962508,155.7363212813763,100,24800,PE,2024-01-09,0.14
2024-01-05 12:10:00+05:30,135.53757508624236,136.0797253865873,134.9954247858974,135.53757508624236,100,24800,CE,2024-01-09,0.14
2024-01-05 12:10:00+05:30,159.823125936886,160.46241844063354,159.18383343313843,159.823125936886,100,24800,PE,2024-01-09,0.14
2024-01-05 12:11:00+05:30,131.81849746643653,132.34577145630226,131.2912234765708,131.81849746643653,100,24800,CE,2024-01-09,0.14
2024-01-05 12:11:00+05:30,163.54220355669182,164.1963723709186,162.88803474246504,163.54220355669182,100,24800,PE,2024-01-09,0.14
2024-01-05 12:12:00+05:30,130.64079023317223,131.16335339410492,130.11822707223953,130.64079023317223,100,24800,CE,2024-01-09,0.14
2024-01-05 12:12:00+05:30,164.71991078995612,165.37879043311594,164.0610311467963,164.71991078995612,100,24800,PE,2024-01-09,0.14
2024-01-05 12:13:00+05:30,123.97323388860619,124.46912682416061,123.47734095305177,123.97323388860619,100,24800,CE,2024-01-09,0.14
2024-01-05 12:13:00+05:30,171.38746713452215,172.07301700306024,170.70191726598406,171.38746713452215,100,24800,PE,2024-01-09,0.14
2024-01-05 12:14:00+05:30,129.10527701275,129.621698120801,128.58885590469902,129.10527701275,100,24800,CE,2024-01-09,0.14
2024-01-05 12:14:00+05:30,166.25542401037833,166.92044570641986,165.5904023143368,166.25542401037833,100,24800,PE,2024-01-09,0.14
2024-01-05 12:15:00+05:30,132.6752208566833,133.20592174011003,132.14451997325656,132.6752208566833,100,24800,CE,2024-01-09,0.14
2024-01-05 12:15:00+05:30,162.68548016644505,163.33622208711083,162.03473824577927,162.68548016644505,100,24800,PE,2024-01-09,0.14
2024-01-05 12:16:00+05:30,128.66570489260098,129.1803677121714,128.15104207303057,128.66570489260098,100,24800,CE,2024-01-09,0.14
2024-01-05 12:16:00+05:30,166.69499613052736,167.36177611504948,166.02821614600524,166.69499613052736,100,24800,PE,2024-01-09,0.14
2024-01-05 12:17:00+05:30,128.26187999362642,128.77492751360091,127.74883247365192,128.26187999362642,100,24800,CE,2024-01-09,0.14
2024-01-05 12:17:00+05:30,167.09882102950192,167.76721631361994,166.4304257453839,167.09882102950192,100,24800,PE,2024-01-09,0.14
2024-01-05 12:18:00+05:30,134.51269442685603,135.05074520456344,133.97464364914862,134.51269442685603,100,24800,CE,2024-01-09,0.14
2024-01-05 12:18:00+05:30,160.8480065962723,161.4913986226574,160.2046145698872,160.8480065962723,100,24800,PE,2024-01-09,0.14
2024-01-05 12:19:00+05:30,136.00847949127652,136.5525134092416,135.46444557331142,136.00847949127652,100,24800,CE,2024-01-09,0.14
2024-01-05 12:19:00+05:30,159.35222153185182,159.98963041797924,158.7148126457244,159.35222153185182,100,24800,PE,2024-01-09,0.14
2024-01-05 12:20:00+05:30,132.28479068899665,132.81392985175265,131.75565152624065,132.28479068899665,100,24800,CE,2024-01-09,0.14
2024-01-05 12:20:00+05:30,163.0759103341317,163.7282139754682,162.42360669279518,163.0759103341317,100,24800,PE,2024-01-09,0.14
2024-01-05 12:21:00+05:30,124.35666118030727,124.8540878250285,123.85923453558604,124.35666118030727,100,24800,CE,2024-01-09,0.14
2024-01-05 12:21:00+05:30,171.00403984282107,171.68805600219235,170.3200236834498,171.00403984282107,100,24800,PE,2024-01-09,0.14
2024-01-05 12:22:00+05:30,118.32924094292335,118.80255790669504,117.85592397915165,118.32924094292335,100,24800,CE,2024-01-09,0.14
2024-01-05 12:22:00+05:30,177.031460080205,177.73958592052583,176.32333423988416,177.031460080205,100,24800,PE,2024-01-09,0.14
2024-01-05 12:23:00+05:30,122.73188515826237,123.22281269889542,122.24095761762932,122.73188515826237,100,24800,CE,2024-01-09,0.14
2024-01-05 12:23:00+05:30,172.62881586486597,173.31933112832544,171.9383006014065,172.62881586486597,100,24800,PE,2024-01-09,0.14
2024-01-05 12:24:00+05:30,123.91010187614498,124.40574228364956,123.4144614686404,123.91010187614498,100,24800,CE,2024-01-09,0.14
2024-01-05 12:24:00+05:30,171.45059914698336,172.1364015435713,170.76479675039542,171.45059914698336,100,24800,PE,2024-01-09,0.14
2024-01-05 12:25:00+05:30,119.093331502898,119.5697048289096,118.6169581768864,119.093331502898,100,24800,CE,2024-01-09,0.14
2024-01-05 12:25:00+05:30,176.26736952023035,176.97243899831128,175.56230004214942,176.26736952023035,100,24800,PE,2024-01-09,0.14
2024-01-05 12:26:00+05:30,121.71525889382988,122.2021199294052,121.22839785825457,121.71525889382988,100,24800,CE,2024-01-09,0.14
2024-01-05 12:26:00+05:30,173.64544212929846,174.34002389781566,172.95086036078126,173.64544212929846,100,24800,PE,2024-01-09,0.14
2024-01-05 12:27:00+05:30,120.386273841914,120.86781893728165,119.90472874654635,120.386273841914,100,24800,CE,2024-01-09,0.14
2024-01-05 12:27:00+05:30,174.97442718121434,175.6743248899392,174.2745294724895,174.97442718121434,100,24800,PE,2024-01-09,0.14
2024-01-05 12:28:00+05:30,117.9320410523234,118.4037692165327,117.4603128881141,117.9320410523234,100,24800,CE,2024-01-09,0.14
2024-01-05 12:28:00+05:30,177.42865997080494,178.13837461068817,176.7189453309217,177.42865997080494,100,24800,PE,2024-01-09,0.14
2024-01-05 12:29:00+05:30,116.01580020504676,116.47986340586695,115.55173700422657,116.01580020504676,100,24800,CE,2024-01-09,0.14
2024-01-05 12:29:00+05:30,179.34490081808158,180.0622804213539,178.62752121480926,179.34490081808158,100,24800,PE,2024-01-09,0.14
2024-01-05 12:30:00+05:30,114.31020820709105,114.76744903991941,113.85296737426269,114.31020820709105,100,24800,CE,2024-01-09,0.14
2024-01-05 12:30:00+05:30,181.0504928160373,181.77469478730143,180.32629084477315,181.0504928160373,100,24800,PE,2024-01-09,0.14
2024-01-05 12:31:00+05:30,120.4968531164233,120.978840528889,120.0148657039576,120.4968531164233,100,24800,CE,2024-01-09,0.14
2024-01-05 12:31:00+05:30,174.86384790670505,175.56330329833187,174.16439251507822,174.86384790670505,100,24800,PE,2024-01-09,0.14
2024-01-05 12:32:00+05:30,117.01138809148338,117.47943364384932,116.54334253911745,117.01138809148338,100,24800,CE,2024-01-09,0.14
2024-01-05 12:32:00+05:30,178.34931293164496,179.06271018337154,177.63591567991838,178.34931293164496,100,24800,PE,2024-01-09,0.14
2024-01-05 12:33:00+05:30,115.53352703892975,115.99566114708547,115.07139293077402,115.53352703892975,100,24800,CE,2024-01-09,0.14
2024-01-05 12:33:00+05:30,179.8271739841986,180.5464826801354,179.1078652882618,179.8271739841986,100,24800,PE,2024-01-09,0.14
2024-01-05 12:34:00+05:30,120.4771942619083,120.95910303895593,119.99528548486066,120.4771942619083,100,24800,CE,2024-01-09,0.14
2024-01-05 12:34:00+05:30,174.88350676122005,175.58304078826492,174.18397273417517,174.88350676122005,100,24800,PE,2024-01-09,0.14
2024-01-05 12:35:00+05:30,126.05662129784119,126.56084778303256,125.55239481264982,126.05662129784119,100,24800,CE,2024-01-09,0.14
2024-01-05 12:35:00+05:30,169.30407972528715,169.9812960441883,168.626863406386,169.30407972528715,100,24800,PE,2024-01-09,0.14
2024-01-05 12:36:00+05:30,122.4370040266787,122.92675204278541,121.94725601057198,122.4370040266787,100,24800,CE,2024-01-09,0.14
2024-01-05 12:36:00+05:30,172.92369699644965,173.61539178443545,172.23200220846385,172.92369699644965,100,24800,PE,2024-01-09,0.14
2024-01-05 12:37:00+05:30,130.09855928333687,130.61895352047023,129.5781650462035,130.09855928333687,100,24800,CE,2024-01-09,0.14
2024-01-05 12:37:00+05:30,165.26214173979147,165.92319030675063,164.60109317283232,165.26214173979147,100,24800,PE,2024-01-09,0.14
2024-01-05 12:38:00+05:30,134.1935313641135,134.73030548956996,133.65675723865706,134.1935313641135,100,24800,CE,2024-01-09,0.14
2024-01-05 12:38:00+05:30,161.16716965901483,161.8118383376509,160.52250098037877,161.16716965901483,100,24800,PE,2024-01-09,0.14
2024-01-05 12:39:00+05:30,128.70529476422612,129.22011594328302,128.19047358516923,128.70529476422612,100,24800,CE,2024-01-09,0.14
2024-01-05 12:39:00+05:30,166.65540625890222,167.32202788393784,165.9887846338666,166.65540625890222,100,24800,PE,2024-01-09,0.14
2024-01-05 12:40:00+05:30,135.41256859457658,135.95421886895488,134.87091832019829,135.41256859457658,100,24800,CE,2024-01-09,0.14
2024-01-05 12:40:00+05:30,159.94813242855176,160.58792495826597,159.30833989883754,159.94813242855176,100,24800,PE,2024-01-09,0.14
2024-01-05 12:41:00+05:30,129.94595019520253,130.46573399598333,129.42616639442173,129.94595019520253,100,24800,CE,2024-01-09,0.14
2024-01-05 12:41:00+05:30,165.41475082792581,166.07640983123753,164.7530918246141,165.41475082792581,100,24800,PE,2024-01-09,0.14
2024-01-05 12:42:00+05:30,132.48387695639772,133.01381246422332,131.95394144857212,132.48387695639772,100,24800,CE,2024-01-09,0.14
2024-01-05 12:42:00+05:30,162.87682406673062,163.52833136299753,162.2253167704637,162.87682406673062,100,24800,PE,2024-01-09,0.14
2024-01-05 12:43:00+05:30,128.22740918777723,128.74031882452834,127.71449955102612,128.22740918777723,100,24800,CE,2024-01-09,0.14
2024-01-05 12:43:00+05:30,167.13329183535112,167.8018250026925,166.46475866800972,167.13329183535112,100,24800,PE,2024-01-09,0.14
2024-01-05 12:44:00+05:30,121.6369893740704,122.12353733156668,121.15044141657411,121.6369893740704,100,24800,CE,2024-01-09,0.14
2024-01-05 12:44:00+05:30,173.72371164905795,174.4186064956542,173.0288168024617,173.72371164905795,100,24800,PE,2024-01-09,0.14
2024-01-05 12:45:00+05:30,124.8095967873634,125.30883517451286,124.31035840021394,124.8095967873634,100,24800,CE,2024-01-09,0.14
2024-01-05 12:45:00+05:30,170.55110423576494,171.233308652708,169.8688998188219,170.55110423576494,100,24800,PE,2024-01-09,0.14
2024-01-05 12:46:00+05:30,126.3908158963151,126.89637915990036,125.88525263272984,126.3908158963151,100,24800,CE,2024-01-09,0.14
2024-01-05 12:46:00+05:30,168.96988512681324,169.6457646673205,168.29400558630599,168.96988512681324,100,24800,PE,2024-01-09,0.14
2024-01-05 12:47:00+05:30,126.09888854354736,126.60328409772156,125.59449298937317,126.09888854354736,100,24800,CE,2024-01-09,0.14
2024-01-05 12:47:00+05:30,169.26181247958098,169.9388597294993,168.58476522966265,169.26181247958098,100,24800,PE,2024-01-09,0.14
2024-01-05 12:48:00+05:30,126.82486954080574,127.33216901896895,126.31757006264252,126.82486954080574,100,24800,CE,2024-01-09,0.14
2024-01-05 12:48:00+05:30,168.5358314823226,169.2099748082519,167.8616881563933,168.5358314823226,100,24800,PE,2024-01-09,0.14
2024-01-05 12:49:00+05:30,126.45940062550122,126.96523822800323,125.9535630229992,126.45940062550122,100,24800,CE,2024-01-09,0.14
2024-01-05 12:49:00+05:30,168.90130039762712,169.57690559921764,168.2256951960366,168.90130039762712,100,24800,PE,2024-01-09,0.14
2024-01-05 12:50:00+05:30,125.5131960813234,126.0152488656487,125.0111432969981,125.5131960813234,100,24800,CE,2024-01-09,0.14
2024-01-05 12:50:00+05:30,169.84750494180494,170.52689496157217,169.16811492203772,169.84750494180494,100,24800,PE,2024-01-09,0.14
2024-01-05 12:51:00+05:30,121.55761806328897,122.04384853554212,121.07138759103582,121.55761806328897,100,24800,CE,2024-01-09,0.14
2024-01-05 12:51:00+05:30,173.80308295983937,174.49829529167874,173.107870628,173.80308295983937,100,24800,PE,2024-01-09,0.14
2024-01-05 12:52:00+05:30,123.74037266972132,124.23533416040021,123.24541117904243,123.74037266972132,100,24800,CE,2024-01-09,0.14
2024-01-05 12:52:00+05:30,171.62032835340702,172.30680966682064,170.9338470399934,171.62032835340702,100,24800,PE,2024-01-09,0.14
2024-01-05 12:53:00+05:30,123.8374686440458,124.33281851862198,123.34211876946962,123.8374686440458,100,24800,CE,2024-01-09,0.14
2024-01-05 12:53:00+05:30,171.52323237908254,172.20932530859886,170.83713944956622,171.52323237908254,100,24800,PE,2024-01-09,0.14
2024-01-05 12:54:00+05:30,122.94584996333666,123.43763336319,122.45406656348331,122.94584996333666,100,24800,CE,2024-01-09,0.14
2024-01-05 12:54:00+05:30,172.4148510597917,173.10451046403085,171.72519165555252,172.4148510597917,100,24800,PE,2024-01-09,0.14
2024-01-05 12:55:00+05:30,120.84919905464463,121.33259585086321,120.36580225842604,120.84919905464463,100,24800,CE,2024-01-09,0.14
2024-01-05 12:55:00+05:30,174.5115019684837,175.20954797635764,173.8134559606098,174.5115019684837,100,24800,PE,2024-01-09,0.14
2024-01-05 12:56:00+05:30,119.82051752660132,120.29979959670773,119.34123545649491,119.82051752660132,100,24800,CE,2024-01-09,0.14
2024-01-05 12:56:00+05:30,175.54018349652702,176.24234423051314,174.8380227625409,175.54018349652702,100,24800,PE,2024-01-09,0.14
2024-01-05 12:57:00+05:30,114.19556831746755,114.65235059073741,113.73878604419768,114.19556831746755,100,24800,CE,2024-01-09,0.14
2024-01-05 12:57:00+05:30,181.1651327056608,181.88979323648343,180.44047217483816,181.1651327056608,100,24800,PE,2024-01-09,0.14
2024-01-05 12:58:00+05:30,113.0607336343493,113.5129765688867,112.60849069981191,113.0607336343493,100,24800,CE,2024-01-09,0.14
2024-01-05 12:58:00+05:30,182.29996738877904,183.02916725833416,181.57076751922392,182.29996738877904,100,24800,PE,2024-01-09,0.14
2024-01-05 12:59:00+05:30,109.41481387492436,109.85247313042406,108.97715461942467,109.41481387492436,100,24800,CE,2024-01-09,0.14
2024-01-05 12:59:00+05:30,185.94588714820398,186.6896706967968,185.20210359961115,185.94588714820398,100,24800,PE,2024-01-09,0.14
2024-01-05 13:00:00+05:30,114.20457563979303,114.6613939423522,113.74775733723386,114.20457563979303,100,24800,CE,2024-01-09,0.14
2024-01-05 13:00:00+05:30,181.1561253833353,181.88074988486866,180.43150088180195,181.1561253833353,100,24800,PE,2024-01-09,0.14
2024-01-05 13:01:00+05:30,110.6789991741172,111.12171517081366,110.23628317742073,110.6789991741172,100,24800,CE,2024-01-09,0.14
2024-01-05 13:01:00+05:30,184.68170184901115,185.42042865640718,183.9429750416151,184.68170184901115,100,24800,PE,2024-01-09,0.14
2024-01-05 13:02:00+05:30,109.01883304358321,109.45490837575755,108.58275771140887,109.01883304358321,100,24800,CE,2024-01-09,0.14
2024-01-05 13:02:00+05:30,186.34186797954513,187.0872354514633,185.59650050762696,186.34186797954513,100,24800,PE,2024-01-09,0.14
2024-01-05 13:03:00+05:30,109.09229269739822,109.52866186818781,108.65592352660863,109.09229269739822,100,24800,CE,2024-01-09,0.14
2024-01-05 13:03:00+05:30,186.26840832573012,187.01348195903304,185.5233346924272,186.26840832573012,100,24800,PE,2024-01-09,0.14
2024-01-05 13:04:00+05:30,112.06389385984599,112.51214943528538,111.6156382844066,112.06389385984599,100,24800,CE,2024-01-09,0.14
2024-01-05 13:04:00+05:30,183.29680716328235,184.02999439193547,182.56361993462923,183.29680716328235,100,24800,PE,2024-01-09,0.14
2024-01-05 13:05:00+05:30,113.79263894304691,114.2478094988191,113.33746838727473,113.79263894304691,100,24800,CE,2024-01-09,0.14
2024-01-05 13:05:00+05:30,181.56806208008143,182.29433432840176,180.8417898317611,181.56806208008143,100,24800,PE,2024-01-09,0.14
2024-01-05 13:06:00+05:30,113.86549653367379,114.32095851980849,113.4100345475391,113.86549653367379,100,24800,CE,2024-01-09,0.14
2024-01-05 13:06:00+05:30,181.49520448945455,182.22118530741238,180.76922367149672,181.49520448945455,100,24800,PE,2024-01-09,0.14
2024-01-05 13:07:00+05:30,121.91322408841748,122.40087698477114,121.42557119206381,121.91322408841748,100,24800,CE,2024-01-09,0.14
2024-01-05 13:07:00+05:30,173.44747693471086,174.1412668424497,172.75368702697202,173.44747693471086,100,24800,PE,2024-01-09,0.14
2024-01-05 13:08:00+05:30,121.866611847585,122.35407829497535,121.37914540019466,121.866611847585,100,24800,CE,2024-01-09,0.14
2024-01-05 13:08:00+05:30,173.49408917554334,174.1880655322455,172.80011281884117,173.49408917554334,100,24800,PE,2024-01-09,0.14
2024-01-05 13:09:00+05:30,123.08261553840399,123.5749460005576,122.59028507625037,123.08261553840399,100,24800,CE,2024-01-09,0.14
2024-01-05 13:09:00+05:30,172.27808548472436,172.96719782666327,171.58897314278545,172.27808548472436,100,24800,PE,2024-01-09,0.14
2024-01-05 13:10:00+05:30,133.26064433483057,133.7936869121699,132.72760175749124,133.26064433483057,100,24800,CE,2024-01-09,0.14
2024-01-05 13:10:00+05:30,162.10005668829777,162.74845691505095,161.4516564615446,162.10005668829777,100,24800,PE,2024-01-09,0.14
2024-01-05 13:11:00+05:30,129.9656743736288,130.4855370711233,129.44581167613427,129.9656743736288,100,24800,CE,2024-01-09,0.14
2024-01-05 13:11:00+05:30,165.39502664949956,166.05660675609755,164.73344654290156,165.39502664949956,100,24800,PE,2024-01-09,0.14
2024-01-05 13:12:00+05:30,133.5636943566407,134.09794913406725,133.02943957921414,133.5636943566407,100,24800,CE,2024-01-09,0.14
2024-01-05 13:12:00+05:30,161.79700666648765,162.4441946931536,161.1498186398217,161.79700666648765,100,24800,PE,2024-01-09,0.14
2024-01-05 13:13:00+05:30,135.22962575540092,135.77054425842252,134.68870725237932,135.22962575540092,100,24800,CE,2024-01-09,0.14
2024-01-05 13:13:00+05:30,160.13107526772743,160.77159956879834,159.4905509666565,160.13107526772743,100,24800,PE,2024-01-09,0.14
2024-01-05 13:14:00+05:30,130.34715822420563,130.86854685710244,129.8257695913088,130.34715822420563,100,24800,CE,2024-01-09,0.14
2024-01-05 13:14:00+05:30,165.0135427989227,165.6735969701184,164.35348862772702,165.0135427989227,100,24800,PE,2024-01-09,0.14
2024-01-05 13:15:00+05:30,128.04479608719717,128.55697527154595,127.53261690284837,128.04479608719717,100,24800,CE,2024-01-09,0.14
2024-01-05 13:15:00+05:30,167.31590493593117,167.9851685556749,166.64664131618744,167.31590493593117,100,24800,PE,2024-01-09,0.14
2024-01-05 13:16:00+05:30,131.16052440640865,131.6851665040343,130.635882308783,131.16052440640865,100,24800,CE,2024-01-09,0.14
2024-01-05 13:16:00+05:30,164.2001766167197,164.85697732318656,163.54337591025282,164.2001766167197,100,24800,PE,2024-01-09,0.14
2024-01-05 13:17:00+05:30,125.77911821255853,126.28223468540877,125.27600173970829,125.77911821255853,100,24800,CE,2024-01-09,0.14
2024-01-05 13:17:00+05:30,169.5815828105698,170.2599091418121,168.90325647932752,169.5815828105698,100,24800,PE,2024-01-09,0.14
2024-01-05 13:18:00+05:30,125.10399194053221,125.60440790829433,124.60357597277009,125.10399194053221,100,24800,CE,2024-01-09,0.14
2024-01-05 13:18:00+05:30,170.25670908259613,170.9377359189265,169.57568224626576,170.25670908259613,100,24800,PE,2024-01-09,0.14
2024-01-05 13:19:00+05:30,128.58933313101457,129.10369046353864,128.0749757984905,128.58933313101457,100,24800,CE,2024-01-09,0.14
2024-01-05 13:19:00+05:30,166.77136789211377,167.43845336368224,166.1042824205453,166.77136789211377,100,24800,PE,2024-01-09,0.14
2024-01-05 13:20:00+05:30,127.71990195067897,128.23078155848168,127.20902234287625,127.71990195067897,100,24800,CE,2024-01-09,0.14
2024-01-05 13:20:00+05:30,167.64079907244937,168.31136226873917,166.97023587615956,167.64079907244937,100,24800,PE,2024-01-09,0.14
2024-01-05 13:21:00+05:30,128.7280247915825,129.24293689074884,128.21311269241616,128.7280247915825,100,24800,CE,2024-01-09,0.14
2024-01-05 13:21:00+05:30,166.63267623154584,167.29920693647202,165.96614552661967,166.63267623154584,100,24800,PE,2024-01-09,0.14
2024-01-05 13:22:00+05:30,126.25505641779287,126.76007664346405,125.7500361921217,126.25505641779287,100,24800,CE,2024-01-09,0.14
2024-01-05 13:22:00+05:30,169.10564460533547,169.78206718375682,168.42922202691412,169.10564460533547,100,24800,PE,2024-01-09,0.14
2024-01-05 13:23:00+05:30,123.9456298507213,124.44141237012418,123.44984733131842,123.9456298507213,100,24800,CE,2024-01-09,0.14
2024-01-05 13:23:00+05:30,171.41507117240704,172.10073145709666,170.72941088771742,171.41507117240704,100,24800,PE,2024-01-09,0.14
2024-01-05 13:24:00+05:30,121.67075732904792,122.15744035836411,121.18407429973172,121.67075732904792,100,24800,CE,2024-01-09,0.14
2024-01-05 13:24:00+05:30,173.68994369408043,174.38470346885674,172.9951839193041,173.68994369408043,100,24800,PE,2024-01-09,0.14
2024-01-05 13:25:00+05:30,120.37616221795193,120.85766686682373,119.89465756908012,120.37616221795193,100,24800,CE,2024-01-09,0.14
2024-01-05 13:25:00+05:30,174.9845388051764,175.68447696039712,174.2846006499557,174.9845388051764,100,24800,PE,2024-01-09,0.14
2024-01-05 13:26:00+05:30,122.73961996696394,123.2305784468318,122.24866148709609,122.73961996696394,100,24800,CE,2024-01-09,0.14
2024-01-05 13:26:00+05:30,172.6210810561644,173.31156538038906,171.93059673193974,172.6210810561644,100,24800,PE,2024-01-09,0.14
2024-01-05 13:27:00+05:30,123.0360347075331,123.52817884636323,122.54389056870298,123.0360347075331,100,24800,CE,2024-01-09,0.14
2024-01-05 13:27:00+05:30,172.32466631559524,173.01396498085762,171.63536765033285,172.32466631559524,100,24800,PE,2024-01-09,0.14
2024-01-05 13:28:00+05:30,130.3830901121802,130.90462247262894,129.86155775173148,130.3830901121802,100,24800,CE,2024-01-09,0.14
2024-01-05 13:28:00+05:30,164.97761091094813,165.6375213545919,164.31770046730435,164.97761091094813,100,24800,PE,2024-01-09,0.14
2024-01-05 13:29:00+05:30,132.4454310616367,132.97521278588326,131.91564933739014,132.4454310616367,100,24800,CE,2024-01-09,0.14
2024-01-05 13:29:00+05:30,162.91526996149165,163.56693104133763,162.26360888164567,162.91526996149165,100,24800,PE,2024-01-09,0.14
2024-01-05 13:30:00+05:30,133.49060009553992,134.02456249592208,132.95663769515775,133.49060009553992,100,24800,CE,2024-01-09,0.14
2024-01-05 13:30:00+05:30,161.87010092758842,162.51758133129877,161.22262052387808,161.87010092758842,100,24800,PE,2024-01-09,0.14
2024-01-05 13:31:00+05:30,141.8649442897678,142.43240406692686,141.29748451260875,141.8649442897678,100,24800,CE,2024-01-09,0.14
2024-01-05 13:31:00+05:30,153.49575673336054,154.109739760294,152.88177370642708,153.49575673336054,100,24800,PE,2024-01-09,0.14
2024-01-05 13:32:00+05:30,141.4684647883934,142.03433864754697,140.9025909292398,141.4684647883934,100,24800,CE,2024-01-09,0.14
2024-01-05 13:32:00+05:30,153.89223623473495,154.50780517967388,153.27666728979602,153.89223623473495,100,24800,PE,2024-01-09,0.14
2024-01-05 13:33:00+05:30,138.4765571775753,139.0304634062856,137.922650948865,138.4765571775753,100,24800,CE,2024-01-09,0.14
2024-01-05 13:33:00+05:30,156.88414384555304,157.51168042093525,156.25660727017083,156.88414384555304,100,24800,PE,2024-01-09,0.14
2024-01-05 13:34:00+05:30,139.05752651455637,139.6137566206146,138.50129640849815,139.05752651455637,100,24800,CE,2024-01-09,0.14
2024-01-05 13:34:00+05:30,156.30317450857197,156.92838720660626,155.67796181053768,156.30317450857197,100,24800,PE,2024-01-09,0.14
2024-01-05 13:35:00+05:30,135.01268691711098,135.55273766477941,134.47263616944255,135.01268691711098,100,24800,CE,2024-01-09,0.14
2024-01-05 13:35:00+05:30,160.34801410601736,160.98940616244144,159.70662204959328,160.34801410601736,100,24800,PE,2024-01-09,0.14
2024-01-05 13:36:00+05:30,136.94514044757867,137.49292100936898,136.39735988578835,136.94514044757867,100,24800,CE,2024-01-09,0.14
2024-01-05 13:36:00+05:30,158.41556057554968,159.04922281785187,157.78189833324748,158.41556057554968,100,24800,PE,2024-01-09,0.14
2024-01-05 13:37:00+05:30,142.03484830917128,142.60298770240797,141.4667089159346,142.03484830917128,100,24800,CE,2024-01-09,0.14
2024-01-05 13:37:00+05:30,153.32585271395706,153.93915612481288,152.71254930310124,153.32585271395706,100,24800,PE,2024-01-09,0.14
2024-01-05 13:38:00+05:30,144.41957329051743,144.9972515836795,143.84189499735535,144.41957329051743,100,24800,CE,2024-01-09,0.14
2024-01-05 13:38:00+05:30,150.9411277326109,151.54489224354134,150.33736322168048,150.9411277326109,100,24800,PE,2024-01-09,0.14
2024-01-05 13:39:00+05:30,142.90851321896858,143.48014727184446,142.3368791660927,142.90851321896858,100,24800,CE,2024-01-09,0.14
2024-01-05 13:39:00+05:30,152.45218780415976,153.0619965553764,151.84237905294313,152.45218780415976,100,24800,PE,2024-01-09,0.14
2024-01-05 13:40:00+05:30,142.38134644708967,142.95087183287802,141.81182106130132,142.38134644708967,100,24800,CE,2024-01-09,0.14
2024-01-05 13:40:00+05:30,152.97935457603867,153.59127199434283,152.3674371577345,152.97935457603867,100,24800,PE,2024-01-09,0.14
2024-01-05 13:41:00+05:30,144.19096271668073,144.76772656754744,143.61419886581402,144.19096271668073,100,24800,CE,2024-01-09,0.14
2024-01-05 13:41:00+05:30,151.1697383064476,151.7744172596734,150.5650593532218,151.1697383064476,100,24800,PE,2024-01-09,0.14
2024-01-05 13:42:00+05:30,148.59350479225955,149.1878788114286,147.9991307730905,148.59350479225955,100,24800,CE,2024-01-09,0.14
2024-01-05 13:42:00+05:30,146.7671962308688,147.35426501579227,146.18012744594532,146.7671962308688,100,24800,PE,2024-01-09,0.14
2024-01-05 13:43:00+05:30,147.11674994326327,147.70521694303633,146.5282829434902,147.11674994326327,100,24800,CE,2024-01-09,0.14
2024-01-05 13:43:00+05:30,148.24395107986507,148.83692688418452,147.65097527554562,148.24395107986507,100,24800,PE,2024-01-09,0.14
2024-01-05 13:44:00+05:30,145.58248774951622,146.16481770051428,145.00015779851816,145.58248774951622,100,24800,CE,2024-01-09,0.14
2024-01-05 13:44:00+05:30,149.77821327361212,150.37732612670658,149.17910042051767,149.77821327361212,100,24800,PE,2024-01-09,0.14
2024-01-05 13:45:00+05:30,149.64027772412751,150.238838835024,149.04171661323102,149.64027772412751,100,24800,CE,2024-01-09,0.14
2024-01-05 13:45:00+05:30,145.72042329900083,146.30330499219684,145.1375416058048,145.72042329900083,100,24800,PE,2024-01-09,0.14
2024-01-05 13:46:00+05:30,150.46853698272585,151.07041113065677,149.86666283479494,150.46853698272585,100,24800,CE,2024-01-09,0.14
2024-01-05 13:46:00+05:30,144.8921640404025,145.4717326965641,144.3125953842409,144.8921640404025,100,24800,PE,2024-01-09,0.14
2024-01-05 13:47:00+05:30,151.76547872797724,152.37254064288913,151.15841681306534,151.76547872797724,100,24800,CE,2024-01-09,0.14
2024-01-05 13:47:00+05:30,143.5952222951511,144.16960318433172,143.0208414059705,143.5952222951511,100,24800,PE,2024-01-09,0.14
2024-01-05 13:48:00+05:30,153.57958063001766,154.19389895253772,152.9652623074976,153.57958063001766,100,24800,CE,2024-01-09,0.14
2024-01-05 13:48:00+05:30,141.78112039311068,142.34824487468313,141.21399591153823,141.78112039311068,100,24800,PE,2024-01-09,0.14
2024-01-05 13:49:00+05:30,150.7168762470666,151.31974375205488,150.11400874207834,150.7168762470666,100,24800,CE,2024-01-09,0.14
2024-01-05 13:49:00+05:30,144.64382477606173,145.22240007516598,144.0652494769575,144.64382477606173,100,24800,PE,2024-01-09,0.14
2024-01-05 13:50:00+05:30,150.1829770691567,150.78370897743332,149.58224516088006,150.1829770691567,100,24800,CE,2024-01-09,0.14
2024-01-05 13:50:00+05:30,145.17772395397165,145.75843484978753,144.59701305815577,145.17772395397165,100,24800,PE,2024-01-09,0.14
2024-01-05 13:51:00+05:30,154.15423950914388,154.77085646718047,153.5376225511073,154.15423950914388,100,24800,CE,2024-01-09,0.14
2024-01-05 13:51:00+05:30,141.20646151398446,141.7712873600404,140.64163566792854,141.20646151398446,100,24800,PE,2024-01-09,0.14
2024-01-05 13:52:00+05:30,153.58848817659432,154.2028421293007,152.97413422388794,153.58848817659432,100,24800,CE,2024-01-09,0.14
2024-01-05 13:52:00+05:30,141.77221284653402,142.33930169792015,141.2051239951479,141.77221284653402,100,24800,PE,2024-01-09,0.14
2024-01-05 13:53:00+05:30,152.8711141628593,153.48259861951072,152.25962970620787,152.8711141628593,100,24800,CE,2024-01-09,0.14
2024-01-05 13:53:00+05:30,142.48958686026904,143.05954520771013,141.91962851282796,142.48958686026904,100,24800,PE,2024-01-09,0.14
2024-01-05 13:54:00+05:30,154.00584465055377,154.621868029156,153.38982127195155,154.00584465055377,100,24800,CE,2024-01-09,0.14
2024-01-05 13:54:00+05:30,141.35485637257457,141.92027579806486,140.78943694708428,141.35485637257457,100,24800,PE,2024-01-09,0.14
2024-01-05 13:55:00+05:30,155.47729628089124,156.0992054660148,154.85538709576767,155.47729628089124,100,24800,CE,2024-01-09,0.14
2024-01-05 13:55:00+05:30,139.8834047422371,140.44293836120605,139.32387112326816,139.8834047422371,100,24800,PE,2024-01-09,0.14
2024-01-05 13:56:00+05:30,164.96158555528214,165.62143189750327,164.301739213061,164.96158555528214,100,24800,CE,2024-01-09,0.14
2024-01-05 13:56:00+05:30,130.3991154678462,130.92071192971758,129.87751900597482,130.3991154678462,100,24800,PE,2024-01-09,0.14
2024-01-05 13:57:00+05:30,161.97388102727032,162.6217765513794,161.32598550316123,161.97388102727032,100,24800,CE,2024-01-09,0.14
2024-01-05 13:57:00+05:30,133.38681999585802,133.92036727584144,132.8532727158746,133.38681999585802,100,24800,PE,2024-01-09,0.14
2024-01-05 13:58:00+05:30,162.5228633836688,163.1729548372035,161.87277193013412,162.5228633836688,100,24800,CE,2024-01-09,0.14
2024-01-05 13:58:00+05:30,132.83783763945954,133.36918899001736,132.3064862889017,132.83783763945954,100,24800,PE,2024-01-09,0.14
2024-01-05 13:59:00+05:30,170.0566840497451,170.73691078594408,169.3764573135461,170.0566840497451,100,24800,CE,2024-01-09,0.14
2024-01-05 13:59:00+05:30,125.30401697338326,125.8052330412768,124.80280090548972,125.30401697338326,100,24800,PE,2024-01-09,0.14
2024-01-05 14:00:00+05:30,170.21252344112887,170.89337353489339,169.53167334736435,170.21252344112887,100,24800,CE,2024-01-09,0.14
2024-01-05 14:00:00+05:30,125.14817758199948,125.64877029232747,124.64758487167148,125.14817758199948,100,24800,PE,2024-01-09,0.14
2024-01-05 14:01:00+05:30,171.65464061869366,172.34125918116843,170.9680220562189,171.65464061869366,100,24800,CE,2024-01-09,0.14
2024-01-05 14:01:00+05:30,123.70606040443468,124.20088464605242,123.21123616281695,123.70606040443468,100,24800,PE,2024-01-09,0.14
2024-01-05 14:02:00+05:30,166.27111027786864,166.93619471898012,165.60602583675717,166.27111027786864,100,24800,CE,2024-01-09,0.14
2024-01-05 14:02:00+05:30,129.0895907452597,129.60594910824074,128.57323238227866,129.0895907452597,100,24800,PE,2024-01-09,0.14
2024-01-05 14:03:00+05:30,169.926280187343,170.60598530809236,169.24657506659364,169.926280187343,100,24800,CE,2024-01-09,0.14
2024-01-05 14:03:00+05:30,125.43442083578535,125.93615851912848,124.93268315244221,125.43442083578535,100,24800,PE,2024-01-09,0.14
2024-01-05 14:04:00+05:30,173.20241008845747,173.8952197288113,172.50960044810364,173.20241008845747,100,24800,CE,2024-01-09,0.14
2024-01-05 14:04:00+05:30,122.15829093467087,122.64692409840956,121.66965777093219,122.15829093467087,100,24800,PE,2024-01-09,0.14
2024-01-05 14:05:00+05:30,176.28963186178785,176.994790389235,175.58447333434071,176.28963186178785,100,24800,CE,2024-01-09,0.14
2024-01-05 14:05:00+05:30,119.07106916134049,119.54735343798585,118.59478488469513,119.07106916134049,100,24800,PE,2024-01-09,0.14
2024-01-05 14:06:00+05:30,175.64906331492253,176.3516595681822,174.94646706166284,175.64906331492253,100,24800,CE,2024-01-09,0.14
2024-01-05 14:06:00+05:30,119.71163770820581,120.19048425903864,119.23279115737299,119.71163770820581,100,24800,PE,2024-01-09,0.14
2024-01-05 14:07:00+05:30,177.06080168507665,177.76904489181697,176.35255847833633,177.06080168507665,100,24800,CE,2024-01-09,0.14
2024-01-05 14:07:00+05:30,118.29989933805169,118.7730989354039,117.82669974069948,118.29989933805169,100,24800,PE,2024-01-09,0.14
2024-01-05 14:08:00+05:30,176.8451094903359,177.55248992829723,176.13772905237454,176.8451094903359,100,24800,CE,2024-01-09,0.14
2024-01-05 14:08:00+05:30,118.51559153279246,118.98965389892362,118.04152916666129,118.51559153279246,100,24800,PE,2024-01-09,0.14
2024-01-05 14:09:00+05:30,180.0465050084787,180.7666910285126,179.3263189884448,180.0465050084787,100,24800,CE,2024-01-09,0.14
2024-01-05 14:09:00+05:30,115.31419601464964,115.77545279870824,114.85293923059103,115.31419601464964,100,24800,PE,2024-01-09,0.14
2024-01-05 14:10:00+05:30,180.0329250223805,180.75305672247003,179.312793322291,180.0329250223805,100,24800,CE,2024-01-09,0.14
2024-01-05 14:10:00+05:30,115.32777600074783,115.78908710475082,114.86646489674484,115.32777600074783,100,24800,PE,2024-01-09,0.14
2024-01-05 14:11:00+05:30,182.9969929858818,183.72898095782534,182.26500501393826,182.9969929858818,100,24800,CE,2024-01-09,0.14
2024-01-05 14:11:00+05:30,112.36370803724654,112.81316286939553,111.91425320509755,112.36370803724654,100,24800,PE,2024-01-09,0.14
2024-01-05 14:12:00+05:30,178.05862547193297,178.7708599738207,177.34639097004523,178.05862547193297,100,24800,CE,2024-01-09,0.14
2024-01-05 14:12:00+05:30,117.30207555119537,117.77128385340015,116.8328672489906,117.30207555119537,100,24800,PE,2024-01-09,0.14
2024-01-05 14:13:00+05:30,176.8723543793332,177.57984379685053,176.16486496181585,176.8723543793332,100,24800,CE,2024-01-09,0.14
2024-01-05 14:13:00+05:30,118.48834664379515,118.96230003037033,118.01439325721998,118.48834664379515,100,24800,PE,2024-01-09,0.14
2024-01-05 14:14:00+05:30,166.30253440617903,166.96774454380375,165.63732426855432,166.30253440617903,100,24800,CE,2024-01-09,0.14
2024-01-05 14:14:00+05:30,129.0581666169493,129.5743992834171,128.5419339504815,129.0581666169493,100,24800,PE,2024-01-09,0.14
2024-01-05 14:15:00+05:30,165.78886518741288,166.45202064816255,165.12570972666322,165.78886518741288,100,24800,CE,2024-01-09,0.14
2024-01-05 14:15:00+05:30,129.57183583571546,130.0901231790583,129.0535484923726,129.57183583571546,100,24800,PE,2024-01-09,0.14
2024-01-05 14:16:00+05:30,168.6977525135882,169.37254352364255,168.02296150353385,168.6977525135882,100,24800,CE,2024-01-09,0.14
2024-01-05 14:16:00+05:30,126.66294850954014,127.1696003035783,126.15629671550198,126.66294850954014,100,24800,PE,2024-01-09,0.14
2024-01-05 14:17:00+05:30,167.7742720571952,168.44536914542397,167.1031749689664,167.7742720571952,100,24800,CE,2024-01-09,0.14
2024-01-05 14:17:00+05:30,127.58642896593315,128.0967746817969,127.07608325006942,127.58642896593315,100,24800,PE,2024-01-09,0.14
2024-01-05 14:18:00+05:30,176.56363994470863,177.26989450448747,175.85738538492978,176.56363994470863,100,24800,CE,2024-01-09,0.14
2024-01-05 14:18:00+05:30,118.79706107841972,119.2722493227334,118.32187283410603,118.79706107841972,100,24800,PE,2024-01-09,0.14
2024-01-05 14:19:00+05:30,172.90453816726964,173.5961563199387,172.21292001460057,172.90453816726964,100,24800,CE,2024-01-09,0.14
2024-01-05 14:19:00+05:30,122.45616285585871,122.94598750728214,121.96633820443527,122.45616285585871,100,24800,PE,2024-01-09,0.14
2024-01-05 14:20:00+05:30,171.68200079098474,172.3687287941487,170.9952727878208,171.68200079098474,100,24800,CE,2024-01-09,0.14
2024-01-05 14:20:00+05:30,123.6787002321436,124.17341503307217,123.18398543121502,123.6787002321436,100,24800,PE,2024-01-09,0.14
2024-01-05 14:21:00+05:30,168.27568835354955,168.94879110696377,167.60258560013534,168.27568835354955,100,24800,CE,2024-01-09,0.14
2024-01-05 14:21:00+05:30,127.08501266957879,127.5933527202571,126.57667261890047,127.08501266957879,100,24800,PE,2024-01-09,0.14
2024-01-05 14:22:00+05:30,166.44040564793445,167.10616727052619,165.77464402534272,166.44040564793445,100,24800,CE,2024-01-09,0.14
2024-01-05 14:22:00+05:30,128.9202953751939,129.43597655669467,128.4046141936931,128.9202953751939,100,24800,PE,2024-01-09,0.14
2024-01-05 14:23:00+05:30,164.7277190352435,165.38662991138446,164.06880815910253,164.7277190352435,100,24800,CE,2024-01-09,0.14
2024-01-05 14:23:00+05:30,130.63298198788485,131.1555139158364,130.1104500599333,130.63298198788485,100,24800,PE,2024-01-09,0.14
2024-01-05 14:24:00+05:30,159.27366119420745,159.91075583898427,158.63656654943063,159.27366119420745,100,24800,CE,2024-01-09,0.14
2024-01-05 14:24:00+05:30,136.0870398289209,136.63138798823658,135.5426916696052,136.0870398289209,100,24800,PE,2024-01-09,0.14
2024-01-05 14:25:00+05:30,155.66331696306602,156.28597023091828,155.04066369521377,155.66331696306602,100,24800,CE,2024-01-09,0.14
2024-01-05 14:25:00+05:30,139.69738406006232,140.25617359630257,139.13859452382206,139.69738406006232,100,24800,PE,2024-01-09,0.14
2024-01-05 14:26:00+05:30,163.25741635015234,163.91044601555296,162.60438668475172,163.25741635015234,100,24800,CE,2024-01-09,0.14
2024-01-05 14:26:00+05:30,132.103284672976,132.63169781166792,131.57487153428409,132.103284672976,100,24800,PE,2024-01-09,0.14
2024-01-05 14:27:00+05:30,162.31595282035974,162.96521663164117,161.6666890090783,162.31595282035974,100,24800,CE,2024-01-09,0.14
2024-01-05 14:27:00+05:30,133.0447482027686,133.57692719557969,132.51256920995752,133.0447482027686,100,24800,PE,2024-01-09,0.14
2024-01-05 14:28:00+05:30,165.74586602890682,166.40884949302244,165.0828825647912,165.74586602890682,100,24800,CE,2024-01-09,0.14
2024-01-05 14:28:00+05:30,129.61483499422152,130.1332943341984,129.09637565424464,129.61483499422152,100,24800,PE,2024-01-09,0.14
2024-01-05 14:29:00+05:30,161.04713663330963,161.69132517984286,160.4029480867764,161.04713663330963,100,24800,CE,2024-01-09,0.14
2024-01-05 14:29:00+05:30,134.3135643898187,134.850818647378,133.77631013225943,134.3135643898187,100,24800,PE,2024-01-09,0.14
2024-01-05 14:30:00+05:30,160.64706065053738,161.28964889313954,160.00447240793522,160.64706065053738,100,24800,CE,2024-01-09,0.14
2024-01-05 14:30:00+05:30,134.71364037259096,135.2524949340813,134.1747858111006,134.71364037259096,100,24800,PE,2024-01-09,0.14
2024-01-05 14:31:00+05:30,162.6779866003582,163.32869854675963,162.02727465395677,162.6779866003582,100,24800,CE,2024-01-09,0.14
2024-01-05 14:31:00+05:30,132.68271442277015,133.21344528046123,132.15198356507906,132.68271442277015,100,24800,PE,2024-01-09,0.14
2024-01-05 14:32:00+05:30,162.06770650961712,162.7159773356556,161.41943568357866,162.06770650961712,100,24800,CE,2024-01-09,0.14
2024-01-05 14:32:00+05:30,133.29299451351122,133.82616649156526,132.75982253545718,133.29299451351122,100,24800,PE,2024-01-09,0.14
2024-01-05 14:33:00+05:30,160.18858359418678,160.82933792856352,159.54782925981004,160.18858359418678,100,24800,CE,2024-01-09,0.14
2024-01-05 14:33:00+05:30,135.17211742894156,135.71280589865734,134.6314289592258,135.17211742894156,100,24800,PE,2024-01-09,0.14
2024-01-05 14:34:00+05:30,159.51815942561385,160.1562320633163,158.88008678791138,159.51815942561385,100,24800,CE,2024-01-09,0.14
2024-01-05 14:34:00+05:30,135.8425415975145,136.38591176390455,135.29917143112445,135.8425415975145,100,24800,PE,2024-01-09,0.14
2024-01-05 14:35:00+05:30,159.65372052582293,160.29233540792623,159.01510564371964,159.65372052582293,100,24800,CE,2024-01-09,0.14
2024-01-05 14:35:00+05:30,135.7069804973054,136.24980841929462,135.1641525753162,135.7069804973054,100,24800,PE,2024-01-09,0.14
2024-01-05 14:36:00+05:30,162.78427176231176,163.435408849361,162.1331346752625,162.78427176231176,100,24800,CE,2024-01-09,0.14
2024-01-05 14:36:00+05:30,132.57642926081658,133.10673497785984,132.04612354377332,132.57642926081658,100,24800,PE,2024-01-09,0.14
2024-01-05 14:37:00+05:30,167.3041218461896,167.97333833357436,166.63490535880482,167.3041218461896,100,24800,CE,2024-01-09,0.14
2024-01-05 14:37:00+05:30,128.05657917693875,128.56880549364652,127.544352860231,128.05657917693875,100,24800,PE,2024-01-09,0.14
2024-01-05 14:38:00+05:30,162.41722762834266,163.06689653885604,161.76755871782927,162.41722762834266,100,24800,CE,2024-01-09,0.14
2024-01-05 14:38:00+05:30,132.94347339478568,133.47524728836484,132.41169950120653,132.94347339478568,100,24800,PE,2024-01-09,0.14
2024-01-05 14:39:00+05:30,154.77981750305312,155.39893677306534,154.1606982330409,154.77981750305312,100,24800,CE,2024-01-09,0.14
2024-01-05 14:39:00+05:30,140.58088352007522,141.1432070541555,140.01855998599493,140.58088352007522,100,24800,PE,2024-01-09,0.14
2024-01-05 14:40:00+05:30,154.08716929573907,154.70351797292204,153.4708206185561,154.08716929573907,100,24800,CE,2024-01-09,0.14
2024-01-05 14:40:00+05:30,141.27353172738927,141.83862585429884,140.7084376004797,141.27353172738927,100,24800,PE,2024-01-09,0.14
2024-01-05 14:41:00+05:30,154.12545078412055,154.74195258725703,153.50894898098406,154.12545078412055,100,24800,CE,2024-01-09,0.14
2024-01-05 14:41:00+05:30,141.2352502390078,141.80019123996382,140.67030923805177,141.2352502390078,100,24800,PE,2024-01-09,0.14
2024-01-05 14:42:00+05:30,156.81786362809012,157.4451350826025,156.19059217357776,156.81786362809012,100,24800,CE,2024-01-09,0.14
2024-01-05 14:42:00+05:30,138.54283739503822,139.09700874461836,137.98866604545807,138.54283739503822,100,24800,PE,2024-01-09,0.14
2024-01-05 14:43:00+05:30,160.81683000179524,161.4600973218024,160.17356268178807,160.81683000179524,100,24800,CE,2024-01-09,0.14
2024-01-05 14:43:00+05:30,134.5438710213331,135.08204650541845,134.00569553724776,134.5438710213331,100,24800,PE,2024-01-09,0.14
2024-01-05 14:44:00+05:30,158.36167248746293,158.9951191774128,157.72822579751306,158.36167248746293,100,24800,CE,2024-01-09,0.14
2024-01-05 14:44:00+05:30,136.99902853566542,137.54702464980807,136.45103242152277,136.99902853566542,100,24800,PE,2024-01-09,0.14
2024-01-05 14:45:00+05:30,166.0646464020921,166.72890498770047,165.40038781648374,166.0646464020921,100,24800,CE,2024-01-09,0.14
2024-01-05 14:45:00+05:30,129.29605462103623,129.81323883952038,128.7788704025521,129.29605462103623,100,24800,PE,2024-01-09,0.14
2024-01-05 14:46:00+05:30,167.0450158324185,167.71319589574819,166.3768357690888,167.0450158324185,100,24800,CE,2024-01-09,0.14
2024-01-05 14:46:00+05:30,128.31568519070984,128.82894793147267,127.802422449947,128.31568519070984,100,24800,PE,2024-01-09,0.14
2024-01-05 14:47:00+05:30,160.47965721532105,161.12157584418233,159.83773858645978,160.47965721532105,100,24800,CE,2024-01-09,0.14
2024-01-05 14:47:00+05:30,134.8810438078073,135.42056798303852,134.34151963257605,134.8810438078073,100,24800,PE,2024-01-09,0.14
2024-01-05 14:48:00+05:30,164.07889239895317,164.735207968549,163.42257682935735,164.07889239895317,100,24800,CE,2024-01-09,0.14
2024-01-05 14:48:00+05:30,131.28180862417517,131.80693585867186,130.75668138967848,131.28180862417517,100,24800,PE,2024-01-09,0.14
2024-01-05 14:49:00+05:30,165.13510963713284,165.79565007568138,164.4745691985843,165.13510963713284,100,24800,CE,2024-01-09,0.14
2024-01-05 14:49:00+05:30,130.2255913859955,130.74649375153948,129.70468902045153,130.2255913859955,100,24800,PE,2024-01-09,0.14
2024-01-05 14:50:00+05:30,166.22615821255582,166.89106284540605,165.56125357970558,166.22615821255582,100,24800,CE,2024-01-09,0.14
2024-01-05 14:50:00+05:30,129.13454281057253,129.65108098181483,128.61800463933022,129.13454281057253,100,24800,PE,2024-01-09,0.14
2024-01-05 14:51:00+05:30,160.31497784924446,160.95623776064144,159.67371793784747,160.31497784924446,100,24800,CE,2024-01-09,0.14
2024-01-05 14:51:00+05:30,135.04572317388389,135.5859060665794,134.50554028118836,135.04572317388389,100,24800,PE,2024-01-09,0.14
2024-01-05 14:52:00+05:30,159.20448714678437,159.84130509537152,158.56766919819722,159.20448714678437,100,24800,CE,2024-01-09,0.14
2024-01-05 14:52:00+05:30,136.15621387634397,136.70083873184936,135.61158902083858,136.15621387634397,100,24800,PE,2024-01-09,0.14
2024-01-05 14:53:00+05:30,159.81893113797756,160.45820686252947,159.17965541342565,159.81893113797756,100,24800,CE,2024-01-09,0.14
2024-01-05 14:53:00+05:30,135.54176988515079,136.0839369646914,134.99960280561018,135.54176988515079,100,24800,PE,2024-01-09,0.14
2024-01-05 14:54:00+05:30,159.26579716298707,159.90286035163902,158.62873397433512,159.26579716298707,100,24800,CE,2024-01-09,0.14
2024-01-05 14:54:00+05:30,136.09490386014127,136.63928347558183,135.5505242447007,136.09490386014127,100,24800,PE,2024-01-09,0.14
2024-01-05 14:55:00+05:30,161.84783627724406,162.49522762235304,161.20044493213507,161.84783627724406,100,24800,CE,2024-01-09,0.14
2024-01-05 14:55:00+05:30,133.5128647458843,134.0469162048678,132.97881328690076,133.5128647458843,100,24800,PE,2024-01-09,0.14
2024-01-05 14:56:00+05:30,166.55286820523557,167.21907967805652,165.88665673241462,166.55286820523557,100,24800,CE,2024-01-09,0.14
2024-01-05 14:56:00+05:30,128.80783281789277,129.32306414916434,128.2926014866212,128.80783281789277,100,24800,PE,2024-01-09,0.14
2024-01-05 14:57:00+05:30,172.25645857768555,172.9454844119963,171.5674327433748,172.25645857768555,100,24800,CE,2024-01-09,0.14
2024-01-05 14:57:00+05:30,123.1042424454428,123.59665941522456,122.61182547566102,123.1042424454428,100,24800,PE,2024-01-09,0.14
2024-01-05 14:58:00+05:30,176.94276198335515,177.65053303128857,176.23499093542173,176.94276198335515,100,24800,CE,2024-01-09,0.14
2024-01-05 14:58:00+05:30,118.41793903977319,118.89161079593228,117.9442672836141,118.41793903977319,100,24800,PE,2024-01-09,0.14
2024-01-05 14:59:00+05:30,176.414159846334,177.11981648571933,175.70850320694868,176.414159846334,100,24800,CE,2024-01-09,0.14
2024-01-05 14:59:00+05:30,118.94654117679434,119.42232734150151,118.47075501208717,118.94654117679434,100,24800,PE,2024-01-09,0.14
2024-01-05 15:00:00+05:30,182.84392621234306,183.57530191719243,182.1125505074937,182.84392621234306,100,24800,CE,2024-01-09,0.14
2024-01-05 15:00:00+05:30,112.51677481078528,112.96684191002842,112.06670771154214,112.51677481078528,100,24800,PE,2024-01-09,0.14
2024-01-05 15:01:00+05:30,183.8405817206532,184.5759440475358,183.1052193937706,183.8405817206532,100,24800,CE,2024-01-09,0.14
2024-01-05 15:01:00+05:30,111.52011930247514,111.96619977968504,111.07403882526523,111.52011930247514,100,24800,PE,2024-01-09,0.14
2024-01-05 15:02:00+05:30,187.04971552172915,187.79791438381608,186.30151665964223,187.04971552172915,100,24800,CE,2024-01-09,0.14
2024-01-05 15:02:00+05:30,108.31098550139919,108.74422944340479,107.87774155939358,108.31098550139919,100,24800,PE,2024-01-09,0.14
2024-01-05 15:03:00+05:30,186.16655705414465,186.91122328236122,185.42189082592807,186.16655705414465,100,24800,CE,2024-01-09,0.14
2024-01-05 15:03:00+05:30,109.1941439689837,109.63092054485963,108.75736739310776,109.1941439689837,100,24800,PE,2024-01-09,0.14
2024-01-05 15:04:00+05:30,180.991333582988,181.71529891731996,180.26736824865606,180.991333582988,100,24800,CE,2024-01-09,0.14
2024-01-05 15:04:00+05:30,114.36936744014034,114.8268449099009,113.91188997037978,114.36936744014034,100,24800,PE,2024-01-09,0.14
2024-01-05 15:05:00+05:30,172.56023114663745,173.250472071224,171.8699902220509,172.56023114663745,100,24800,CE,2024-01-09,0.14
2024-01-05 15:05:00+05:30,122.8004698764909,123.29167175599686,122.30926799698493,122.8004698764909,100,24800,PE,2024-01-09,0.14
2024-01-05 15:06:00+05:30,173.27682509234197,173.96993239271134,172.5837177919726,173.27682509234197,100,24800,CE,2024-01-09,0.14
2024-01-05 15:06:00+05:30,122.08387593078638,122.57221143450953,121.59554042706323,122.08387593078638,100,24800,PE,2024-01-09,0.14
2024-01-05 15:07:00+05:30,170.77565047447402,171.45875307637192,170.09254787257612,170.77565047447402,100,24800,CE,2024-01-09,0.14
2024-01-05 15:07:00+05:30,124.58505054865432,125.08339075084893,124.08671034645971,124.58505054865432,100,24800,PE,2024-01-09,0.14
2024-01-05 15:08:00+05:30,170.77397765814035,171.45707356877293,170.09088174750778,170.77397765814035,100,24800,CE,2024-01-09,0.14
2024-01-05 15:08:00+05:30,124.58672336498799,125.08507025844794,124.08837647152804,124.58672336498799,100,24800,PE,2024-01-09,0.14
2024-01-05 15:09:00+05:30,174.12907265406662,174.8255889446829,173.43255636345035,174.12907265406662,100,24800,CE,2024-01-09,0.14
2024-01-05 15:09:00+05:30,121.23162836906172,121.71655488253798,120.74670185558547,121.23162836906172,100,24800,PE,2024-01-09,0.14
2024-01-05 15:10:00+05:30,168.45319931813006,169.12701211540258,167.77938652085754,168.45319931813006,100,24800,CE,2024-01-09,0.14
2024-01-05 15:10:00+05:30,126.90750170499828,127.41513171181828,126.39987169817829,126.90750170499828,100,24800,PE,2024-01-09,0.14
2024-01-05 15:11:00+05:30,161.90676909765003,162.55439617404062,161.25914202125944,161.90676909765003,100,24800,CE,2024-01-09,0.14
2024-01-05 15:11:00+05:30,133.45393192547832,133.98774765318024,132.9201161977764,133.45393192547832,100,24800,PE,2024-01-09,0.14
2024-01-05 15:12:00+05:30,162.89896448483537,163.55056034277473,162.24736862689602,162.89896448483537,100,24800,CE,2024-01-09,0.14
2024-01-05 15:12:00+05:30,132.46173653829297,132.99158348444615,131.93188959213978,132.46173653829297,100,24800,PE,2024-01-09,0.14
2024-01-05 15:13:00+05:30,164.2836193405657,164.94075381792797,163.62648486320344,164.2836193405657,100,24800,CE,2024-01-09,0.14
2024-01-05 15:13:00+05:30,131.07708168256264,131.60139000929288,130.5527733558324,131.07708168256264,100,24800,PE,2024-01-09,0.14
2024-01-05 15:14:00+05:30,163.29014778355682,163.94330837469104,162.6369871924226,163.29014778355682,100,24800,CE,2024-01-09,0.14
2024-01-05 15:14:00+05:30,132.07055323957152,132.5988354525298,131.54227102661324,132.07055323957152,100,24800,PE,2024-01-09,0.14
2024-01-05 15:15:00+05:30,161.35665154174072,162.00207814790767,160.71122493557377,161.35665154174072,100,24800,CE,2024-01-09,0.14
2024-01-05 15:15:00+05:30,134.00404948138763,134.5400656793132,133.46803328346206,134.00404948138763,100,24800,PE,2024-01-09,0.14
2024-01-05 15:16:00+05:30,155.444084301642,156.06586063884856,154.82230796443542,155.444084301642,100,24800,CE,2024-01-09,0.14
2024-01-05 15:16:00+05:30,139.91661672148635,140.4762831883723,139.3569502546004,139.91661672148635,100,24800,PE,2024-01-09,0.14
2024-01-05 15:17:00+05:30,155.14610536826527,155.76668978973834,154.5255209467922,155.14610536826527,100,24800,CE,2024-01-09,0.14
2024-01-05 15:17:00+05:30,140.21459565486307,140.77545403748252,139.65373727224363,140.21459565486307,100,24800,PE,2024-01-09,0.14
2024-01-05 15:18:00+05:30,152.39975905837323,153.00935809460674,151.79016002213973,152.39975905837323,100,24800,CE,2024-01-09,0.14
2024-01-05 15:18:00+05:30,142.9609419647551,143.53278573261412,142.3890981968961,142.9609419647551,100,24800,PE,2024-01-09,0.14
2024-01-05 15:19:00+05:30,154.03156369337935,154.64768994815287,153.41543743860584,154.03156369337935,100,24800,CE,2024-01-09,0.14
2024-01-05 15:19:00+05:30,141.329137329749,141.89445387906798,140.76382078043,141.329137329749,100,24800,PE,2024-01-09,0.14
2024-01-05 15:20:00+05:30,157.58516833204172,158.21550900536988,156.95482765871355,157.58516833204172,100,24800,CE,2024-01-09,0.14
2024-01-05 15:20:00+05:30,137.77553269108662,138.32663482185097,137.22443056032228,137.77553269108662,100,24800,PE,2024-01-09,0.14
2024-01-05 15:21:00+05:30,155.53311616862644,156.15524863330094,154.91098370395193,155.53311616862644,100,24800,CE,2024-01-09,0.14
2024-01-05 15:21:00+05:30,139.8275848545019,140.3868951939199,139.2682745150839,139.8275848545019,100,24800,PE,2024-01-09,0.14
2024-01-05 15:22:00+05:30,157.10548253582252,157.73390446596582,156.4770606056792,157.10548253582252,100,24800,CE,2024-01-09,0.14
2024-01-05 15:22:00+05:30,138.25521848730583,138.80823936125506,137.7021976133566,138.25521848730583,100,24800,PE,2024-01-09,0.14
2024-01-05 15:23:00+05:30,157.81758247182384,158.44885280171113,157.18631214193655,157.81758247182384,100,24800,CE,2024-01-09,0.14
2024-01-05 15:23:00+05:30,137.5431185513045,138.09329102550973,136.99294607709928,137.5431185513045,100,24800,PE,2024-01-09,0.14
2024-01-05 15:24:00+05:30,160.44867312365037,161.09046781614498,159.80687843115575,160.44867312365037,100,24800,CE,2024-01-09,0.14
2024-01-05 15:24:00+05:30,134.91202789947798,135.45167601107588,134.37237978788008,134.91202789947798,100,24800,PE,2024-01-09,0.14
2024-01-05 15:25:00+05:30,166.18620000200295,166.85094480201096,165.52145520199494,166.18620000200295,100,24800,CE,2024-01-09,0.14
2024-01-05 15:25:00+05:30,129.1745010211254,129.6911990252099,128.6578030170409,129.1745010211254,100,24800,PE,2024-01-09,0.14
2024-01-05 15:26:00+05:30,168.66973828485257,169.344417237992,167.99505933171315,168.66973828485257,100,24800,CE,2024-01-09,0.14
2024-01-05 15:26:00+05:30,126.69096273827577,127.19772658922888,126.18419888732267,126.69096273827577,100,24800,PE,2024-01-09,0.14
2024-01-05 15:27:00+05:30,171.33945495766616,172.02481277749683,170.6540971378355,171.33945495766616,100,24800,CE,2024-01-09,0.14
2024-01-05 15:27:00+05:30,124.02124606546218,124.51733104972404,123.52516108120032,124.02124606546218,100,24800,PE,2024-01-09,0.14
2024-01-05 15:28:00+05:30,174.3231935459336,175.02048632011733,173.62590077174988,174.3231935459336,100,24800,CE,2024-01-09,0.14
2024-01-05 15:28:00+05:30,121.03750747719474,121.52165750710351,120.55335744728596,121.03750747719474,100,24800,PE,2024-01-09,0.14
2024-01-05 15:29:00+05:30,172.75672637582662,173.44775328132994,172.0656994703233,172.75672637582662,100,24800,CE,2024-01-09,0.14
2024-01-05 15:29:00+05:30,122.60397464730173,123.09439054589093,122.11355874871252,122.60397464730173,100,24800,PE,2024-01-09,0.14
2024-01-05 15:30:00+05:30,172.75357190563787,173.44458619326042,172.06255761801532,172.75357190563787,100,24800,CE,2024-01-09,0.14
2024-01-05 15:30:00+05:30,122.60712911749047,123.09755763396043,122.11670060102051,122.60712911749047,100,24800,PE,2024-01-09,0.14
2024-01-08 09:15:00+05:30,77.27405807116108,77.58315430344572,76.96496183887643,77.27405807116108,100,24850,CE,2024-01-09,0.14
2024-01-08 09:15:00+05:30,77.27405807116108,77.58315430344572,76.96496183887643,77.27405807116108,100,24850,PE,2024-01-09,0.14
2024-01-08 09:16:00+05:30,75.28486482578725,75.5860042850904,74.98372536648411,75.28486482578725,100,24850,CE,2024-01-09,0.14
2024-01-08 09:16:00+05:30,79.2632513165349,79.58030432180105,78.94619831126876,79.2632513165349,100,24850,PE,2024-01-09,0.14
2024-01-08 09:17:00+05:30,78.53365684228945,78.8477914696586,78.21952221492029,78.53365684228945,100,24850,CE,2024-01-09,0.14
2024-01-08 09:17:00+05:30,76.01445930003271,76.31851713723285,75.71040146283258,76.01445930003271,100,24850,PE,2024-01-09,0.14
2024-01-08 09:18:00+05:30,84.82061624732111,85.1598987123104,84.48133378233183,84.82061624732111,100,24850,CE,2024-01-09,0.14
2024-01-08 09:18:00+05:30,69.72749989500105,70.00640989458105,69.44858989542104,69.72749989500105,100,24850,PE,2024-01-09,0.14
2024-01-08 09:19:00+05:30,86.52277126192664,86.86886234697434,86.17668017687893,86.52277126192664,100,24850,CE,2024-01-09,0.14
2024-01-08 09:19:00+05:30,68.02534488039552,68.29744625991711,67.75324350087394,68.02534488039552,100,24850,PE,2024-01-09,0.14
2024-01-08 09:20:00+05:30,81.70716094997758,82.03398959377749,81.38033230617766,81.70716094997758,100,24850,CE,2024-01-09,0.14
2024-01-08 09:20:00+05:30,72.84095519234458,73.13231901311396,72.5495913715752,72.84095519234458,100,24850,PE,2024-01-09,0.14
2024-01-08 09:21:00+05:30,75.81795268418634,76.12122449492308,75.51468087344959,75.81795268418634,100,24850,CE,2024-01-09,0.14
2024-01-08 09:21:00+05:30,78.73016345813582,79.04508411196836,78.41524280430328,78.73016345813582,100,24850,PE,2024-01-09,0.14
2024-01-08 09:22:00+05:30,75.06501015407,75.36527019468627,74.76475011345372,75.06501015407,100,24850,CE,2024-01-09,0.14
2024-01-08 09:22:00+05:30,79.48310598825216,79.80103841220517,79.16517356429915,79.48310598825216,100,24850,PE,2024-01-09,0.14
2024-01-08 09:23:00+05:30,68.43876808073716,68.7125231530601,68.16501300841422,68.43876808073716,100,24850,CE,2024-01-09,0.14
2024-01-08 09:23:00+05:30,86.109348061585,86.45378545383133,85.76491066933866,86.109348061585,100,24850,PE,2024-01-09,0.14
2024-01-08 09:24:00+05:30,68.31238974752111,68.5856393065112,68.03914018853102,68.31238974752111,100,24850,CE,2024-01-09,0.14
2024-01-08 09:24:00+05:30,86.23572639480105,86.58066930038025,85.89078348922185,86.23572639480105,100,24850,PE,2024-01-09,0.14
2024-01-08 09:25:00+05:30,71.94065144567818,72.2284140514609,71.65288883989547,71.94065144567818,100,24850,CE,2024-01-09,0.14
2024-01-08 09:25:00+05:30,82.60746469664397,82.93789455543055,82.2770348378574,82.60746469664397,100,24850,PE,2024-01-09,0.14
2024-01-08 09:26:00+05:30,62.09589584633929,62.344279429724644,61.847512262953934,62.09589584633929,100,24850,CE,2024-01-09,0.14
2024-01-08 09:26:00+05:30,92.45222029598287,92.8220291771668,92.08241141479894,92.45222029598287,100,24850,PE,2024-01-09,0.14
2024-01-08 09:27:00+05:30,61.61727595315412,61.863745056966735,61.370806849341506,61.61727595315412,100,24850,CE,2024-01-09,0.14
2024-01-08 09:27:00+05:30,92.93084018916804,93.30256354992471,92.55911682841136,92.93084018916804,100,24850,PE,2024-01-09,0.14
2024-01-08 09:28:00+05:30,63.03308988771775,63.28522224726862,62.78095752816688,63.03308988771775,100,24850,CE,2024-01-09,0.14
2024-01-08 09:28:00+05:30,91.51502625460441,91.88108635962283,91.14896614958599,91.51502625460441,100,24850,PE,2024-01-09,0.14
2024-01-08 09:29:00+05:30,61.18047480678749,61.42519670601464,60.935752907560335,61.18047480678749,100,24850,CE,2024-01-09,0.14
2024-01-08 09:29:00+05:30,93.36764133553467,93.74111190087682,92.99417077019253,93.36764133553467,100,24850,PE,2024-01-09,0.14
2024-01-08 09:30:00+05:30,62.85148400332716,63.102889939340464,62.60007806731385,62.85148400332716,100,24850,CE,2024-01-09,0.14
2024-01-08 09:30:00+05:30,91.696632138995,92.06341866755098,91.32984561043902,91.696632138995,100,24850,PE,2024-01-09,0.14
2024-01-08 09:31:00+05:30,64.9305391605262,65.1902613171683,64.6708170038841,64.9305391605262,100,24850,CE,2024-01-09,0.14
2024-01-08 09:31:00+05:30,89.61757698179596,89.97604728972314,89.25910667386879,89.61757698179596,100,24850,PE,2024-01-09,0.14
2024-01-08 09:32:00+05:30,69.08940423002011,69.36576184694019,68.81304661310003,69.08940423002011,100,24850,CE,2024-01-09,0.14
2024-01-08 09:32:00+05:30,85.45871191230205,85.80054675995126,85.11687706465284,85.45871191230205,100,24850,PE,2024-01-09,0.14
2024-01-08 09:33:00+05:30,79.49146256647643,79.80942841674234,79.17349671621052,79.49146256647643,100,24850,CE,2024-01-09,0.14
2024-01-08 09:33:00+05:30,75.05665357584573,75.35688019014911,74.75642696154235,75.05665357584573,100,24850,PE,2024-01-09,0.14
2024-01-08 09:34:00+05:30,80.89400460601925,81.21758062444333,80.57042858759517,80.89400460601925,100,24850,CE,2024-01-09,0.14
2024-01-08 09:34:00+05:30,73.6541115363029,73.94872798244812,73.3594950901577,73.6541115363029,100,24850,PE,2024-01-09,0.14
2024-01-08 09:35:00+05:30,77.6847466290105,77.99548561552655,77.37400764249446,77.6847466290105,100,24850,CE,2024-01-09,0.14
2024-01-08 09:35:00+05:30,76.86336951331165,77.1708229913649,76.5559160352584,76.86336951331165,100,24850,PE,2024-01-09,0.14
2024-01-08 09:36:00+05:30,73.99706722400467,74.29305549290069,73.70107895510864,73.99706722400467,100,24850,CE,2024-01-09,0.14
2024-01-08 09:36:00+05:30,80.55104891831749,80.87325311399076,80.22884472264423,80.55104891831749,100,24850,PE,2024-01-09,0.14
2024-01-08 09:37:00+05:30,69.50977667941285,69.78781578613051,69.2317375726952,69.50977667941285,100,24850,CE,2024-01-09,0.14
2024-01-08 09:37:00+05:30,85.0383394629093,85.37849282076094,84.69818610505767,85.0383394629093,100,24850,PE,2024-01-09,0.14
2024-01-08 09:38:00+05:30,72.38529603997947,72.67483722413938,72.09575485581955,72.38529603997947,100,24850,CE,2024-01-09,0.14
2024-01-08 09:38:00+05:30,82.16282010234269,82.49147138275207,81.83416882193332,82.16282010234269,100,24850,PE,2024-01-09,0.14
2024-01-08 09:39:00+05:30,73.85911095700928,74.15454740083732,73.56367451318124,73.85911095700928,100,24850,CE,2024-01-09,0.14
2024-01-08 09:39:00+05:30,80.68900518531288,81.01176120605413,80.36624916457163,80.68900518531288,100,24850,PE,2024-01-09,0.14
2024-01-08 09:40:00+05:30,75.80545566849239,76.10867749116636,75.50223384581841,75.80545566849239,100,24850,CE,2024-01-09,0.14
2024-01-08 09:40:00+05:30,78.74266047382977,79.05763111572509,78.42768983193446,78.74266047382977,100,24850,PE,2024-01-09,0.14
2024-01-08 09:41:00+05:30,76.7409954070167,77.04795938864477,76.43403142538862,76.7409954070167,100,24850,CE,2024-01-09,0.14
2024-01-08 09:41:00+05:30,77.80712073530546,78.11834921824668,77.49589225236424,77.80712073530546,100,24850,PE,2024-01-09,0.14
2024-01-08 09:42:00+05:30,82.96122966696882,83.29307458563669,82.62938474830095,82.96122966696882,100,24850,CE,2024-01-09,0.14
2024-01-08 09:42:00+05:30,71.58688647535334,71.87323402125475,71.30053892945193,71.58688647535334,100,24850,PE,2024-01-09,0.14
2024-01-08 09:43:00+05:30,87.28449337078698,87.63363134427013,86.93535539730382,87.28449337078698,100,24850,CE,2024-01-09,0.14
2024-01-08 09:43:00+05:30,67.26362277153518,67.53267726262132,66.99456828044904,67.26362277153518,100,24850,PE,2024-01-09,0.14
2024-01-08 09:44:00+05:30,91.29854707917681,91.66374126749352,90.9333528908601,91.29854707917681,100,24850,CE,2024-01-09,0.14
2024-01-08 09:44:00+05:30,63.249569063145344,63.50256733939793,62.99657078689276,63.249569063145344,100,24850,PE,2024-01-09,0.14
2024-01-08 09:45:00+05:30,88.91061215773286,89.26625460636379,88.55496970910193,88.91061215773286,100,24850,CE,2024-01-09,0.14
2024-01-08 09:45:00+05:30,65.6375039845893,65.90005400052766,65.37495396865094,65.6375039845893,100,24850,PE,2024-01-09,0.14
2024-01-08 09:46:00+05:30,87.8727734201361,88.22426451381665,87.52128232645555,87.8727734201361,100,24850,CE,2024-01-09,0.14
2024-01-08 09:46:00+05:30,66.67534272218606,66.9420440930748,66.40864135129732,66.67534272218606,100,24850,PE,2024-01-09,0.14
2024-01-08 09:47:00+05:30,83.12362691898076,83.45612142665668,82.79113241130484,83.12362691898076,100,24850,CE,2024-01-09,0.14
2024-01-08 09:47:00+05:30,71.4244892233414,71.71018718023477,71.13879126644802,71.4244892233414,100,24850,PE,2024-01-09,0.14
2024-01-08 09:48:00+05:30,80.84228124574062,81.16565037072358,80.51891212075766,80.84228124574062,100,24850,CE,2024-01-09,0.14
2024-01-08 09:48:00+05:30,73.70583489658154,74.00065823616787,73.4110115569952,73.70583489658154,100,24850,PE,2024-01-09,0.14
2024-01-08 09:49:00+05:30,81.35821711970263,81.68364998818144,81.03278425122382,81.35821711970263,100,24850,CE,2024-01-09,0.14
2024-01-08 09:49:00+05:30,73.18989902261953,73.48265861871,72.89713942652905,73.18989902261953,100,24850,PE,2024-01-09,0.14
2024-01-08 09:50:00+05:30,76.91032537835005,77.21796667986345,76.60268407683665,76.91032537835005,100,24850,CE,2024-01-09,0.14
2024-01-08 09:50:00+05:30,77.6377907639721,77.948341927028,77.32723960091622,77.6377907639721,100,24850,PE,2024-01-09,0.14
2024-01-08 09:51:00+05:30,74.67732175135231,74.97603103835772,74.3786124643469,74.67732175135231,100,24850,CE,2024-01-09,0.14
2024-01-08 09:51:00+05:30,79.87079439096985,80.19027756853373,79.55131121340597,79.87079439096985,100,24850,PE,2024-01-09,0.14
2024-01-08 09:52:00+05:30,82.49353644858408,82.82351059437842,82.16356230278974,82.49353644858408,100,24850,CE,2024-01-09,0.14
2024-01-08 09:52:00+05:30,72.05457969373808,72.34279801251303,71.76636137496313,72.05457969373808,100,24850,PE,2024-01-09,0.14
2024-01-08 09:53:00+05:30,81.97590975154296,82.30381339054912,81.64800611253679,81.97590975154296,100,24850,CE,2024-01-09,0.14
2024-01-08 09:53:00+05:30,72.5722063907792,72.86249521634232,72.28191756521608,72.5722063907792,100,24850,PE,2024-01-09,0.14
2024-01-08 09:54:00+05:30,76.47478323432321,76.78068236726051,76.16888410138591,76.47478323432321,100,24850,CE,2024-01-09,0.14
2024-01-08 09:54:00+05:30,78.07333290799895,78.38562623963094,77.76103957636695,78.07333290799895,100,24850,PE,2024-01-09,0.14
2024-01-08 09:55:00+05:30,71.93662169300794,72.22436817977997,71.6488752062359,71.93662169300794,100,24850,CE,2024-01-09,0.14
2024-01-08 09:55:00+05:30,82.61149444931422,82.94194042711148,82.28104847151697,82.61149444931422,100,24850,PE,2024-01-09,0.14
2024-01-08 09:56:00+05:30,71.78778160208591,72.07493272849426,71.50063047567757,71.78778160208591,100,24850,CE,2024-01-09,0.14
2024-01-08 09:56:00+05:30,82.76033454023624,83.09137587839719,82.4292932020753,82.76033454023624,100,24850,PE,2024-01-09,0.14
2024-01-08 09:57:00+05:30,75.1569568081645,75.45758463539715,74.85632898093183,75.1569568081645,100,24850,CE,2024-01-09,0.14
2024-01-08 09:57:00+05:30,79.39115933415766,79.7087239714943,79.07359469682103,79.39115933415766,100,24850,PE,2024-01-09,0.14
2024-01-08 09:58:00+05:30,75.00393348503482,75.30394921897496,74.70391775109468,75.00393348503482,100,24850,CE,2024-01-09,0.14
2024-01-08 09:58:00+05:30,79.54418265728734,79.86235938791648,79.22600592665819,79.54418265728734,100,24850,PE,2024-01-09,0.14
2024-01-08 09:59:00+05:30,78.46414678836433,78.77800337551778,78.15029020121088,78.46414678836433,100,24850,CE,2024-01-09,0.14
2024-01-08 09:59:00+05:30,76.08396935395783,76.38830523137366,75.77963347654199,76.08396935395783,100,24850,PE,2024-01-09,0.14
2024-01-08 10:00:00+05:30,79.82870692587082,80.1480217535743,79.50939209816734,79.82870692587082,100,24850,CE,2024-01-09,0.14
2024-01-08 10:00:00+05:30,74.71940921645134,75.01828685331715,74.42053157958553,74.71940921645134,100,24850,PE,2024-01-09,0.14
2024-01-08 10:01:00+05:30,75.79677049445624,76.09995757643406,75.49358341247842,75.79677049445624,100,24850,CE,2024-01-09,0.14
2024-01-08 10:01:00+05:30,78.75134564786592,79.06635103045738,78.43634026527445,78.75134564786592,100,24850,PE,2024-01-09,0.14
2024-01-08 10:02:00+05:30,79.88330062786142,80.20283383037287,79.56376742534997,79.88330062786142,100,24850,CE,2024-01-09,0.14
2024-01-08 10:02:00+05:30,74.66481551446074,74.96347477651858,74.3661562524029,74.66481551446074,100,24850,PE,2024-01-09,0.14
2024-01-08 10:03:00+05:30,78.3505134159436,78.66391546960737,78.03711136227982,78.3505134159436,100,24850,CE,2024-01-09,0.14
2024-01-08 10:03:00+05:30,76.19760272637856,76.50239313728407,75.89281231547305,76.19760272637856,100,24850,PE,2024-01-09,0.14
2024-01-08 10:04:00+05:30,85.65917142595342,86.00180811165723,85.31653474024961,85.65917142595342,100,24850,CE,2024-01-09,0.14
2024-01-08 10:04:00+05:30,68.88894471636874,69.16450049523422,68.61338893750326,68.88894471636874,100,24850,PE,2024-01-09,0.14
2024-01-08 10:05:00+05:30,83.61579139812008,83.95025456371256,83.2813282325276,83.61579139812008,100,24850,CE,2024-01-09,0.14
2024-01-08 10:05:00+05:30,70.93232474420208,71.21605404317889,70.64859544522527,70.93232474420208,100,24850,PE,2024-01-09,0.14
2024-01-08 10:06:00+05:30,83.25858448110327,83.59161881902769,82.92555014317885,83.25858448110327,100,24850,CE,2024-01-09,0.14
2024-01-08 10:06:00+05:30,71.28953166121889,71.57468978786376,71.00437353457401,71.28953166121889,100,24850,PE,2024-01-09,0.14
2024-01-08 10:07:00+05:30,81.38279215494683,81.70832332356662,81.05726098632704,81.38279215494683,100,24850,CE,2024-01-09,0.14
2024-01-08 10:07:00+05:30,73.16532398737533,73.45798528332483,72.87266269142583,73.16532398737533,100,24850,PE,2024-01-09,0.14
2024-01-08 10:08:00+05:30,80.55422714241237,80.87644405098202,80.23201023384273,80.55422714241237,100,24850,CE,2024-01-09,0.14
2024-01-08 10:08:00+05:30,73.99388899990979,74.28986455590942,73.69791344391015,73.99388899990979,100,24850,PE,2024-01-09,0.14
2024-01-08 10:09:00+05:30,82.47038891724102,82.80027047290999,82.14050736157206,82.47038891724102,100,24850,CE,2024-01-09,0.14
2024-01-08 10:09:00+05:30,72.07772722508113,72.36603813398146,71.7894163161808,72.07772722508113,100,24850,PE,2024-01-09,0.14
2024-01-08 10:10:00+05:30,81.94811359979164,82.27590605419081,81.62032114539247,81.94811359979164,100,24850,CE,2024-01-09,0.14
2024-01-08 10:10:00+05:30,72.60000254253052,72.89040255270064,72.3096025323604,72.60000254253052,100,24850,PE,2024-01-09,0.14
2024-01-08 10:11:00+05:30,86.6196628566008,86.9661415080272,86.27318420517439,86.6196628566008,100,24850,CE,2024-01-09,0.14
2024-01-08 10:11:00+05:30,67.92845328572136,68.20016709886424,67.65673947257848,67.92845328572136,100,24850,PE,2024-01-09,0.14
2024-01-08 10:12:00+05:30,88.42260576233409,88.77629618538343,88.06891533928474,88.42260576233409,100,24850,CE,2024-01-09,0.14
2024-01-08 10:12:00+05:30,66.12551037998807,66.39001242150802,65.86100833846812,66.12551037998807,100,24850,PE,2024-01-09,0.14
2024-01-08 10:13:00+05:30,94.60270380036988,94.98111461557136,94.2242929851684,94.60270380036988,100,24850,CE,2024-01-09,0.14
2024-01-08 10:13:00+05:30,59.94541234195228,60.185193991320084,59.70563069258447,59.94541234195228,100,24850,PE,2024-01-09,0.14
2024-01-08 10:14:00+05:30,95.06596301819579,95.44622687026857,94.685699166123,95.06596301819579,100,24850,CE,2024-01-09,0.14
2024-01-08 10:14:00+05:30,59.48215312412637,59.72008173662287,59.24422451162987,59.48215312412637,100,24850,PE,2024-01-09,0.14
2024-01-08 10:15:00+05:30,100.15149055925528,100.5520965214923,99.75088459701826,100.15149055925528,100,24850,CE,2024-01-09,0.14
2024-01-08 10:15:00+05:30,54.39662558306688,54.614212085399146,54.17903908073461,54.39662558306688,100,24850,PE,2024-01-09,0.14
2024-01-08 10:16:00+05:30,104.90347901135235,105.32309292739775,104.48386509530694,104.90347901135235,100,24850,CE,2024-01-09,0.14
2024-01-08 10:16:00+05:30,49.64463713096981,49.84321567949369,49.446058582445936,49.64463713096981,100,24850,PE,2024-01-09,0.14
2024-01-08 10:17:00+05:30,104.56797997760756,104.98625189751799,104.14970805769714,104.56797997760756,100,24850,CE,2024-01-09,0.14
2024-01-08 10:17:00+05:30,49.980136164714594,50.18005670937345,49.780215620055735,49.980136164714594,100,24850,PE,2024-01-09,0.14
2024-01-08 10:18:00+05:30,114.37806390236025,114.8355761579697,113.92055164675081,114.37806390236025,100,24850,CE,2024-01-09,0.14
2024-01-08 10:18:00+05:30,40.170052239961905,40.33073244892175,40.00937203100206,40.170052239961905,100,24850,PE,2024-01-09,0.14
2024-01-08 10:19:00+05:30,120.31494520714975,120.79620498797834,119.83368542632115,120.31494520714975,100,24850,CE,2024-01-09,0.14
2024-01-08 10:19:00+05:30,34.23317093517241,34.3701036189131,34.09623825143172,34.23317093517241,100,24850,PE,2024-01-09,0.14
2024-01-08 10:20:00+05:30,122.59543259404879,123.08581432442499,122.10505086367259,122.59543259404879,100,24850,CE,2024-01-09,0.14
2024-01-08 10:20:00+05:30,31.95268354827337,32.08049428246646,31.824872814080276,31.95268354827337,100,24850,PE,2024-01-09,0.14
2024-01-08 10:21:00+05:30,122.0714786470921,122.55976456168048,121.58319273250373,122.0714786470921,100,24850,CE,2024-01-09,0.14
2024-01-08 10:21:00+05:30,32.47663749523005,32.606544045210974,32.34673094524913,32.47663749523005,100,24850,PE,2024-01-09,0.14
2024-01-08 10:22:00+05:30,121.99373112507735,122.48170604957765,121.50575620057704,121.99373112507735,100,24850,CE,2024-01-09,0.14
2024-01-08 10:22:00+05:30,32.55438501724481,32.68460255731379,32.424167477175835,32.55438501724481,100,24850,PE,2024-01-09,0.14
2024-01-08 10:23:00+05:30,121.58045791620086,122.06677974786567,121.09413608453605,121.58045791620086,100,24850,CE,2024-01-09,0.14
2024-01-08 10:23:00+05:30,32.9676582261213,33.09952885902579,32.835787593216814,32.9676582261213,100,24850,PE,2024-01-09,0.14
2024-01-08 10:24:00+05:30,122.89430014485285,123.38587734543226,122.40272294427344,122.89430014485285,100,24850,CE,2024-01-09,0.14
2024-01-08 10:24:00+05:30,31.65381599746931,31.780431261459185,31.527200733479432,31.65381599746931,100,24850,PE,2024-01-09,0.14
2024-01-08 10:25:00+05:30,118.85335911138779,119.32877254783334,118.37794567494224,118.85335911138779,100,24850,CE,2024-01-09,0.14
2024-01-08 10:25:00+05:30,35.69475703093437,35.83753605905811,35.55197800281063,35.69475703093437,100,24850,PE,2024-01-09,0.14
2024-01-08 10:26:00+05:30,119.31012918933035,119.78736970608767,118.83288867257303,119.31012918933035,100,24850,CE,2024-01-09,0.14
2024-01-08 10:26:00+05:30,35.237986952991804,35.378938900803774,35.09703500517983,35.237986952991804,100,24850,PE,2024-01-09,0.14
2024-01-08 10:27:00+05:30,117.27546425352145,117.74456611053553,116.80636239650737,117.27546425352145,100,24850,CE,2024-01-09,0.14
2024-01-08 10:27:00+05:30,37.27265188880071,37.42174249635591,37.12356128124551,37.27265188880071,100,24850,PE,2024-01-09,0.14
2024-01-08 10:28:00+05:30,123.81667475147466,124.31194145048056,123.32140805246877,123.81667475147466,100,24850,CE,2024-01-09,0.14
2024-01-08 10:28:00+05:30,30.731441390847493,30.854367156410884,30.608515625284102,30.731441390847493,100,24850,PE,2024-01-09,0.14
2024-01-08 10:29:00+05:30,126.96621085887224,127.47407570230773,126.45834601543676,126.96621085887224,100,24850,CE,2024-01-09,0.14
2024-01-08 10:29:00+05:30,27.581905283449913,27.69223290458371,27.471577662316115,27.581905283449913,100,24850,PE,2024-01-09,0.14
2024-01-08 10:30:00+05:30,133.53042610198233,134.06454780639027,132.9963043975744,133.53042610198233,100,24850,CE,2024-01-09,0.14
2024-01-08 10:30:00+05:30,21.01769004033983,21.10176080050119,20.93361928017847,21.01769004033983,100,24850,PE,2024-01-09,0.14
2024-01-08 10:31:00+05:30,142.79521603502823,143.36639689916834,142.22403517088813,142.79521603502823,100,24850,CE,2024-01-09,0.14
2024-01-08 10:31:00+05:30,11.752900107293925,11.799911707723101,11.70588850686475,11.752900107293925,100,24850,PE,2024-01-09,0.14
2024-01-08 10:32:00+05:30,144.86553923307608,145.44500139000837,144.28607707614378,144.86553923307608,100,24850,CE,2024-01-09,0.14
2024-01-08 10:32:00+05:30,9.68257690924608,9.721307216883064,9.643846601609097,9.68257690924608,100,24850,PE,2024-01-09,0.14
2024-01-08 10:33:00+05:30,152.7493631570646,153.36036060969286,152.13836570443635,152.7493631570646,100,24850,CE,2024-01-09,0.14
2024-01-08 10:33:00+05:30,5.0,5.02,4.98,5.0,100,24850,PE,2024-01-09,0.14
2024-01-08 10:34:00+05:30,154.4481631800604,155.06595583278065,153.83037052734014,154.4481631800604,100,24850,CE,2024-01-09,0.14
2024-01-08 10:34:00+05:30,5.0,5.02,4.98,5.0,100,24850,PE,2024-01-09,0.14
2024-01-08 10:35:00+05:30,157.1091129075771,157.7375493592074,156.4806764559468,157.1091129075771,100,24850,CE,2024-01-09,0.14
2024-01-08 10:35:00+05:30,5.0,5.02,4.98,5.0,100,24850,PE,2024-01-09,0.14
2024-01-08 10:36:00+05:30,153.81295361998443,154.42820543446436,153.1977018055045,153.81295361998443,100,24850,CE,2024-01-09,0.14
2024-01-08 10:36:00+05:30,5.0,5.02,4.98,5.0,100,24850,PE,2024-01-09,0.14
2024-01-08 10:37:00+05:30,154.41063589647953,155.02827844006546,153.7929933528936,154.41063589647953,100,24850,CE,2024-01-09,0.14
2024-01-08 10:37:00+05:30,5.0,5.02,4.98,5.0,100,24850,PE,2024-01-09,0.14
2024-01-08 10:38:00+05:30,160.10193861200375,160.74234636645176,159.46153085755574,160.10193861200375,100,24850,CE,2024-01-09,0.14
2024-01-08 10:38:00+05:30,5.0,5.02,4.98,5.0,100,24850,PE,2024-01-09,0.14
2024-01-08 10:39:00+05:30,162.26536862446252,162.91443009896037,161.61630714996468,162.26536862446252,100,24850,CE,2024-01-09,0.14
2024-01-08 10:39:00+05:30,5.0,5.02,4.98,5.0,100,24850,PE,2024-01-09,0.14
2024-01-08 10:40:00+05:30,161.13453118443746,161.7790693091752,160.4899930596997,161.13453118443746,100,24850,CE,2024-01-09,0.14
2024-01-08 10:40:00+05:30,5.0,5.02,4.98,5.0,100,24850,PE,2024-01-09,0.14
2024-01-08 10:41:00+05:30,161.4513532807409,162.09715869386386,160.80554786761795,161.4513532807409,100,24850,CE,2024-01-09,0.14
2024-01-08 10:41:00+05:30,5.0,5.02,4.98,5.0,100,24850,PE,2024-01-09,0.14
2024-01-08 10:42:00+05:30,158.96033221871537,159.59617354759024,158.3244908898405,158.96033221871537,100,24850,CE,2024-01-09,0.14
2024-01-08 10:42:00+05:30,5.0,5.02,4.98,5.0,100,24850,PE,2024-01-09,0.14
2024-01-08 10:43:00+05:30,156.71470215287943,157.34156096149096,156.0878433442679,156.71470215287943,100,24850,CE,2024-01-09,0.14
2024-01-08 10:43:00+05:30,5.0,5.02,4.98,5.0,100,24850,PE,2024-01-09,0.14
2024-01-08 10:44:00+05:30,151.5813330299347,152.18765836205446,150.97500769781496,151.5813330299347,100,24850,CE,2024-01-09,0.14
2024-01-08 10:44:00+05:30,5.0,5.02,4.98,5.0,100,24850,PE,2024-01-09,0.14
2024-01-08 10:45:00+05:30,156.06490980085206,156.68916944005548,155.44065016164865,156.06490980085206,100,24850,CE,2024-01-09,0.14
2024-01-08 10:45:00+05:30,5.0,5.02,4.98,5.0,100,24850,PE,2024-01-09,0.14
2024-01-08 10:46:00+05:30,160.49141686989012,161.13338253736967,159.84945120241056,160.49141686989012,100,24850,CE,2024-01-09,0.14
2024-01-08 10:46:00+05:30,5.0,5.02,4.98,5.0,100,24850,PE,2024-01-09,0.14
2024-01-08 10:47:00+05:30,160.37271810563786,161.01420897806042,159.7312272332153,160.37271810563786,100,24850,CE,2024-01-09,0.14
2024-01-08 10:47:00+05:30,5.0,5.02,4.98,5.0,100,24850,PE,2024-01-09,0.14
2024-01-08 10:48:00+05:30,155.60122378332332,156.2236286784566,154.97881888819003,155.60122378332332,100,24850,CE,2024-01-09,0.14
2024-01-08 10:48:00+05:30,5.0,5.02,4.98,5.0,100,24850,PE,2024-01-09,0.14
2024-01-08 10:49:00+05:30,154.99545908423485,155.61544092057179,154.37547724789792,154.99545908423485,100,24850,CE,2024-01-09,0.14
2024-01-08 10:49:00+05:30,5.0,5.02,4.98,5.0,100,24850,PE,2024-01-09,0.14
2024-01-08 10:50:00+05:30,162.8780803494587,163.52959267085654,162.22656802806088,162.8780803494587,100,24850,CE,2024-01-09,0.14
2024-01-08 10:50:00+05:30,5.0,5.02,4.98,5.0,100,24850,PE,2024-01-09,0.14
2024-01-08 10:51:00+05:30,158.15735050582722,158.78997990785052,157.52472110380393,158.15735050582722,100,24850,CE,2024-01-09,0.14
2024-01-08 10:51:00+05:30,5.0,5.02,4.98,5.0,100,24850,PE,2024-01-09,0.14
2024-01-08 10:52:00+05:30,156.54780613082355,157.17399735534684,155.92161490630025,156.54780613082355,100,24850,CE,2024-01-09,0.14
2024-01-08 10:52:00+05:30,5.0,5.02,4.98,5.0,100,24850,PE,2024-01-09,0.14
2024-01-08 10:53:00+05:30,155.0633987998185,155.68365239501776,154.4431452046192,155.0633987998185,100,24850,CE,2024-01-09,0.14
2024-01-08 10:53:00+05:30,5.0,5.02,4.98,5.0,100,24850,PE,2024-01-09,0.14
2024-01-08 10:54:00+05:30,158.37629201403567,159.0097971820918,157.74278684597954,158.37629201403567,100,24850,CE,2024-01-09,0.14
2024-01-08 10:54:00+05:30,5.0,5.02,4.98,5.0,100,24850,PE,2024-01-09,0.14
2024-01-08 10:55:00+05:30,153.8780216245718,154.49353371107009,153.26250953807352,153.8780216245718,100,24850,CE,2024-01-09,0.14
2024-01-08 10:55:00+05:30,5.0,5.02,4.98,5.0,100,24850,PE,2024-01-09,0.14
2024-01-08 10:56:00+05:30,155.1679438625283,155.7886156379784,154.54727208707817,155.1679438625283,100,24850,CE,2024-01-09,0.14
2024-01-08 10:56:00+05:30,5.0,5.02,4.98,5.0,100,24850,PE,2024-01-09,0.14
2024-01-08 10:57:00+05:30,152.35927268668044,152.96870977742716,151.74983559593372,152.35927268668044,100,24850,CE,2024-01-09,0.14
2024-01-08 10:57:00+05:30,5.0,5.02,4.98,5.0,100,24850,PE,2024-01-09,0.14
2024-01-08 10:58:00+05:30,151.31041079674785,151.91565243993483,150.70516915356086,151.31041079674785,100,24850,CE,2024-01-09,0.14
2024-01-08 10:58:00+05:30,5.0,5.02,4.98,5.0,100,24850,PE,2024-01-09,0.14
2024-01-08 10:59:00+05:30,147.02022951631213,147.6083104343774,146.43214859824687,147.02022951631213,100,24850,CE,2024-01-09,0.14
2024-01-08 10:59:00+05:30,7.52788662601003,7.55799817251407,7.49777507950599,7.52788662601003,100,24850,PE,2024-01-09,0.14
2024-01-08 11:00:00+05:30,149.30611153095148,149.9033359770753,148.70888708482767,149.30611153095148,100,24850,CE,2024-01-09,0.14
2024-01-08 11:00:00+05:30,5.242004611370675,5.262972629816157,5.221036592925192,5.242004611370675,100,24850,PE,2024-01-09,0.14
2024-01-08 11:01:00+05:30,147.74529401097922,148.33627518702315,147.1543128349353,147.74529401097922,100,24850,CE,2024-01-09,0.14
2024-01-08 11:01:00+05:30,6.802822131342936,6.8300334198683075,6.775610842817564,6.802822131342936,100,24850,PE,2024-01-09,0.14
2024-01-08 11:02:00+05:30,145.81165028090388,146.3948968820275,145.22840367978026,145.81165028090388,100,24850,CE,2024-01-09,0.14
2024-01-08 11:02:00+05:30,8.736465861418282,8.771411724863954,8.701519997972609,8.736465861418282,100,24850,PE,2024-01-09,0.14
2024-01-08 11:03:00+05:30,150.2488168312261,150.849812098551,149.64782156390118,150.2488168312261,100,24850,CE,2024-01-09,0.14
2024-01-08 11:03:00+05:30,5.0,5.02,4.98,5.0,100,24850,PE,2024-01-09,0.14
2024-01-08 11:04:00+05:30,151.86016783025977,152.4676085015808,151.25272715893874,151.86016783025977,100,24850,CE,2024-01-09,0.14
2024-01-08 11:04:00+05:30,5.0,5.02,4.98,5.0,100,24850,PE,2024-01-09,0.14
2024-01-08 11:05:00+05:30,161.0746335734561,161.71893210774994,160.4303350391623,161.0746335734561,100,24850,CE,2024-01-09,0.14
2024-01-08 11:05:00+05:30,5.0,5.02,4.98,5.0,100,24850,PE,2024-01-09,0.14
2024-01-08 11:06:00+05:30,162.97118607701074,163.62307082131878,162.3193013327027,162.97118607701074,100,24850,CE,2024-01-09,0.14
2024-01-08 11:06:00+05:30,5.0,5.02,4.98,5.0,100,24850,PE,2024-01-09,0.14
2024-01-08 11:07:00+05:30,163.59757179336654,164.25196208054,162.94318150619307,163.59757179336654,100,24850,CE,2024-01-09,0.14
2024-01-08 11:07:00+05:30,5.0,5.02,4.98,5.0,100,24850,PE,2024-01-09,0.14
2024-01-08 11:08:00+05:30,164.38039198316935,165.03791355110204,163.72287041523666,164.38039198316935,100,24850,CE,2024-01-09,0.14
2024-01-08 11:08:00+05:30,5.0,5.02,4.98,5.0,100,24850,PE,2024-01-09,0.14
2024-01-08 11:09:00+05:30,175.08083675052464,175.78116009752674,174.38051340352254,175.08083675052464,100,24850,CE,2024-01-09,0.14
2024-01-08 11:09:00+05:30,5.0,5.02,4.98,5.0,100,24850,PE,2024-01-09,0.14
2024-01-08 11:10:00+05:30,180.10662689265288,180.8270534002235,179.38620038508228,180.10662689265288,100,24850,CE,2024-01-09,0.14
2024-01-08 11:10:00+05:30,5.0,5.02,4.98,5.0,100,24850,PE,2024-01-09,0.14
2024-01-08 11:11:00+05:30,179.35630314271972,180.0737283552906,178.63887793014885,179.35630314271972,100,24850,CE,2024-01-09,0.14
2024-01-08 11:11:00+05:30,5.0,5.02,4.98,5.0,100,24850,PE,2024-01-09,0.14
2024-01-08 11:12:00+05:30,180.8830392944869,181.60657145166485,180.15950713730896,180.8830392944869,100,24850,CE,2024-01-09,0.14
2024-01-08 11:12:00+05:30,5.0,5.02,4.98,5.0,100,24850,PE,2024-01-09,0.14
2024-01-08 11:13:00+05:30,179.2558639979229,179.97288745391458,178.5388405419312,179.2558639979229,100,24850,CE,2024-01-09,0.14
2024-01-08 11:13:00+05:30,5.0,5.02,4.98,5.0,100,24850,PE,2024-01-09,0.14
2024-01-08 11:14:00+05:30,182.08293599342457,182.81126773739828,181.35460424945086,182.08293599342457,100,24850,CE,2024-01-09,0.14
2024-01-08 11:14:00+05:30,5.0,5.02,4.98,5.0,100,24850,PE,2024-01-09,0.14
2024-01-08 11:15:00+05:30,180.51074654030114,181.23278952646234,179.78870355413994,180.51074654030114,100,24850,CE,2024-01-09,0.14
2024-01-08 11:15:00+05:30,5.0,5.02,4.98,5.0,100,24850,PE,2024-01-09,0.14
2024-01-08 11:16:00+05:30,178.73013832585772,179.44505887916117,178.01521777255428,178.73013832585772,100,24850,CE,2024-01-09,0.14
2024-01-08 11:16:00+05:30,5.0,5.02,4.98,5.0,100,24850,PE,2024-01-09,0.14
2024-01-08 11:17:00+05:30,180.7227060558757,181.4455968800992,179.9998152316522,180.7227060558757,100,24850,CE,2024-01-09,0.14
2024-01-08 11:17:00+05:30,5.0,5.02,4.98,5.0,100,24850,PE,2024-01-09,0.14
2024-01-08 11:18:00+05:30,186.1576128423453,186.90224329371466,185.4129823909759,186.1576128423453,100,24850,CE,2024-01-09,0.14
2024-01-08 11:18:00+05:30,5.0,5.02,4.98,5.0,100,24850,PE,2024-01-09,0.14
2024-01-08 11:19:00+05:30,189.7065278068853,190.46535391811284,188.94770169565777,189.7065278068853,100,24850,CE,2024-01-09,0.14
2024-01-08 11:19:00+05:30,5.0,5.02,4.98,5.0,100,24850,PE,2024-01-09,0.14
2024-01-08 11:20:00+05:30,192.85135200518877,193.62275741320954,192.079946597168,192.85135200518877,100,24850,CE,2024-01-09,0.14
2024-01-08 11:20:00+05:30,5.0,5.02,4.98,5.0,100,24850,PE,2024-01-09,0.14
2024-01-08 11:21:00+05:30,193.33201219643112,194.10534024521684,192.5586841476454,193.33201219643112,100,24850,CE,2024-01-09,0.14
2024-01-08 11:21:00+05:30,5.0,5.02,4.98,5.0,100,24850,PE,2024-01-09,0.14
2024-01-08 11:22:00+05:30,184.54008244819804,185.27824277799084,183.80192211840523,184.54008244819804,100,24850,CE,2024-01-09,0.14
2024-01-08 11:22:00+05:30,5.0,5.02,4.98,5.0,100,24850,PE,2024-01-09,0.14
2024-01-08 11:23:00+05:30,184.22498587404831,184.9618858175445,183.48808593055213,184.22498587404831,100,24850,CE,2024-01-09,0.14
2024-01-08 11:23:00+05:30,5.0,5.02,4.98,5.0,100,24850,PE,2024-01-09,0.14
2024-01-08 11:24:00+05:30,183.74858719342907,184.48358154220278,183.01359284465536,183.74858719342907,100,24850,CE,2024-01-09,0.14
2024-01-08 11:24:00+05:30,5.0,5.02,4.98,5.0,100,24850,PE,2024-01-09,0.14
2024-01-08 11:25:00+05:30,186.07369509309635,186.81798987346875,185.32940031272395,186.07369509309635,100,24850,CE,2024-01-09,0.14
2024-01-08 11:25:00+05:30,5.0,5.02,4.98,5.0,100,24850,PE,2024-01-09,0.14
2024-01-08 11:26:00+05:30,193.00190878030068,193.7739164154219,192.22990114517947,193.00190878030068,100,24850,CE,2024-01-09,0.14
2024-01-08 11:26:00+05:30,5.0,5.02,4.98,5.0,100,24850,PE,2024-01-09,0.14
2024-01-08 11:27:00+05:30,196.17270629427682,196.95739711945393,195.3880154690997,196.17270629427682,100,24850,CE,2024-01-09,0.14
2024-01-08 11:27:00+05:30,5.0,5.02,4.98,5.0,100,24850,PE,2024-01-09,0.14
2024-01-08 11:28:00+05:30,189.89373992333773,190.65331488303107,189.1341649636444,189.89373992333773,100,24850,CE,2024-01-09,0.14
2024-01-08 11:28:00+05:30,5.0,5.02,4.98,5.0,100,24850,PE,2024-01-09,0.14
2024-01-08 11:29:00+05:30,190.2782327167947,191.03934564766186,189.51711978592752,190.2782327167947,100,24850,CE,2024-01-09,0.14
2024-01-08 11:29:00+05:30,5.0,5.02,4.98,5.0,100,24850,PE,2024-01-09,0.14
2024-01-08 11:30:00+05:30,189.68144479698591,190.44017057617387,188.92271901779796,189.68144479698591,100,24850,CE,2024-01-09,0.14
2024-01-08 11:30:00+05:30,5.0,5.02,4.98,5.0,100,24850,PE,2024-01-09,0.14
2024-01-08 11:31:00+05:30,192.6883398869372,193.45909324648494,191.91758652738946,192.6883398869372,100,24850,CE,2024-01-09,0.14
2024-01-08 11:31:00+05:30,5.0,5.02,4.98,5.0,100,24850,PE,2024-01-09,0.14
2024-01-08 11:32:00+05:30,192.7435809602152,193.5145552840561,191.97260663637434,192.7435809602152,100,24850,CE,2024-01-09,0.14
2024-01-08 11:32:00+05:30,5.0,5.02,4.98,5.0,100,24850,PE,2024-01-09,0.14
2024-01-08 11:33:00+05:30,185.80217373795082,186.54538243290264,185.058965042999,185.80217373795082,100,24850,CE,2024-01-09,0.14
2024-01-08 11:33:00+05:30,5.0,5.02,4.98,5.0,100,24850,PE,2024-01-09,0.14
2024-01-08 11:34:00+05:30,182.6598802668718,183.39051978793927,181.92924074580432,182.6598802668718,100,24850,CE,2024-01-09,0.14
2024-01-08 11:34:00+05:30,5.0,5.02,4.98,5.0,100,24850,PE,2024-01-09,0.14
2024-01-08 11:35:00+05:30,181.71898626825848,182.4458622133315,180.99211032318544,181.71898626825848,100,24850,CE,2024-01-09,0.14
2024-01-08 11:35:00+05:30,5.0,5.02,4.98,5.0,100,24850,PE,2024-01-09,0.14
2024-01-08 11:36:00+05:30,174.24663589544568,174.94362243902745,173.5496493518639,174.24663589544568,100,24850,CE,2024-01-09,0.14
2024-01-08 11:36:00+05:30,5.0,5.02,4.98,5.0,100,24850,PE,2024-01-09,0.14
2024-01-08 11:37:00+05:30,174.03869959364553,174.7348543920201,173.34254479527095,174.03869959364553,100,24850,CE,2024-01-09,0.14
2024-01-08 11:37:00+05:30,5.0,5.02,4.98,5.0,100,24850,PE,2024-01-09,0.14
2024-01-08 11:38:00+05:30,173.21287992640416,173.90573144610977,172.52002840669854,173.21287992640416,100,24850,CE,2024-01-09,0.14
2024-01-08 11:38:00+05:30,5.0,5.02,4.98,5.0,100,24850,PE,2024-01-09,0.14
2024-01-08 11:39:00+05:30,177.51381493106734,178.22387019079162,176.80375967134307,177.51381493106734,100,24850,CE,2024-01-09,0.14
2024-01-08 11:39:00+05:30,5.0,5.02,4.98,5.0,100,24850,PE,2024-01-09,0.14
2024-01-08 11:40:00+05:30,177.31489480937805,178.02415438861556,176.60563523014054,177.31489480937805,100,24850,CE,2024-01-09,0.14
2024-01-08 11:40:00+05:30,5.0,5.02,4.98,5.0,100,24850,PE,2024-01-09,0.14
2024-01-08 11:41:00+05:30,175.19371082602035,175.89448566932444,174.49293598271626,175.19371082602035,100,24850,CE,2024-01-09,0.14
2024-01-08 11:41:00+05:30,5.0,5.02,4.98,5.0,100,24850,PE,2024-01-09,0.14
2024-01-08 11:42:00+05:30,174.9510472783472,175.6508514674606,174.2512430892338,174.9510472783472,100,24850,CE,2024-01-09,0.14
2024-01-08 11:42:00+05:30,5.0,5.02,4.98,5.0,100,24850,PE,2024-01-09,0.14
2024-01-08 11:43:00+05:30,175.24674169747365,175.94772866426354,174.54575473068377,175.24674169747365,100,24850,CE,2024-01-09,0.14
2024-01-08 11:43:00+05:30,5.0,5.02,4.98,5.0,100,24850,PE,2024-01-09,0.14
2024-01-08 11:44:00+05:30,179.14932867766353,179.8659259923742,178.43273136295286,179.14932867766353,100,24850,CE,2024-01-09,0.14
2024-01-08 11:44:00+05:30,5.0,5.02,4.98,5.0,100,24850,PE,2024-01-09,0.14
2024-01-08 11:45:00+05:30,175.75466192876,176.457680576475,175.05164328104496,175.75466192876,100,24850,CE,2024-01-09,0.14
2024-01-08 11:45:00+05:30,5.0,5.02,4.98,5.0,100,24850,PE,2024-01-09,0.14
2024-01-08 11:46:00+05:30,167.43891292223222,168.10866857392114,166.7691572705433,167.43891292223222,100,24850,CE,2024-01-09,0.14
2024-01-08 11:46:00+05:30,5.0,5.02,4.98,5.0,100,24850,PE,2024-01-09,0.14
2024-01-08 11:47:00+05:30,178.09006989083488,178.80243017039822,177.37770961127154,178.09006989083488,100,24850,CE,2024-01-09,0.14
2024-01-08 11:47:00+05:30,5.0,5.02,4.98,5.0,100,24850,PE,2024-01-09,0.14
2024-01-08 11:48:00+05:30,181.17183501848874,181.8965223585627,180.44714767841478,181.17183501848874,100,24850,CE,2024-01-09,0.14
2024-01-08 11:48:00+05:30,5.0,5.02,4.98,5.0,100,24850,PE,2024-01-09,0.14
2024-01-08 11:49:00+05:30,181.53367344100977,182.2598081347738,180.80753874724573,181.53367344100977,100,24850,CE,2024-01-09,0.14
2024-01-08 11:49:00+05:30,5.0,5.02,4.98,5.0,100,24850,PE,2024-01-09,0.14
2024-01-08 11:50:00+05:30,190.91490835652755,191.67856798995365,190.15124872310145,190.91490835652755,100,24850,CE,2024-01-09,0.14
2024-01-08 11:50:00+05:30,5.0,5.02,4.98,5.0,100,24850,PE,2024-01-09,0.14
2024-01-08 11:51:00+05:30,186.79045224226454,187.5376140512336,186.04329043329548,186.79045224226454,100,24850,CE,2024-01-09,0.14
2024-01-08 11:51:00+05:30,5.0,5.02,4.98,5.0,100,24850,PE,2024-01-09,0.14
2024-01-08 11:52:00+05:30,183.98959011505346,184.72554847551368,183.25363175459324,183.98959011505346,100,24850,CE,2024-01-09,0.14
2024-01-08 11:52:00+05:30,5.0,5.02,4.98,5.0,100,24850,PE,2024-01-09,0.14
2024-01-08 11:53:00+05:30,182.52021179420032,183.25029264137711,181.79013094702353,182.52021179420032,100,24850,CE,2024-01-09,0.14
2024-01-08 11:53:00+05:30,5.0,5.02,4.98,5.0,100,24850,PE,2024-01-09,0.14
2024-01-08 11:54:00+05:30,184.56730679182644,185.30557601899375,183.82903756465913,184.56730679182644,100,24850,CE,2024-01-09,0.14
2024-01-08 11:54:00+05:30,5.0,5.02,4.98,5.0,100,24850,PE,2024-01-09,0.14
2024-01-08 11:55:00+05:30,183.0147251951307,183.7467840959112,182.28266629435018,183.0147251951307,100,24850,CE,2024-01-09,0.14
2024-01-08 11:55:00+05:30,5.0,5.02,4.98,5.0,100,24850,PE,2024-01-09,0.14
2024-01-08 11:56:00+05:30,186.1688488993909,186.91352429498846,185.42417350379333,186.1688488993909,100,24850,CE,2024-01-09,0.14
2024-01-08 11:56:00+05:30,5.0,5.02,4.98,5.0,100,24850,PE,2024-01-09,0.14
2024-01-08 11:57:00+05:30,185.0231054311475,185.7631978528721,184.28301300942292,185.0231054311475,100,24850,CE,2024-01-09,0.14
2024-01-08 11:57:00+05:30,5.0,5.02,4.98,5.0,100,24850,PE,2024-01-09,0.14
2024-01-08 11:58:00+05:30,190.138188449107,190.8987412029034,189.37763569531057,190.138188449107,100,24850,CE,2024-01-09,0.14
2024-01-08 11:58:00+05:30,5.0,5.02,4.98,5.0,100,24850,PE,2024-01-09,0.14
2024-01-08 11:59:00+05:30,192.08816633835292,192.85651900370632,191.31981367299952,192.08816633835292,100,24850,CE,2024-01-09,0.14
2024-01-08 11:59:00+05:30,5.0,5.02,4.98,5.0,100,24850,PE,2024-01-09,0.14
2024-01-08 12:00:00+05:30,185.97857691790293,186.72249122557454,185.2346626102313,185.97857691790293,100,24850,CE,2024-01-09,0.14
2024-01-08 12:00:00+05:30,5.0,5.02,4.98,5.0,100,24850,PE,2024-01-09,0.14
2024-01-08 12:01:00+05:30,186.03508632479267,186.77922667009184,185.2909459794935,186.03508632479267,100,24850,CE,2024-01-09,0.14
2024-01-08 12:01:00+05:30,5.0,5.02,4.98,5.0,100,24850,PE,2024-01-09,0.14
2024-01-08 12:02:00+05:30,181.87820110690834,182.60571391133598,181.1506883024807,181.87820110690834,100,24850,CE,2024-01-09,0.14
2024-01-08 12:02:00+05:30,5.0,5.02,4.98,5.0,100,24850,PE,2024-01-09,0.14
2024-01-08 12:03:00+05:30,181.52540557584095,182.2515071981443,180.7993039535376,181.52540557584095,100,24850,CE,2024-01-09,0.14
2024-01-08 12:03:00+05:30,5.0,5.02,4.98,5.0,100,24850,PE,2024-01-09,0.14
2024-01-08 12:04:00+05:30,181.6899558089476,182.41671563218338,180.9631959857118,181.6899558089476,100,24850,CE,2024-01-09,0.14
2024-01-08 12:04:00+05:30,5.0,5.02,4.98,5.0,100,24850,PE,2024-01-09,0.14
2024-01-08 12:05:00+05:30,190.36665128828778,191.12811789344093,189.60518468313464,190.36665128828778,100,24850,CE,2024-01-09,0.14
2024-01-08 12:05:00+05:30,5.0,5.02,4.98,5.0,100,24850,PE,2024-01-09,0.14
2024-01-08 12:06:00+05:30,189.63644242103643,190.39498819072057,188.8778966513523,189.63644242103643,100,24850,CE,2024-01-09,0.14
2024-01-08 12:06:00+05:30,5.0,5.02,4.98,5.0,100,24850,PE,2024-01-09,0.14
2024-01-08 12:07:00+05:30,183.67110337847177,184.40578779198566,182.93641896495788,183.67110337847177,100,24850,CE,2024-01-09,0.14
2024-01-08 12:07:00+05:30,5.0,5.02,4.98,5.0,100,24850,PE,2024-01-09,0.14
2024-01-08 12:08:00+05:30,184.23443614922823,184.97137389382513,183.49749840463133,184.23443614922823,100,24850,CE,2024-01-09,0.14
2024-01-08 12:08:00+05:30,5.0,5.02,4.98,5.0,100,24850,PE,2024-01-09,0.14
2024-01-08 12:09:00+05:30,179.95786610298953,180.67769756740148,179.23803463857757,179.95786610298953,100,24850,CE,2024-01-09,0.14
2024-01-08 12:09:00+05:30,5.0,5.02,4.98,5.0,100,24850,PE,2024-01-09,0.14
2024-01-08 12:10:00+05:30,187.05741205587717,187.80564170410068,186.30918240765365,187.05741205587717,100,24850,CE,2024-01-09,0.14
2024-01-08 12:10:00+05:30,5.0,5.02,4.98,5.0,100,24850,PE,2024-01-09,0.14
2024-01-08 12:11:00+05:30,189.89788578243812,190.65747732556787,189.13829423930838,189.89788578243812,100,24850,CE,2024-01-09,0.14
2024-01-08 12:11:00+05:30,5.0,5.02,4.98,5.0,100,24850,PE,2024-01-09,0.14
2024-01-08 12:12:00+05:30,196.02176466232365,196.80585172097295,195.23767760367434,196.02176466232365,100,24850,CE,2024-01-09,0.14
2024-01-08 12:12:00+05:30,5.0,5.02,4.98,5.0,100,24850,PE,2024-01-09,0.14
2024-01-08 12:13:00+05:30,194.64291850284414,195.4214901768555,193.86434682883277,194.64291850284414,100,24850,CE,2024-01-09,0.14
2024-01-08 12:13:00+05:30,5.0,5.02,4.98,5.0,100,24850,PE,2024-01-09,0.14
2024-01-08 12:14:00+05:30,190.80628769480742,191.56951284558664,190.0430625440282,190.80628769480742,100,24850,CE,2024-01-09,0.14
2024-01-08 12:14:00+05:30,5.0,5.02,4.98,5.0,100,24850,PE,2024-01-09,0.14
2024-01-08 12:15:00+05:30,192.0495975231856,192.81779591327836,191.28139913309286,192.0495975231856,100,24850,CE,2024-01-09,0.14
2024-01-08 12:15:00+05:30,5.0,5.02,4.98,5.0,100,24850,PE,2024-01-09,0.14
2024-01-08 12:16:00+05:30,186.94406063591074,187.69183687845438,186.1962843933671,186.94406063591074,100,24850,CE,2024-01-09,0.14
2024-01-08 12:16:00+05:30,5.0,5.02,4.98,5.0,100,24850,PE,2024-01-09,0.14
2024-01-08 12:17:00+05:30,183.39497457128843,184.12855446957357,182.6613946730033,183.39497457128843,100,24850,CE,2024-01-09,0.14
2024-01-08 12:17:00+05:30,5.0,5.02,4.98,5.0,100,24850,PE,2024-01-09,0.14
2024-01-08 12:18:00+05:30,180.62934451726093,181.35186189533,179.90682713919188,180.62934451726093,100,24850,CE,2024-01-09,0.14
2024-01-08 12:18:00+05:30,5.0,5.02,4.98,5.0,100,24850,PE,2024-01-09,0.14
2024-01-08 12:19:00+05:30,180.1994972968309,180.92029528601824,179.47869930764358,180.1994972968309,100,24850,CE,2024-01-09,0.14
2024-01-08 12:19:00+05:30,5.0,5.02,4.98,5.0,100,24850,PE,2024-01-09,0.14
2024-01-08 12:20:00+05:30,174.52073468094156,175.21881761966532,173.8226517422178,174.52073468094156,100,24850,CE,2024-01-09,0.14
2024-01-08 12:20:00+05:30,5.0,5.02,4.98,5.0,100,24850,PE,2024-01-09,0.14
2024-01-08 12:21:00+05:30,166.7840330532285,167.45116918544142,166.1168969210156,166.7840330532285,100,24850,CE,2024-01-09,0.14
2024-01-08 12:21:00+05:30,5.0,5.02,4.98,5.0,100,24850,PE,2024-01-09,0.14
2024-01-08 12:22:00+05:30,172.35150282233323,173.04090883362255,171.6620968110439,172.35150282233323,100,24850,CE,2024-01-09,0.14
2024-01-08 12:22:00+05:30,5.0,5.02,4.98,5.0,100,24850,PE,2024-01-09,0.14
2024-01-08 12:23:00+05:30,170.4013018404016,171.0829070477632,169.71969663304,170.4013018404016,100,24850,CE,2024-01-09,0.14
2024-01-08 12:23:00+05:30,5.0,5.02,4.98,5.0,100,24850,PE,2024-01-09,0.14
2024-01-08 12:24:00+05:30,169.8211304325209,170.500414954251,169.1418459107908,169.8211304325209,100,24850,CE,2024-01-09,0.14
2024-01-08 12:24:00+05:30,5.0,5.02,4.98,5.0,100,24850,PE,2024-01-09,0.14
2024-01-08 12:25:00+05:30,172.20921372084146,172.89805057572482,171.5203768659581,172.20921372084146,100,24850,CE,2024-01-09,0.14
2024-01-08 12:25:00+05:30,5.0,5.02,4.98,5.0,100,24850,PE,2024-01-09,0.14
2024-01-08 12:26:00+05:30,174.00409882873961,174.70011522405457,173.30808243342466,174.00409882873961,100,24850,CE,2024-01-09,0.14
2024-01-08 12:26:00+05:30,5.0,5.02,4.98,5.0,100,24850,PE,2024-01-09,0.14
2024-01-08 12:27:00+05:30,171.63116319640127,172.31768784918688,170.94463854361567,171.63116319640127,100,24850,CE,2024-01-09,0.14
2024-01-08 12:27:00+05:30,5.0,5.02,4.98,5.0,100,24850,PE,2024-01-09,0.14
2024-01-08 12:28:00+05:30,170.05401569375087,170.73423175652587,169.37379963097587,170.05401569375087,100,24850,CE,2024-01-09,0.14
2024-01-08 12:28:00+05:30,5.0,5.02,4.98,5.0,100,24850,PE,2024-01-09,0.14
2024-01-08 12:29:00+05:30,176.33307428163923,177.03840657876577,175.62774198451268,176.33307428163923,100,24850,CE,2024-01-09,0.14
2024-01-08 12:29:00+05:30,5.0,5.02,4.98,5.0,100,24850,PE,2024-01-09,0.14
2024-01-08 12:30:00+05:30,181.26313990689366,181.98819246652124,180.53808734726607,181.26313990689366,100,24850,CE,2024-01-09,0.14
2024-01-08 12:30:00+05:30,5.0,5.02,4.98,5.0,100,24850,PE,2024-01-09,0.14
2024-01-08 12:31:00+05:30,184.2539878565817,184.991003808008,183.51697190515537,184.2539878565817,100,24850,CE,2024-01-09,0.14
2024-01-08 12:31:00+05:30,5.0,5.02,4.98,5.0,100,24850,PE,2024-01-09,0.14
2024-01-08 12:32:00+05:30,190.74843748043847,191.51143123036022,189.98544373051672,190.74843748043847,100,24850,CE,2024-01-09,0.14
2024-01-08 12:32:00+05:30,5.0,5.02,4.98,5.0,100,24850,PE,2024-01-09,0.14
2024-01-08 12:33:00+05:30,183.70661333101586,184.44143978433993,182.97178687769178,183.70661333101586,100,24850,CE,2024-01-09,0.14
2024-01-08 12:33:00+05:30,5.0,5.02,4.98,5.0,100,24850,PE,2024-01-09,0.14
2024-01-08 12:34:00+05:30,184.3683263116413,185.10579961688788,183.63085300639474,184.3683263116413,100,24850,CE,2024-01-09,0.14
2024-01-08 12:34:00+05:30,5.0,5.02,4.98,5.0,100,24850,PE,2024-01-09,0.14
2024-01-08 12:35:00+05:30,183.46987629860584,184.20375580380028,182.7359967934114,183.46987629860584,100,24850,CE,2024-01-09,0.14
2024-01-08 12:35:00+05:30,5.0,5.02,4.98,5.0,100,24850,PE,2024-01-09,0.14
2024-01-08 12:36:00+05:30,176.2965961575769,177.0017825422072,175.59140977294658,176.2965961575769,100,24850,CE,2024-01-09,0.14
2024-01-08 12:36:00+05:30,5.0,5.02,4.98,5.0,100,24850,PE,2024-01-09,0.14
2024-01-08 12:37:00+05:30,177.76401608986404,178.4750721542235,177.05296002550458,177.76401608986404,100,24850,CE,2024-01-09,0.14
2024-01-08 12:37:00+05:30,5.0,5.02,4.98,5.0,100,24850,PE,2024-01-09,0.14
2024-01-08 12:38:00+05:30,180.4078562318459,181.12948765677328,179.68622480691852,180.4078562318459,100,24850,CE,2024-01-09,0.14
2024-01-08 12:38:00+05:30,5.0,5.02,4.98,5.0,100,24850,PE,2024-01-09,0.14
2024-01-08 12:39:00+05:30,181.58309876735208,182.3094311624215,180.85676637228266,181.58309876735208,100,24850,CE,2024-01-09,0.14
2024-01-08 12:39:00+05:30,5.0,5.02,4.98,5.0,100,24850,PE,2024-01-09,0.14
2024-01-08 12:40:00+05:30,174.862430911156,175.56188063480062,174.16298118751138,174.862430911156,100,24850,CE,2024-01-09,0.14
2024-01-08 12:40:00+05:30,5.0,5.02,4.98,5.0,100,24850,PE,2024-01-09,0.14
2024-01-08 12:41:00+05:30,174.22185107342327,174.91873847771697,173.52496366912956,174.22185107342327,100,24850,CE,2024-01-09,0.14
2024-01-08 12:41:00+05:30,5.0,5.02,4.98,5.0,100,24850,PE,2024-01-09,0.14
2024-01-08 12:42:00+05:30,175.22918865197377,175.93010540658167,174.52827189736587,175.22918865197377,100,24850,CE,2024-01-09,0.14
2024-01-08 12:42:00+05:30,5.0,5.02,4.98,5.0,100,24850,PE,2024-01-09,0.14
2024-01-08 12:43:00+05:30,174.5114367985711,175.20948254576538,173.81339105137684,174.5114367985711,100,24850,CE,2024-01-09,0.14
2024-01-08 12:43:00+05:30,5.0,5.02,4.98,5.0,100,24850,PE,2024-01-09,0.14
2024-01-08 12:44:00+05:30,175.78422880092282,176.4873657161265,175.08109188571913,175.78422880092282,100,24850,CE,2024-01-09,0.14
2024-01-08 12:44:00+05:30,5.0,5.02,4.98,5.0,100,24850,PE,2024-01-09,0.14
2024-01-08 12:45:00+05:30,177.89457739396263,178.6061557035385,177.18299908438678,177.89457739396263,100,24850,CE,2024-01-09,0.14
2024-01-08 12:45:00+05:30,5.0,5.02,4.98,5.0,100,24850,PE,2024-01-09,0.14
2024-01-08 12:46:00+05:30,183.5295205854231,184.2636386677648,182.79540250308142,183.5295205854231,100,24850,CE,2024-01-09,0.14
2024-01-08 12:46:00+05:30,5.0,5.02,4.98,5.0,100,24850,PE,2024-01-09,0.14
2024-01-08 12:47:00+05:30,184.63621708820344,185.37476195655626,183.89767221985062,184.63621708820344,100,24850,CE,2024-01-09,0.14
2024-01-08 12:47:00+05:30,5.0,5.02,4.98,5.0,100,24850,PE,2024-01-09,0.14
2024-01-08 12:48:00+05:30,194.922550910323,195.70224111396428,194.14286070668172,194.922550910323,100,24850,CE,2024-01-09,0.14
2024-01-08 12:48:00+05:30,5.0,5.02,4.98,5.0,100,24850,PE,2024-01-09,0.14
2024-01-08 12:49:00+05:30,195.97564938328784,196.759551980821,195.1917467857547,195.97564938328784,100,24850,CE,2024-01-09,0.14
2024-01-08 12:49:00+05:30,5.0,5.02,4.98,5.0,100,24850,PE,2024-01-09,0.14
2024-01-08 12:50:00+05:30,197.29394070388432,198.08311646669986,196.50476494106877,197.29394070388432,100,24850,CE,2024-01-09,0.14
2024-01-08 12:50:00+05:30,5.0,5.02,4.98,5.0,100,24850,PE,2024-01-09,0.14
2024-01-08 12:51:00+05:30,200.50615106170287,201.30817566594968,199.70412645745606,200.50615106170287,100,24850,CE,2024-01-09,0.14
2024-01-08 12:51:00+05:30,5.0,5.02,4.98,5.0,100,24850,PE,2024-01-09,0.14
2024-01-08 12:52:00+05:30,200.46207291428206,201.2639212059392,199.66022462262492,200.46207291428206,100,24850,CE,2024-01-09,0.14
2024-01-08 12:52:00+05:30,5.0,5.02,4.98,5.0,100,24850,PE,2024-01-09,0.14
2024-01-08 12:53:00+05:30,199.4606208054515,200.2584632886733,198.66277832222968,199.4606208054515,100,24850,CE,2024-01-09,0.14
2024-01-08 12:53:00+05:30,5.0,5.02,4.98,5.0,100,24850,PE,2024-01-09,0.14
2024-01-08 12:54:00+05:30,204.44162265793736,205.2593891485691,203.6238561673056,204.44162265793736,100,24850,CE,2024-01-09,0.14
2024-01-08 12:54:00+05:30,5.0,5.02,4.98,5.0,100,24850,PE,2024-01-09,0.14
2024-01-08 12:55:00+05:30,196.5061882588993,197.2922130119349,195.7201635058637,196.5061882588993,100,24850,CE,2024-01-09,0.14
2024-01-08 12:55:00+05:30,5.0,5.02,4.98,5.0,100,24850,PE,2024-01-09,0.14
2024-01-08 12:56:00+05:30,189.98032115832345,190.74024244295674,189.22039987369016,189.98032115832345,100,24850,CE,2024-01-09,0.14
2024-01-08 12:56:00+05:30,5.0,5.02,4.98,5.0,100,24850,PE,2024-01-09,0.14
2024-01-08 12:57:00+05:30,198.1726980156013,198.96538880766371,197.38000722353888,198.1726980156013,100,24850,CE,2024-01-09,0.14
2024-01-08 12:57:00+05:30,5.0,5.02,4.98,5.0,100,24850,PE,2024-01-09,0.14
2024-01-08 12:58:00+05:30,201.24192979554888,202.04689751473109,200.43696207636668,201.24192979554888,100,24850,CE,2024-01-09,0.14
2024-01-08 12:58:00+05:30,5.0,5.02,4.98,5.0,100,24850,PE,2024-01-09,0.14
2024-01-08 12:59:00+05:30,203.56813249296235,204.3824050229342,202.7538599629905,203.56813249296235,100,24850,CE,2024-01-09,0.14
2024-01-08 12:59:00+05:30,5.0,5.02,4.98,5.0,100,24850,PE,2024-01-09,0.14
2024-01-08 13:00:00+05:30,204.9890460719557,205.80900225624353,204.16908988766787,204.9890460719557,100,24850,CE,2024-01-09,0.14
2024-01-08 13:00:00+05:30,5.0,5.02,4.98,5.0,100,24850,PE,2024-01-09,0.14
2024-01-08 13:01:00+05:30,206.32964094067526,207.15495950443795,205.50432237691257,206.32964094067526,100,24850,CE,2024-01-09,0.14
2024-01-08 13:01:00+05:30,5.0,5.02,4.98,5.0,100,24850,PE,2024-01-09,0.14
2024-01-08 13:02:00+05:30,202.97294140025903,203.78483316586008,202.16104963465799,202.97294140025903,100,24850,CE,2024-01-09,0.14
2024-01-08 13:02:00+05:30,5.0,5.02,4.98,5.0,100,24850,PE,2024-01-09,0.14
2024-01-08 13:03:00+05:30,202.14881871672648,202.9574139915934,201.34022344185956,202.14881871672648,100,24850,CE,2024-01-09,0.14
2024-01-08 13:03:00+05:30,5.0,5.02,4.98,5.0,100,24850,PE,2024-01-09,0.14
2024-01-08 13:04:00+05:30,198.4949266967137,199.28890640350053,197.70094698992685,198.4949266967137,100,24850,CE,2024-01-09,0.14
2024-01-08 13:04:00+05:30,5.0,5.02,4.98,5.0,100,24850,PE,2024-01-09,0.14
2024-01-08 13:05:00+05:30,203.1755383625418,203.98824051599198,202.36283620909163,203.1755383625418,100,24850,CE,2024-01-09,0.14
2024-01-08 13:05:00+05:30,5.0,5.02,4.98,5.0,100,24850,PE,2024-01-09,0.14
2024-01-08 13:06:00+05:30,205.8836505904596,206.70718519282144,205.06011598809778,205.8836505904596,100,24850,CE,2024-01-09,0.14
2024-01-08 13:06:00+05:30,5.0,5.02,4.98,5.0,100,24850,PE,2024-01-09,0.14
2024-01-08 13:07:00+05:30,207.0773134080732,207.90562266170548,206.2490041544409,207.0773134080732,100,24850,CE,2024-01-09,0.14
2024-01-08 13:07:00+05:30,5.0,5.02,4.98,5.0,100,24850,PE,2024-01-09,0.14
2024-01-08 13:08:00+05:30,208.84360873031935,209.67898316524062,208.00823429539807,208.84360873031935,100,24850,CE,2024-01-09,0.14
2024-01-08 13:08:00+05:30,5.0,5.02,4.98,5.0,100,24850,PE,2024-01-09,0.14
2024-01-08 13:09:00+05:30,208.61662580738945,209.451092310619,207.7821593041599,208.61662580738945,100,24850,CE,2024-01-09,0.14
2024-01-08 13:09:00+05:30,5.0,5.02,4.98,5.0,100,24850,PE,2024-01-09,0.14
2024-01-08 13:10:00+05:30,204.49313750172539,205.3111100517323,203.67516495171847,204.49313750172539,100,24850,CE,2024-01-09,0.14
2024-01-08 13:10:00+05:30,5.0,5.02,4.98,5.0,100,24850,PE,2024-01-09,0.14
2024-01-08 13:11:00+05:30,211.29933322030908,212.14453055319032,210.45413588742784,211.29933322030908,100,24850,CE,2024-01-09,0.14
2024-01-08 13:11:00+05:30,5.0,5.02,4.98,5.0,100,24850,PE,2024-01-09,0.14
2024-01-08 13:12:00+05:30,214.07412288078692,214.93041937231007,213.21782638926376,214.07412288078692,100,24850,CE,2024-01-09,0.14
2024-01-08 13:12:00+05:30,5.0,5.02,4.98,5.0,100,24850,PE,2024-01-09,0.14
2024-01-08 13:13:00+05:30,213.70107623160172,214.55588053652812,212.8462719266753,213.70107623160172,100,24850,CE,2024-01-09,0.14
2024-01-08 13:13:00+05:30,5.0,5.02,4.98,5.0,100,24850,PE,2024-01-09,0.14
2024-01-08 13:14:00+05:30,216.25519975990161,217.1202205589412,215.39017896086202,216.25519975990161,100,24850,CE,2024-01-09,0.14
2024-01-08 13:14:00+05:30,5.0,5.02,4.98,5.0,100,24850,PE,2024-01-09,0.14
2024-01-08 13:15:00+05:30,221.41238351635863,222.29803305042407,220.5267339822932,221.41238351635863,100,24850,CE,2024-01-09,0.14
2024-01-08 13:15:00+05:30,5.0,5.02,4.98,5.0,100,24850,PE,2024-01-09,0.14
2024-01-08 13:16:00+05:30,226.22053495833958,227.12541709817293,225.31565281850624,226.22053495833958,100,24850,CE,2024-01-09,0.14
2024-01-08 13:16:00+05:30,5.0,5.02,4.98,5.0,100,24850,PE,2024-01-09,0.14
2024-01-08 13:17:00+05:30,229.0481639717759,229.964356627663,228.1319713158888,229.0481639717759,100,24850,CE,2024-01-09,0.14
2024-01-08 13:17:00+05:30,5.0,5.02,4.98,5.0,100,24850,PE,2024-01-09,0.14
2024-01-08 13:18:00+05:30,232.50700407884275,233.43703209515812,231.5769760625274,232.50700407884275,100,24850,CE,2024-01-09,0.14
2024-01-08 13:18:00+05:30,5.0,5.02,4.98,5.0,100,24850,PE,2024-01-09,0.14
2024-01-08 13:19:00+05:30,231.93209798006816,232.85982637198845,231.00436958814788,231.93209798006816,100,24850,CE,2024-01-09,0.14
2024-01-08 13:19:00+05:30,5.0,5.02,4.98,5.0,100,24850,PE,2024-01-09,0.14
2024-01-08 13:20:00+05:30,237.40892807199586,238.35856378428383,236.4592923597079,237.40892807199586,100,24850,CE,2024-01-09,0.14
2024-01-08 13:20:00+05:30,5.0,5.02,4.98,5.0,100,24850,PE,2024-01-09,0.14
2024-01-08 13:21:00+05:30,241.3446512960431,242.3100299012273,240.37927269085893,241.3446512960431,100,24850,CE,2024-01-09,0.14
2024-01-08 13:21:00+05:30,5.0,5.02,4.98,5.0,100,24850,PE,2024-01-09,0.14
2024-01-08 13:22:00+05:30,245.2849731442561,246.26611303683313,244.30383325167907,245.2849731442561,100,24850,CE,2024-01-09,0.14
2024-01-08 13:22:00+05:30,5.0,5.02,4.98,5.0,100,24850,PE,2024-01-09,0.14
2024-01-08 13:23:00+05:30,240.6212835230667,241.58376865715897,239.65879838897442,240.6212835230667,100,24850,CE,2024-01-09,0.14
2024-01-08 13:23:00+05:30,5.0,5.02,4.98,5.0,100,24850,PE,2024-01-09,0.14
2024-01-08 13:24:00+05:30,243.38726048402484,244.36080952596095,242.41371144208873,243.38726048402484,100,24850,CE,2024-01-09,0.14
2024-01-08 13:24:00+05:30,5.0,5.02,4.98,5.0,100,24850,PE,2024-01-09,0.14
2024-01-08 13:25:00+05:30,246.24976401695264,247.23476307302045,245.26476496088483,246.24976401695264,100,24850,CE,2024-01-09,0.14
2024-01-08 13:25:00+05:30,5.0,5.02,4.98,5.0,100,24850,PE,2024-01-09,0.14
2024-01-08 13:26:00+05:30,249.61986296736129,250.61834241923074,248.62138351549183,249.61986296736129,100,24850,CE,2024-01-09,0.14
2024-01-08 13:26:00+05:30,5.0,5.02,4.98,5.0,100,24850,PE,2024-01-09,0.14
2024-01-08 13:27:00+05:30,239.97702119588527,240.9369292806688,239.01711311110174,239.97702119588527,100,24850,CE,2024-01-09,0.14
2024-01-08 13:27:00+05:30,5.0,5.02,4.98,5.0,100,24850,PE,2024-01-09,0.14
2024-01-08 13:28:00+05:30,233.10807361602153,234.04050591048562,232.17564132155744,233.10807361602153,100,24850,CE,2024-01-09,0.14
2024-01-08 13:28:00+05:30,5.0,5.02,4.98,5.0,100,24850,PE,2024-01-09,0.14
2024-01-08 13:29:00+05:30,234.4590830908705,235.39691942323398,233.52124675850703,234.4590830908705,100,24850,CE,2024-01-09,0.14
2024-01-08 13:29:00+05:30,5.0,5.02,4.98,5.0,100,24850,PE,2024-01-09,0.14
2024-01-08 13:30:00+05:30,231.1073519528977,232.0317813607093,230.1829225450861,231.1073519528977,100,24850,CE,2024-01-09,0.14
2024-01-08 13:30:00+05:30,5.0,5.02,4.98,5.0,100,24850,PE,2024-01-09,0.14
2024-01-08 13:31:00+05:30,232.85220701858222,233.78361584665655,231.9207981905079,232.85220701858222,100,24850,CE,2024-01-09,0.14
2024-01-08 13:31:00+05:30,5.0,5.02,4.98,5.0,100,24850,PE,2024-01-09,0.14
2024-01-08 13:32:00+05:30,232.7620390327788,233.6930871889099,231.8309908766477,232.7620390327788,100,24850,CE,2024-01-09,0.14
2024-01-08 13:32:00+05:30,5.0,5.02,4.98,5.0,100,24850,PE,2024-01-09,0.14
2024-01-08 13:33:00+05:30,236.31205273784278,237.25730094879415,235.3668045268914,236.31205273784278,100,24850,CE,2024-01-09,0.14
2024-01-08 13:33:00+05:30,5.0,5.02,4.98,5.0,100,24850,PE,2024-01-09,0.14
2024-01-08 13:34:00+05:30,234.41038966097355,235.34803121961744,233.47274810232966,234.41038966097355,100,24850,CE,2024-01-09,0.14
2024-01-08 13:34:00+05:30,5.0,5.02,4.98,5.0,100,24850,PE,2024-01-09,0.14
2024-01-08 13:35:00+05:30,230.56690035313247,231.489167954545,229.64463275171994,230.56690035313247,100,24850,CE,2024-01-09,0.14
2024-01-08 13:35:00+05:30,5.0,5.02,4.98,5.0,100,24850,PE,2024-01-09,0.14
2024-01-08 13:36:00+05:30,232.80268798708082,233.73389873902914,231.8714772351325,232.80268798708082,100,24850,CE,2024-01-09,0.14
2024-01-08 13:36:00+05:30,5.0,5.02,4.98,5.0,100,24850,PE,2024-01-09,0.14
2024-01-08 13:37:00+05:30,231.96414779512222,232.89200438630272,231.03629120394172,231.96414779512222,100,24850,CE,2024-01-09,0.14
2024-01-08 13:37:00+05:30,5.0,5.02,4.98,5.0,100,24850,PE,2024-01-09,0.14
2024-01-08 13:38:00+05:30,227.6739232499908,228.58461894299074,226.76322755699084,227.6739232499908,100,24850,CE,2024-01-09,0.14
2024-01-08 13:38:00+05:30,5.0,5.02,4.98,5.0,100,24850,PE,2024-01-09,0.14
2024-01-08 13:39:00+05:30,220.28256909946637,221.16369937586424,219.4014388230685,220.28256909946637,100,24850,CE,2024-01-09,0.14
2024-01-08 13:39:00+05:30,5.0,5.02,4.98,5.0,100,24850,PE,2024-01-09,0.14
2024-01-08 13:40:00+05:30,232.55223545337637,233.48244439518987,231.62202651156286,232.55223545337637,100,24850,CE,2024-01-09,0.14
2024-01-08 13:40:00+05:30,5.0,5.02,4.98,5.0,100,24850,PE,2024-01-09,0.14
2024-01-08 13:41:00+05:30,231.36748642875088,232.2929563744659,230.44201648303587,231.36748642875088,100,24850,CE,2024-01-09,0.14
2024-01-08 13:41:00+05:30,5.0,5.02,4.98,5.0,100,24850,PE,2024-01-09,0.14
2024-01-08 13:42:00+05:30,230.63468264441642,231.55722137499407,229.71214391383876,230.63468264441642,100,24850,CE,2024-01-09,0.14
2024-01-08 13:42:00+05:30,5.0,5.02,4.98,5.0,100,24850,PE,2024-01-09,0.14
2024-01-08 13:43:00+05:30,223.2833439135097,224.17647728916373,222.39021053785567,223.2833439135097,100,24850,CE,2024-01-09,0.14
2024-01-08 13:43:00+05:30,5.0,5.02,4.98,5.0,100,24850,PE,2024-01-09,0.14
2024-01-08 13:44:00+05:30,219.55541688385844,220.43363855139387,218.677195216323,219.55541688385844,100,24850,CE,2024-01-09,0.14
2024-01-08 13:44:00+05:30,5.0,5.02,4.98,5.0,100,24850,PE,2024-01-09,0.14
2024-01-08 13:45:00+05:30,219.1239849129192,220.0004808525709,218.24748897326754,219.1239849129192,100,24850,CE,2024-01-09,0.14
2024-01-08 13:45:00+05:30,5.0,5.02,4.98,5.0,100,24850,PE,2024-01-09,0.14
2024-01-08 13:46:00+05:30,220.55847229589514,221.44070618507874,219.67623840671155,220.55847229589514,100,24850,CE,2024-01-09,0.14
2024-01-08 13:46:00+05:30,5.0,5.02,4.98,5.0,100,24850,PE,2024-01-09,0.14
2024-01-08 13:47:00+05:30,223.72465064522973,224.61954924781065,222.8297520426488,223.72465064522973,100,24850,CE,2024-01-09,0.14
2024-01-08 13:47:00+05:30,5.0,5.02,4.98,5.0,100,24850,PE,2024-01-09,0.14
2024-01-08 13:48:00+05:30,221.02104742961043,221.90513161932887,220.136963239892,221.02104742961043,100,24850,CE,2024-01-09,0.14
2024-01-08 13:48:00+05:30,5.0,5.02,4.98,5.0,100,24850,PE,2024-01-09,0.14
2024-01-08 13:49:00+05:30,223.0445645252307,223.93674278333162,222.15238626712977,223.0445645252307,100,24850,CE,2024-01-09,0.14
2024-01-08 13:49:00+05:30,5.0,5.02,4.98,5.0,100,24850,PE,2024-01-09,0.14
2024-01-08 13:50:00+05:30,227.6401226909488,228.5506831817126,226.729562200185,227.6401226909488,100,24850,CE,2024-01-09,0.14
2024-01-08 13:50:00+05:30,5.0,5.02,4.98,5.0,100,24850,PE,2024-01-09,0.14
2024-01-08 13:51:00+05:30,225.8382324554909,226.74158538531287,224.93487952566892,225.8382324554909,100,24850,CE,2024-01-09,0.14
2024-01-08 13:51:00+05:30,5.0,5.02,4.98,5.0,100,24850,PE,2024-01-09,0.14
2024-01-08 13:52:00+05:30,225.7362120743214,226.6391569226187,224.8332672260241,225.7362120743214,100,24850,CE,2024-01-09,0.14
2024-01-08 13:52:00+05:30,5.0,5.02,4.98,5.0,100,24850,PE,2024-01-09,0.14
2024-01-08 13:53:00+05:30,218.96116056302296,219.83700520527506,218.08531592077085,218.96116056302296,100,24850,CE,2024-01-09,0.14
2024-01-08 13:53:00+05:30,5.0,5.02,4.98,5.0,100,24850,PE,2024-01-09,0.14
2024-01-08 13:54:00+05:30,215.97766408631057,216.8415747426558,215.11375342996533,215.97766408631057,100,24850,CE,2024-01-09,0.14
2024-01-08 13:54:00+05:30,5.0,5.02,4.98,5.0,100,24850,PE,2024-01-09,0.14
2024-01-08 13:55:00+05:30,210.81992599491556,211.66320569889524,209.9766462909359,210.81992599491556,100,24850,CE,2024-01-09,0.14
2024-01-08 13:55:00+05:30,5.0,5.02,4.98,5.0,100,24850,PE,2024-01-09,0.14
2024-01-08 13:56:00+05:30,213.55576038175192,214.40998342327893,212.70153734022492,213.55576038175192,100,24850,CE,2024-01-09,0.14
2024-01-08 13:56:00+05:30,5.0,5.02,4.98,5.0,100,24850,PE,2024-01-09,0.14
2024-01-08 13:57:00+05:30,213.01299387910464,213.86504585462106,212.16094190358822,213.01299387910464,100,24850,CE,2024-01-09,0.14
2024-01-08 13:57:00+05:30,5.0,5.02,4.98,5.0,100,24850,PE,2024-01-09,0.14
2024-01-08 13:58:00+05:30,219.29446988850165,220.17164776805566,218.41729200894764,219.29446988850165,100,24850,CE,2024-01-09,0.14
2024-01-08 13:58:00+05:30,5.0,5.02,4.98,5.0,100,24850,PE,2024-01-09,0.14
2024-01-08 13:59:00+05:30,220.18028548404752,221.0610066259837,219.29956434211132,220.18028548404752,100,24850,CE,2024-01-09,0.14
2024-01-08 13:59:00+05:30,5.0,5.02,4.98,5.0,100,24850,PE,2024-01-09,0.14
2024-01-08 14:00:00+05:30,223.42349383208736,224.3171878074157,222.529799856759,223.42349383208736,100,24850,CE,2024-01-09,0.14
2024-01-08 14:00:00+05:30,5.0,5.02,4.98,5.0,100,24850,PE,2024-01-09,0.14
2024-01-08 14:01:00+05:30,225.57014199696957,226.47242256495744,224.6678614289817,225.57014199696957,100,24850,CE,2024-01-09,0.14
2024-01-08 14:01:00+05:30,5.0,5.02,4.98,5.0,100,24850,PE,2024-01-09,0.14
2024-01-08 14:02:00+05:30,226.5186307697745,227.4247052928536,225.6125562466954,226.5186307697745,100,24850,CE,2024-01-09,0.14
2024-01-08 14:02:00+05:30,5.0,5.02,4.98,5.0,100,24850,PE,2024-01-09,0.14
2024-01-08 14:03:00+05:30,222.55302695865564,223.44323906649026,221.662814850821,222.55302695865564,100,24850,CE,2024-01-09,0.14
2024-01-08 14:03:00+05:30,5.0,5.02,4.98,5.0,100,24850,PE,2024-01-09,0.14
2024-01-08 14:04:00+05:30,229.09532042268208,230.0117017043728,228.17893914099136,229.09532042268208,100,24850,CE,2024-01-09,0.14
2024-01-08 14:04:00+05:30,5.0,5.02,4.98,5.0,100,24850,PE,2024-01-09,0.14
2024-01-08 14:05:00+05:30,228.91207961908864,229.827727937565,227.9964313006123,228.91207961908864,100,24850,CE,2024-01-09,0.14
2024-01-08 14:05:00+05:30,5.0,5.02,4.98,5.0,100,24850,PE,2024-01-09,0.14
2024-01-08 14:06:00+05:30,221.9791692019821,222.86708587879002,221.09125252517418,221.9791692019821,100,24850,CE,2024-01-09,0.14
2024-01-08 14:06:00+05:30,5.0,5.02,4.98,5.0,100,24850,PE,2024-01-09,0.14
2024-01-08 14:07:00+05:30,219.9179478356577,220.79761962700036,219.03827604431507,219.9179478356577,100,24850,CE,2024-01-09,0.14
2024-01-08 14:07:00+05:30,5.0,5.02,4.98,5.0,100,24850,PE,2024-01-09,0.14
2024-01-08 14:08:00+05:30,215.82719910029797,216.69050789669916,214.9638903038968,215.82719910029797,100,24850,CE,2024-01-09,0.14
2024-01-08 14:08:00+05:30,5.0,5.02,4.98,5.0,100,24850,PE,2024-01-09,0.14
2024-01-08 14:09:00+05:30,220.54018869656053,221.42234945134678,219.6580279417743,220.54018869656053,100,24850,CE,2024-01-09,0.14
2024-01-08 14:09:00+05:30,5.0,5.02,4.98,5.0,100,24850,PE,2024-01-09,0.14
2024-01-08 14:10:00+05:30,224.7554988524748,225.6545208478847,223.8564768570649,224.7554988524748,100,24850,CE,2024-01-09,0.14
2024-01-08 14:10:00+05:30,5.0,5.02,4.98,5.0,100,24850,PE,2024-01-09,0.14
2024-01-08 14:11:00+05:30,230.83688121219117,231.76022873703994,229.9135336873424,230.83688121219117,100,24850,CE,2024-01-09,0.14
2024-01-08 14:11:00+05:30,5.0,5.02,4.98,5.0,100,24850,PE,2024-01-09,0.14
2024-01-08 14:12:00+05:30,239.44899928212132,240.40679527924982,238.49120328499282,239.44899928212132,100,24850,CE,2024-01-09,0.14
2024-01-08 14:12:00+05:30,5.0,5.02,4.98,5.0,100,24850,PE,2024-01-09,0.14
2024-01-08 14:13:00+05:30,237.10944306931148,238.05788084158874,236.16100529703422,237.10944306931148,100,24850,CE,2024-01-09,0.14
2024-01-08 14:13:00+05:30,5.0,5.02,4.98,5.0,100,24850,PE,2024-01-09,0.14
2024-01-08 14:14:00+05:30,229.97857382114077,230.89848811642534,229.0586595258562,229.97857382114077,100,24850,CE,2024-01-09,0.14
2024-01-08 14:14:00+05:30,5.0,5.02,4.98,5.0,100,24850,PE,2024-01-09,0.14
2024-01-08 14:15:00+05:30,226.50937042366374,227.4154079053584,225.6033329419691,226.50937042366374,100,24850,CE,2024-01-09,0.14
2024-01-08 14:15:00+05:30,5.0,5.02,4.98,5.0,100,24850,PE,2024-01-09,0.14
2024-01-08 14:16:00+05:30,228.25990234157095,229.17294195093723,227.34686273220467,228.25990234157095,100,24850,CE,2024-01-09,0.14
2024-01-08 14:16:00+05:30,5.0,5.02,4.98,5.0,100,24850,PE,2024-01-09,0.14
2024-01-08 14:17:00+05:30,217.95850885468232,218.83034289010106,217.08667481926358,217.95850885468232,100,24850,CE,2024-01-09,0.14
2024-01-08 14:17:00+05:30,5.0,5.02,4.98,5.0,100,24850,PE,2024-01-09,0.14
2024-01-08 14:18:00+05:30,215.7974971459839,216.66068713456784,214.93430715739996,215.7974971459839,100,24850,CE,2024-01-09,0.14
2024-01-08 14:18:00+05:30,5.0,5.02,4.98,5.0,100,24850,PE,2024-01-09,0.14
2024-01-08 14:19:00+05:30,219.23155197724324,220.10847818515222,218.35462576933426,219.23155197724324,100,24850,CE,2024-01-09,0.14
2024-01-08 14:19:00+05:30,5.0,5.02,4.98,5.0,100,24850,PE,2024-01-09,0.14
2024-01-08 14:20:00+05:30,216.0992814231008,216.96367854879318,215.2348842974084,216.0992814231008,100,24850,CE,2024-01-09,0.14
2024-01-08 14:20:00+05:30,5.0,5.02,4.98,5.0,100,24850,PE,2024-01-09,0.14
2024-01-08 14:21:00+05:30,215.80047847327975,216.66368038717286,214.93727655938665,215.80047847327975,100,24850,CE,2024-01-09,0.14
2024-01-08 14:21:00+05:30,5.0,5.02,4.98,5.0,100,24850,PE,2024-01-09,0.14
2024-01-08 14:22:00+05:30,212.44868313542017,213.29847786796185,211.5988884028785,212.44868313542017,100,24850,CE,2024-01-09,0.14
2024-01-08 14:22:00+05:30,5.0,5.02,4.98,5.0,100,24850,PE,2024-01-09,0.14
2024-01-08 14:23:00+05:30,219.38867600309592,220.26623070710832,218.51112129908353,219.38867600309592,100,24850,CE,2024-01-09,0.14
2024-01-08 14:23:00+05:30,5.0,5.02,4.98,5.0,100,24850,PE,2024-01-09,0.14
2024-01-08 14:24:00+05:30,227.1192236541169,228.02770054873335,226.21074675950044,227.1192236541169,100,24850,CE,2024-01-09,0.14
2024-01-08 14:24:00+05:30,5.0,5.02,4.98,5.0,100,24850,PE,2024-01-09,0.14
2024-01-08 14:25:00+05:30,223.34545184967962,224.23883365707835,222.4520700422809,223.34545184967962,100,24850,CE,2024-01-09,0.14
2024-01-08 14:25:00+05:30,5.0,5.02,4.98,5.0,100,24850,PE,2024-01-09,0.14
2024-01-08 14:26:00+05:30,220.23305793728238,221.11399016903152,219.35212570553324,220.23305793728238,100,24850,CE,2024-01-09,0.14
2024-01-08 14:26:00+05:30,5.0,5.02,4.98,5.0,100,24850,PE,2024-01-09,0.14
2024-01-08 14:27:00+05:30,220.92529032406443,221.8089914853607,220.04158916276816,220.92529032406443,100,24850,CE,2024-01-09,0.14
2024-01-08 14:27:00+05:30,5.0,5.02,4.98,5.0,100,24850,PE,2024-01-09,0.14
2024-01-08 14:28:00+05:30,223.8286144815897,224.72392893951607,222.93330002366335,223.8286144815897,100,24850,CE,2024-01-09,0.14
2024-01-08 14:28:00+05:30,5.0,5.02,4.98,5.0,100,24850,PE,2024-01-09,0.14
2024-01-08 14:29:00+05:30,225.72567939683128,226.6285821144186,224.82277667924396,225.72567939683128,100,24850,CE,2024-01-09,0.14
2024-01-08 14:29:00+05:30,5.0,5.02,4.98,5.0,100,24850,PE,2024-01-09,0.14
2024-01-08 14:30:00+05:30,228.52873283427786,229.44284776561497,227.61461790294075,228.52873283427786,100,24850,CE,2024-01-09,0.14
2024-01-08 14:30:00+05:30,5.0,5.02,4.98,5.0,100,24850,PE,2024-01-09,0.14
2024-01-08 14:31:00+05:30,232.6688513006952,233.59952670589797,231.73817589549242,232.6688513006952,100,24850,CE,2024-01-09,0.14
2024-01-08 14:31:00+05:30,5.0,5.02,4.98,5.0,100,24850,PE,2024-01-09,0.14
2024-01-08 14:32:00+05:30,237.71241982487797,238.6632695041775,236.76157014557845,237.71241982487797,100,24850,CE,2024-01-09,0.14
2024-01-08 14:32:00+05:30,5.0,5.02,4.98,5.0,100,24850,PE,2024-01-09,0.14
2024-01-08 14:33:00+05:30,245.408572687445,246.39020697819478,244.42693839669522,245.408572687445,100,24850,CE,2024-01-09,0.14
2024-01-08 14:33:00+05:30,5.0,5.02,4.98,5.0,100,24850,PE,2024-01-09,0.14
2024-01-08 14:34:00+05:30,246.55212625825285,247.53833476328586,245.56591775321985,246.55212625825285,100,24850,CE,2024-01-09,0.14
2024-01-08 14:34:00+05:30,5.0,5.02,4.98,5.0,100,24850,PE,2024-01-09,0.14
2024-01-08 14:35:00+05:30,245.20724057743016,246.18806953973987,244.22641161512044,245.20724057743016,100,24850,CE,2024-01-09,0.14
2024-01-08 14:35:00+05:30,5.0,5.02,4.98,5.0,100,24850,PE,2024-01-09,0.14
2024-01-08 14:36:00+05:30,245.43540352729676,246.41714514140594,244.45366191318757,245.43540352729676,100,24850,CE,2024-01-09,0.14
2024-01-08 14:36:00+05:30,5.0,5.02,4.98,5.0,100,24850,PE,2024-01-09,0.14
2024-01-08 14:37:00+05:30,254.65193616141138,255.67054390605702,253.63332841676575,254.65193616141138,100,24850,CE,2024-01-09,0.14
2024-01-08 14:37:00+05:30,5.0,5.02,4.98,5.0,100,24850,PE,2024-01-09,0.14
2024-01-08 14:38:00+05:30,258.4829817110053,259.51691363784937,257.4490497841613,258.4829817110053,100,24850,CE,2024-01-09,0.14
2024-01-08 14:38:00+05:30,5.0,5.02,4.98,5.0,100,24850,PE,2024-01-09,0.14
2024-01-08 14:39:00+05:30,261.844824875448,262.8922041749498,260.7974455759462,261.844824875448,100,24850,CE,2024-01-09,0.14
2024-01-08 14:39:00+05:30,5.0,5.02,4.98,5.0,100,24850,PE,2024-01-09,0.14
2024-01-08 14:40:00+05:30,267.6802905078707,268.7510116699022,266.60956934583925,267.6802905078707,100,24850,CE,2024-01-09,0.14
2024-01-08 14:40:00+05:30,5.0,5.02,4.98,5.0,100,24850,PE,2024-01-09,0.14
2024-01-08 14:41:00+05:30,273.0971953495987,274.18958413099705,272.0048065682003,273.0971953495987,100,24850,CE,2024-01-09,0.14
2024-01-08 14:41:00+05:30,5.0,5.02,4.98,5.0,100,24850,PE,2024-01-09,0.14
2024-01-08 14:42:00+05:30,282.90361206935586,284.0352265176333,281.7719976210784,282.90361206935586,100,24850,CE,2024-01-09,0.14
2024-01-08 14:42:00+05:30,5.0,5.02,4.98,5.0,100,24850,PE,2024-01-09,0.14
2024-01-08 14:43:00+05:30,280.3898744831981,281.51143398113095,279.2683149852653,280.3898744831981,100,24850,CE,2024-01-09,0.14
2024-01-08 14:43:00+05:30,5.0,5.02,4.98,5.0,100,24850,PE,2024-01-09,0.14
2024-01-08 14:44:00+05:30,281.805720056223,282.9329429364479,280.6784971759981,281.805720056223,100,24850,CE,2024-01-09,0.14
2024-01-08 14:44:00+05:30,5.0,5.02,4.98,5.0,100,24850,PE,2024-01-09,0.14
2024-01-08 14:45:00+05:30,285.3722152850528,286.513704146193,284.2307264239126,285.3722152850528,100,24850,CE,2024-01-09,0.14
2024-01-08 14:45:00+05:30,5.0,5.02,4.98,5.0,100,24850,PE,2024-01-09,0.14
2024-01-08 14:46:00+05:30,289.1929015748751,290.34967318117464,288.0361299685756,289.1929015748751,100,24850,CE,2024-01-09,0.14
2024-01-08 14:46:00+05:30,5.0,5.02,4.98,5.0,100,24850,PE,2024-01-09,0.14
2024-01-08 14:47:00+05:30,288.3077632920481,289.4609943452163,287.1545322388799,288.3077632920481,100,24850,CE,2024-01-09,0.14
2024-01-08 14:47:00+05:30,5.0,5.02,4.98,5.0,100,24850,PE,2024-01-09,0.14
2024-01-08 14:48:00+05:30,282.59090359036736,283.7212672047288,281.4605399760059,282.59090359036736,100,24850,CE,2024-01-09,0.14
2024-01-08 14:48:00+05:30,5.0,5.02,4.98,5.0,100,24850,PE,2024-01-09,0.14
2024-01-08 14:49:00+05:30,282.1316122070798,283.2601386559081,281.0030857582515,282.1316122070798,100,24850,CE,2024-01-09,0.14
2024-01-08 14:49:00+05:30,5.0,5.02,4.98,5.0,100,24850,PE,2024-01-09,0.14
2024-01-08 14:50:00+05:30,280.02855518888055,281.14866940963606,278.90844096812503,280.02855518888055,100,24850,CE,2024-01-09,0.14
2024-01-08 14:50:00+05:30,5.0,5.02,4.98,5.0,100,24850,PE,2024-01-09,0.14
2024-01-08 14:51:00+05:30,280.1983600463823,281.3191534865678,279.07756660619674,280.1983600463823,100,24850,CE,2024-01-09,0.14
2024-01-08 14:51:00+05:30,5.0,5.02,4.98,5.0,100,24850,PE,2024-01-09,0.14
2024-01-08 14:52:00+05:30,285.06602279932076,286.2062868905181,283.92575870812345,285.06602279932076,100,24850,CE,2024-01-09,0.14
2024-01-08 14:52:00+05:30,5.0,5.02,4.98,5.0,100,24850,PE,2024-01-09,0.14
2024-01-08 14:53:00+05:30,288.36591230702425,289.51937595625236,287.21244865779613,288.36591230702425,100,24850,CE,2024-01-09,0.14
2024-01-08 14:53:00+05:30,5.0,5.02,4.98,5.0,100,24850,PE,2024-01-09,0.14
2024-01-08 14:54:00+05:30,284.4681823870119,285.60605511655996,283.33030965746383,284.4681823870119,100,24850,CE,2024-01-09,0.14
2024-01-08 14:54:00+05:30,5.0,5.02,4.98,5.0,100,24850,PE,2024-01-09,0.14
2024-01-08 14:55:00+05:30,282.0921768422627,283.22054554963177,280.9638081348936,282.0921768422627,100,24850,CE,2024-01-09,0.14
2024-01-08 14:55:00+05:30,5.0,5.02,4.98,5.0,100,24850,PE,2024-01-09,0.14
2024-01-08 14:56:00+05:30,283.38791186479966,284.52146351225883,282.2543602173405,283.38791186479966,100,24850,CE,2024-01-09,0.14
2024-01-08 14:56:00+05:30,5.0,5.02,4.98,5.0,100,24850,PE,2024-01-09,0.14
2024-01-08 14:57:00+05:30,288.3597748885072,289.51321398806124,287.2063357889532,288.3597748885072,100,24850,CE,2024-01-09,0.14
2024-01-08 14:57:00+05:30,5.0,5.02,4.98,5.0,100,24850,PE,2024-01-09,0.14
2024-01-08 14:58:00+05:30,288.63215088628885,289.786679489834,287.4776222827437,288.63215088628885,100,24850,CE,2024-01-09,0.14
2024-01-08 14:58:00+05:30,5.0,5.02,4.98,5.0,100,24850,PE,2024-01-09,0.14
2024-01-08 14:59:00+05:30,289.9972744228339,291.15726352052525,288.8372853251426,289.9972744228339,100,24850,CE,2024-01-09,0.14
2024-01-08 14:59:00+05:30,5.0,5.02,4.98,5.0,100,24850,PE,2024-01-09,0.14
2024-01-08 15:00:00+05:30,284.5916270846533,285.7299935929919,283.4532605763147,284.5916270846533,100,24850,CE,2024-01-09,0.14
2024-01-08 15:00:00+05:30,5.0,5.02,4.98,5.0,100,24850,PE,2024-01-09,0.14
2024-01-08 15:01:00+05:30,283.1655137259454,284.2981757808492,282.0328516710416,283.1655137259454,100,24850,CE,2024-01-09,0.14
2024-01-08 15:01:00+05:30,5.0,5.02,4.98,5.0,100,24850,PE,2024-01-09,0.14
2024-01-08 15:02:00+05:30,280.53869035545677,281.6608451168786,279.41653559403494,280.53869035545677,100,24850,CE,2024-01-09,0.14
2024-01-08 15:02:00+05:30,5.0,5.02,4.98,5.0,100,24850,PE,2024-01-09,0.14
2024-01-08 15:03:00+05:30,281.7625272978489,282.8895774070403,280.63547718865755,281.7625272978489,100,24850,CE,2024-01-09,0.14
2024-01-08 15:03:00+05:30,5.0,5.02,4.98,5.0,100,24850,PE,2024-01-09,0.14
2024-01-08 15:04:00+05:30,281.1309060373237,282.255429661473,280.00638241317444,281.1309060373237,100,24850,CE,2024-01-09,0.14
2024-01-08 15:04:00+05:30,5.0,5.02,4.98,5.0,100,24850,PE,2024-01-09,0.14
2024-01-08 15:05:00+05:30,278.1139341187659,279.22638985524094,277.0014783822908,278.1139341187659,100,24850,CE,2024-01-09,0.14
2024-01-08 15:05:00+05:30,5.0,5.02,4.98,5.0,100,24850,PE,2024-01-09,0.14
2024-01-08 15:06:00+05:30,274.2613537946195,275.35839920979794,273.164308379441,274.2613537946195,100,24850,CE,2024-01-09,0.14
2024-01-08 15:06:00+05:30,5.0,5.02,4.98,5.0,100,24850,PE,2024-01-09,0.14
2024-01-08 15:07:00+05:30,275.43877902406666,276.54053414016295,274.3370239079704,275.43877902406666,100,24850,CE,2024-01-09,0.14
2024-01-08 15:07:00+05:30,5.0,5.02,4.98,5.0,100,24850,PE,2024-01-09,0.14
2024-01-08 15:08:00+05:30,273.2385024123737,274.33145642202317,272.1455484027242,273.2385024123737,100,24850,CE,2024-01-09,0.14
2024-01-08 15:08:00+05:30,5.0,5.02,4.98,5.0,100,24850,PE,2024-01-09,0.14
2024-01-08 15:09:00+05:30,277.99400467398436,279.1059806926803,276.8820286552884,277.99400467398436,100,24850,CE,2024-01-09,0.14
2024-01-08 15:09:00+05:30,5.0,5.02,4.98,5.0,100,24850,PE,2024-01-09,0.14
2024-01-08 15:10:00+05:30,278.8987136289029,280.0143084834185,277.7831187743873,278.8987136289029,100,24850,CE,2024-01-09,0.14
2024-01-08 15:10:00+05:30,5.0,5.02,4.98,5.0,100,24850,PE,2024-01-09,0.14
2024-01-08 15:11:00+05:30,278.15764751427514,279.27027810433225,277.04501692421803,278.15764751427514,100,24850,CE,2024-01-09,0.14
2024-01-08 15:11:00+05:30,5.0,5.02,4.98,5.0,100,24850,PE,2024-01-09,0.14
2024-01-08 15:12:00+05:30,281.98610706175305,283.11405149000007,280.858162633506,281.98610706175305,100,24850,CE,2024-01-09,0.14
2024-01-08 15:12:00+05:30,5.0,5.02,4.98,5.0,100,24850,PE,2024-01-09,0.14
2024-01-08 15:13:00+05:30,277.6070669947617,278.7174952627407,276.49663872678263,277.6070669947617,100,24850,CE,2024-01-09,0.14
2024-01-08 15:13:00+05:30,5.0,5.02,4.98,5.0,100,24850,PE,2024-01-09,0.14
2024-01-08 15:14:00+05:30,281.43592658354964,282.56167028988386,280.3101828772154,281.43592658354964,100,24850,CE,2024-01-09,0.14
2024-01-08 15:14:00+05:30,5.0,5.02,4.98,5.0,100,24850,PE,2024-01-09,0.14
2024-01-08 15:15:00+05:30,278.8908155413278,280.00637880349313,277.7752522791625,278.8908155413278,100,24850,CE,2024-01-09,0.14
2024-01-08 15:15:00+05:30,5.0,5.02,4.98,5.0,100,24850,PE,2024-01-09,0.14
2024-01-08 15:16:00+05:30,281.9721996430103,283.10008844158233,280.84431084443827,281.9721996430103,100,24850,CE,2024-01-09,0.14
2024-01-08 15:16:00+05:30,5.0,5.02,4.98,5.0,100,24850,PE,2024-01-09,0.14
2024-01-08 15:17:00+05:30,279.56275333089206,280.68100434421564,278.4445023175685,279.56275333089206,100,24850,CE,2024-01-09,0.14
2024-01-08 15:17:00+05:30,5.0,5.02,4.98,5.0,100,24850,PE,2024-01-09,0.14
2024-01-08 15:18:00+05:30,276.1066475275943,277.2110741177047,275.0022209374839,276.1066475275943,100,24850,CE,2024-01-09,0.14
2024-01-08 15:18:00+05:30,5.0,5.02,4.98,5.0,100,24850,PE,2024-01-09,0.14
2024-01-08 15:19:00+05:30,269.14640744234885,270.22299307211824,268.06982181257945,269.14640744234885,100,24850,CE,2024-01-09,0.14
2024-01-08 15:19:00+05:30,5.0,5.02,4.98,5.0,100,24850,PE,2024-01-09,0.14
2024-01-08 15:20:00+05:30,269.522694077124,270.6007848534325,268.4446033008155,269.522694077124,100,24850,CE,2024-01-09,0.14
2024-01-08 15:20:00+05:30,5.0,5.02,4.98,5.0,100,24850,PE,2024-01-09,0.14
2024-01-08 15:21:00+05:30,271.6064961361403,272.6929221206849,270.52007015159575,271.6064961361403,100,24850,CE,2024-01-09,0.14
2024-01-08 15:21:00+05:30,5.0,5.02,4.98,5.0,100,24850,PE,2024-01-09,0.14
2024-01-08 15:22:00+05:30,266.36111677509825,267.42656124219866,265.29567230799785,266.36111677509825,100,24850,CE,2024-01-09,0.14
2024-01-08 15:22:00+05:30,5.0,5.02,4.98,5.0,100,24850,PE,2024-01-09,0.14
2024-01-08 15:23:00+05:30,273.45517860034806,274.54899931474944,272.3613578859467,273.45517860034806,100,24850,CE,2024-01-09,0.14
2024-01-08 15:23:00+05:30,5.0,5.02,4.98,5.0,100,24850,PE,2024-01-09,0.14
2024-01-08 15:24:00+05:30,273.5747210620916,274.66901994634,272.48042217784325,273.5747210620916,100,24850,CE,2024-01-09,0.14
2024-01-08 15:24:00+05:30,5.0,5.02,4.98,5.0,100,24850,PE,2024-01-09,0.14
2024-01-08 15:25:00+05:30,269.36064117542946,270.43808374013116,268.28319861072777,269.36064117542946,100,24850,CE,2024-01-09,0.14
2024-01-08 15:25:00+05:30,5.0,5.02,4.98,5.0,100,24850,PE,2024-01-09,0.14
2024-01-08 15:26:00+05:30,277.1467894703105,278.25537662819175,276.0382023124293,277.1467894703105,100,24850,CE,2024-01-09,0.14
2024-01-08 15:26:00+05:30,5.0,5.02,4.98,5.0,100,24850,PE,2024-01-09,0.14
2024-01-08 15:27:00+05:30,275.73170289731706,276.83462970890633,274.6287760857278,275.73170289731706,100,24850,CE,2024-01-09,0.14
2024-01-08 15:27:00+05:30,5.0,5.02,4.98,5.0,100,24850,PE,2024-01-09,0.14
2024-01-08 15:28:00+05:30,281.58102045044825,282.70734453225003,280.45469636864647,281.58102045044825,100,24850,CE,2024-01-09,0.14
2024-01-08 15:28:00+05:30,5.0,5.02,4.98,5.0,100,24850,PE,2024-01-09,0.14
2024-01-08 15:29:00+05:30,270.7771755133904,271.8602842154439,269.6940668113368,270.7771755133904,100,24850,CE,2024-01-09,0.14
2024-01-08 15:29:00+05:30,5.0,5.02,4.98,5.0,100,24850,PE,2024-01-09,0.14
2024-01-08 15:30:00+05:30,279.3135104455155,280.43076448729755,278.1962564037334,279.3135104455155,100,24850,CE,2024-01-09,0.14
2024-01-08 15:30:00+05:30,5.0,5.02,4.98,5.0,100,24850,PE,2024-01-09,0.14
2024-01-09 09:15:00+05:30,26.17880594551246,26.283521169294513,26.07409072173041,26.17880594551246,100,25250,CE,2024-01-09,0.14
2024-01-09 09:15:00+05:30,26.17880594551246,26.283521169294513,26.07409072173041,26.17880594551246,100,25250,PE,2024-01-09,0.14
2024-01-09 09:16:00+05:30,25.85527340156335,25.958694495169603,25.751852307957094,25.85527340156335,100,25250,CE,2024-01-09,0.14
2024-01-09 09:16:00+05:30,26.502338489461575,26.608347843419423,26.396329135503727,26.502338489461575,100,25250,PE,2024-01-09,0.14
2024-01-09 09:17:00+05:30,29.79830818585145,29.917501418594856,29.679114953108044,29.79830818585145,100,25250,CE,2024-01-09,0.14
2024-01-09 09:17:00+05:30,22.559303705173473,22.649540919994166,22.46906649035278,22.559303705173473,100,25250,PE,2024-01-09,0.14
2024-01-09 09:18:00+05:30,29.605702399660398,29.72412520925904,29.487279590061757,29.605702399660398,100,25250,CE,2024-01-09,0.14
2024-01-09 09:18:00+05:30,22.751909491364525,22.842917129329983,22.660901853399068,22.751909491364525,100,25250,PE,2024-01-09,0.14
2024-01-09 09:19:00+05:30,27.73701448080868,27.847962538731913,27.626066422885444,27.73701448080868,100,25250,CE,2024-01-09,0.14
2024-01-09 09:19:00+05:30,24.620597410216245,24.71907979985711,24.52211502057538,24.620597410216245,100,25250,PE,2024-01-09,0.14
2024-01-09 09:20:00+05:30,34.061522610715144,34.197768701158004,33.925276520272284,34.061522610715144,100,25250,CE,2024-01-09,0.14
2024-01-09 09:20:00+05:30,18.296089280309783,18.36927363743102,18.222904923188544,18.296089280309783,100,25250,PE,2024-01-09,0.14
2024-01-09 09:21:00+05:30,36.93189941540953,37.07962701307117,36.7841718177479,36.93189941540953,100,25250,CE,2024-01-09,0.14
2024-01-09 09:21:00+05:30,15.425712475615395,15.487415325517857,15.364009625712933,15.425712475615395,100,25250,PE,2024-01-09,0.14
2024-01-09 09:22:00+05:30,36.52047651095967,36.66655841700351,36.37439460491583,36.52047651095967,100,25250,CE,2024-01-09,0.14
2024-01-09 09:22:00+05:30,15.83713538006526,15.90048392158552,15.773786838544998,15.83713538006526,100,25250,PE,2024-01-09,0.14
2024-01-09 09:23:00+05:30,36.648808526315804,36.79540376042107,36.50221329221054,36.648808526315804,100,25250,CE,2024-01-09,0.14
2024-01-09 09:23:00+05:30,15.708803364709123,15.771638578167959,15.645968151250287,15.708803364709123,100,25250,PE,2024-01-09,0.14
2024-01-09 09:24:00+05:30,35.22567960780401,35.366582326235225,35.0847768893728,35.22567960780401,100,25250,CE,2024-01-09,0.14
2024-01-09 09:24:00+05:30,17.131932283220916,17.2004600123538,17.06340455408803,17.131932283220916,100,25250,PE,2024-01-09,0.14
2024-01-09 09:25:00+05:30,35.62789692779228,35.77040851550345,35.48538534008111,35.62789692779228,100,25250,CE,2024-01-09,0.14
2024-01-09 09:25:00+05:30,16.72971496323265,16.79663382308558,16.66279610337972,16.72971496323265,100,25250,PE,2024-01-09,0.14
2024-01-09 09:26:00+05:30,32.087990059854235,32.21634202009365,31.959638099614818,32.087990059854235,100,25250,CE,2024-01-09,0.14
2024-01-09 09:26:00+05:30,20.269621831170692,20.350700318495374,20.18854334384601,20.269621831170692,100,25250,PE,2024-01-09,0.14
2024-01-09 09:27:00+05:30,38.833849628118,38.98918502663047,38.67851422960553,38.833849628118,100,25250,CE,2024-01-09,0.14
2024-01-09 09:27:00+05:30,13.523762262906924,13.577857311958551,13.469667213855297,13.523762262906924,100,25250,PE,2024-01-09,0.14
2024-01-09 09:28:00+05:30,43.5775157030825,43.75182576589483,43.403205640270166,43.5775157030825,100,25250,CE,2024-01-09,0.14
2024-01-09 09:28:00+05:30,8.78009618794243,8.8152165726942,8.74497580319066,8.78009618794243,100,25250,PE,2024-01-09,0.14
2024-01-09 09:29:00+05:30,35.196760053865034,35.33754709408049,35.05597301364958,35.196760053865034,100,25250,CE,2024-01-09,0.14
2024-01-09 09:29:00+05:30,17.160851837159893,17.22949524450853,17.092208429811254,17.160851837159893,100,25250,PE,2024-01-09,0.14
2024-01-09 09:30:00+05:30,31.657885361053953,31.78451690249817,31.531253819609738,31.657885361053953,100,25250,CE,2024-01-09,0.14
2024-01-09 09:30:00+05:30,20.69972652997097,20.782525436090854,20.616927623851087,20.69972652997097,100,25250,PE,2024-01-09,0.14
2024-01-09 09:31:00+05:30,31.564658680732858,31.69091731545579,31.438400046009928,31.564658680732858,100,25250,CE,2024-01-09,0.14
2024-01-09 09:31:00+05:30,20.792953210292065,20.876125023133234,20.709781397450897,20.792953210292065,100,25250,PE,2024-01-09,0.14
2024-01-09 09:32:00+05:30,29.20425163484145,29.32106864138082,29.087434628302084,29.20425163484145,100,25250,CE,2024-01-09,0.14
2024-01-09 09:32:00+05:30,23.153360256183472,23.245973697208207,23.060746815158737,23.153360256183472,100,25250,PE,2024-01-09,0.14
2024-01-09 09:33:00+05:30,21.24481803320526,21.32979730533808,21.15983876107244,21.24481803320526,100,25250,CE,2024-01-09,0.14
2024-01-09 09:33:00+05:30,31.112793857819664,31.237245033250943,30.988342682388385,31.112793857819664,100,25250,PE,2024-01-09,0.14
2024-01-09 09:34:00+05:30,23.946738199018395,24.04252515181447,23.85095124622232,23.946738199018395,100,25250,CE,2024-01-09,0.14
2024-01-09 09:34:00+05:30,28.41087369200653,28.524517186774556,28.297230197238502,28.41087369200653,100,25250,PE,2024-01-09,0.14
2024-01-09 09:35:00+05:30,19.534017430555135,19.612153500277355,19.455881360832915,19.534017430555135,100,25250,CE,2024-01-09,0.14
2024-01-09 09:35:00+05:30,32.82359446046979,32.954888838311675,32.69230008262791,32.82359446046979,100,25250,PE,2024-01-09,0.14
2024-01-09 09:36:00+05:30,22.191495041256015,22.28026102142104,22.10272906109099,22.191495041256015,100,25250,CE,2024-01-09,0.14
2024-01-09 09:36:00+05:30,30.16611684976891,30.286781317167986,30.04545238236983,30.16611684976891,100,25250,PE,2024-01-09,0.14
2024-01-09 09:37:00+05:30,23.98866203159417,24.084616679720547,23.892707383467794,23.98866203159417,100,25250,CE,2024-01-09,0.14
2024-01-09 09:37:00+05:30,28.368949859430753,28.482425658868475,28.25547405999303,28.368949859430753,100,25250,PE,2024-01-09,0.14
2024-01-09 09:38:00+05:30,29.810349061150585,29.92959045739519,29.69110766490598,29.810349061150585,100,25250,CE,2024-01-09,0.14
2024-01-09 09:38:00+05:30,22.547262829874338,22.637451881193837,22.45707377855484,22.547262829874338,100,25250,PE,2024-01-09,0.14
2024-01-09 09:39:00+05:30,26.51812925356756,26.62420177058183,26.412056736553293,26.51812925356756,100,25250,CE,2024-01-09,0.14
2024-01-09 09:39:00+05:30,25.839482637457362,25.942840568007192,25.736124706907532,25.839482637457362,100,25250,PE,2024-01-09,0.14
2024-01-09 09:40:00+05:30,33.479807796179045,33.61372702736376,33.34588856499433,33.479807796179045,100,25250,CE,2024-01-09,0.14
2024-01-09 09:40:00+05:30,18.87780409484588,18.953315311225264,18.8022928784665,18.87780409484588,100,25250,PE,2024-01-09,0.14
2024-01-09 09:41:00+05:30,28.92019520038451,29.035875981186045,28.804514419582972,28.92019520038451,100,25250,CE,2024-01-09,0.14
2024-01-09 09:41:00+05:30,23.437416690640415,23.531166357402977,23.343667023877853,23.437416690640415,100,25250,PE,2024-01-09,0.14
2024-01-09 09:42:00+05:30,34.66246873856511,34.80111861351937,34.52381886361085,34.66246873856511,100,25250,CE,2024-01-09,0.14
2024-01-09 09:42:00+05:30,17.695143152459817,17.765923725069655,17.62436257984998,17.695143152459817,100,25250,PE,2024-01-09,0.14
2024-01-09 09:43:00+05:30,38.763114186810014,38.91816664355726,38.60806173006277,38.763114186810014,100,25250,CE,2024-01-09,0.14
2024-01-09 09:43:00+05:30,13.594497704214913,13.648875695031773,13.540119713398052,13.594497704214913,100,25250,PE,2024-01-09,0.14
2024-01-09 09:44:00+05:30,40.493548903660155,40.655523099274795,40.331574708045515,40.493548903660155,100,25250,CE,2024-01-09,0.14
2024-01-09 09:44:00+05:30,11.864062987364772,11.91151923931423,11.816606735415313,11.864062987364772,100,25250,PE,2024-01-09,0.14
2024-01-09 09:45:00+05:30,36.470381725587174,36.616263252489524,36.324500198684824,36.470381725587174,100,25250,CE,2024-01-09,0.14
2024-01-09 09:45:00+05:30,15.887230165437753,15.950779086099503,15.823681244776003,15.887230165437753,100,25250,PE,2024-01-09,0.14
2024-01-09 09:46:00+05:30,42.650720014863,42.82132289492245,42.48011713480354,42.650720014863,100,25250,CE,2024-01-09,0.14
2024-01-09 09:46:00+05:30,9.70689187616193,9.745719443666577,9.668064308657282,9.70689187616193,100,25250,PE,2024-01-09,0.14
2024-01-09 09:47:00+05:30,45.783876352336335,45.96701185774568,45.60074084692699,45.783876352336335,100,25250,CE,2024-01-09,0.14
2024-01-09 09:47:00+05:30,6.573735538688592,6.600030480843346,6.547440596533837,6.573735538688592,100,25250,PE,2024-01-09,0.14
2024-01-09 09:48:00+05:30,39.58618450916805,39.744529247204724,39.427839771131374,39.58618450916805,100,25250,CE,2024-01-09,0.14
2024-01-09 09:48:00+05:30,12.771427381856878,12.822513091384305,12.72034167232945,12.771427381856878,100,25250,PE,2024-01-09,0.14
2024-01-09 09:49:00+05:30,29.859234028005115,29.978670964117136,29.739797091893095,29.859234028005115,100,25250,CE,2024-01-09,0.14
2024-01-09 09:49:00+05:30,22.498377863019808,22.588371374471887,22.40838435156773,22.498377863019808,100,25250,PE,2024-01-09,0.14
2024-01-09 09:50:00+05:30,27.437507251770906,27.54725728077799,27.32775722276382,27.437507251770906,100,25250,CE,2024-01-09,0.14
2024-01-09 09:50:00+05:30,24.920104639254017,25.019785057811035,24.820424220697,24.920104639254017,100,25250,PE,2024-01-09,0.14
2024-01-09 09:51:00+05:30,24.268068838854045,24.36514111420946,24.17099656349863,24.268068838854045,100,25250,CE,2024-01-09,0.14
2024-01-09 09:51:00+05:30,28.089543052170878,28.20190122437956,27.977184879962195,28.089543052170878,100,25250,PE,2024-01-09,0.14
2024-01-09 09:52:00+05:30,27.040302459205517,27.14846366904234,26.932141249368694,27.040302459205517,100,25250,CE,2024-01-09,0.14
2024-01-09 09:52:00+05:30,25.317309431819407,25.418578669546683,25.21604019409213,25.317309431819407,100,25250,PE,2024-01-09,0.14
2024-01-09 09:53:00+05:30,27.646756314631087,27.757343339889612,27.536169289372562,27.646756314631087,100,25250,CE,2024-01-09,0.14
2024-01-09 09:53:00+05:30,24.710855576393836,24.80969899869941,24.612012154088262,24.710855576393836,100,25250,PE,2024-01-09,0.14
2024-01-09 09:54:00+05:30,28.934897191875674,29.050636780643178,28.81915760310817,28.934897191875674,100,25250,CE,2024-01-09,0.14
2024-01-09 09:54:00+05:30,23.42271469914925,23.51640555794585,23.32902384035265,23.42271469914925,100,25250,PE,2024-01-09,0.14
2024-01-09 09:55:00+05:30,27.086899443489923,27.195247041263883,26.978551845715963,27.086899443489923,100,25250,CE,2024-01-09,0.14
2024-01-09 09:55:00+05:30,25.270712447535,25.37179529732514,25.169629597744862,25.270712447535,100,25250,PE,2024-01-09,0.14
2024-01-09 09:56:00+05:30,30.76643096525589,30.889496689116914,30.643365241394864,30.76643096525589,100,25250,CE,2024-01-09,0.14
2024-01-09 09:56:00+05:30,21.591180925769034,21.677545649472112,21.504816202065957,21.591180925769034,100,25250,PE,2024-01-09,0.14
2024-01-09 09:57:00+05:30,28.692446635667178,28.807216422209848,28.577676849124508,28.692446635667178,100,25250,CE,2024-01-09,0.14
2024-01-09 09:57:00+05:30,23.665165255357746,23.759825916379178,23.570504594336313,23.665165255357746,100,25250,PE,2024-01-09,0.14
2024-01-09 09:58:00+05:30,23.06724469255681,23.159513671327037,22.97497571378658,23.06724469255681,100,25250,CE,2024-01-09,0.14
2024-01-09 09:58:00+05:30,29.290367198468115,29.40752866726199,29.17320572967424,29.290367198468115,100,25250,PE,2024-01-09,0.14
2024-01-09 09:59:00+05:30,14.064604129986432,14.120862546506377,14.008345713466486,14.064604129986432,100,25250,CE,2024-01-09,0.14
2024-01-09 09:59:00+05:30,38.293007761038496,38.44617979208265,38.13983572999434,38.293007761038496,100,25250,PE,2024-01-09,0.14
2024-01-09 10:00:00+05:30,16.126567407882643,16.191073677514172,16.062061138251114,16.126567407882643,100,25250,CE,2024-01-09,0.14
2024-01-09 10:00:00+05:30,36.231044483142284,36.37596866107485,36.08612030520972,36.231044483142284,100,25250,PE,2024-01-09,0.14
2024-01-09 10:01:00+05:30,13.909876404879864,13.965515910499382,13.854236899260345,13.909876404879864,100,25250,CE,2024-01-09,0.14
2024-01-09 10:01:00+05:30,38.44773548614506,38.60152642808964,38.293944544200485,38.44773548614506,100,25250,PE,2024-01-09,0.14
2024-01-09 10:02:00+05:30,7.508194769120049,7.538227548196529,7.478161990043569,7.508194769120049,100,25250,CE,2024-01-09,0.14
2024-01-09 10:02:00+05:30,44.84941712190488,45.028814790392495,44.67001945341726,44.84941712190488,100,25250,PE,2024-01-09,0.14
2024-01-09 10:03:00+05:30,5.0,5.02,4.98,5.0,100,25250,CE,2024-01-09,0.14
2024-01-09 10:03:00+05:30,48.09139412604458,48.28375970254876,47.8990285495404,48.09139412604458,100,25250,PE,2024-01-09,0.14
2024-01-09 10:04:00+05:30,5.0,5.02,4.98,5.0,100,25250,CE,2024-01-09,0.14
2024-01-09 10:04:00+05:30,49.4876267789154,49.68557728603106,49.289676271799735,49.4876267789154,100,25250,PE,2024-01-09,0.14
2024-01-09 10:05:00+05:30,5.577404871252323,5.599714490737332,5.555095251767314,5.577404871252323,100,25250,CE,2024-01-09,0.14
2024-01-09 10:05:00+05:30,46.780207019772604,46.96732784785169,46.593086191693516,46.780207019772604,100,25250,PE,2024-01-09,0.14
2024-01-09 10:06:00+05:30,5.0,5.02,4.98,5.0,100,25250,CE,2024-01-09,0.14
2024-01-09 10:06:00+05:30,54.74645352077317,54.96543933485626,54.52746770669008,54.74645352077317,100,25250,PE,2024-01-09,0.14
2024-01-09 10:07:00+05:30,5.0,5.02,4.98,5.0,100,25250,CE,2024-01-09,0.14
2024-01-09 10:07:00+05:30,56.19943174327858,56.424229470251696,55.974634016305465,56.19943174327858,100,25250,PE,2024-01-09,0.14
2024-01-09 10:08:00+05:30,5.0,5.02,4.98,5.0,100,25250,CE,2024-01-09,0.14
2024-01-09 10:08:00+05:30,53.30038743335575,53.51358898308918,53.087185883622325,53.30038743335575,100,25250,PE,2024-01-09,0.14
2024-01-09 10:09:00+05:30,5.0,5.02,4.98,5.0,100,25250,CE,2024-01-09,0.14
2024-01-09 10:09:00+05:30,51.400018509763356,51.60561858380241,51.1944184357243,51.400018509763356,100,25250,PE,2024-01-09,0.14
2024-01-09 10:10:00+05:30,5.0,5.02,4.98,5.0,100,25250,CE,2024-01-09,0.14
2024-01-09 10:10:00+05:30,48.1855319184055,48.37827404607913,47.99278979073188,48.1855319184055,100,25250,PE,2024-01-09,0.14
2024-01-09 10:11:00+05:30,11.783465896597075,11.830599760183464,11.736332033010687,11.783465896597075,100,25250,CE,2024-01-09,0.14
2024-01-09 10:11:00+05:30,40.57414599442785,40.736442578405565,40.41184941045014,40.57414599442785,100,25250,PE,2024-01-09,0.14
2024-01-09 10:12:00+05:30,8.672997195117599,8.70768918389807,8.638305206337128,8.672997195117599,100,25250,CE,2024-01-09,0.14
2024-01-09 10:12:00+05:30,43.68461469590733,43.85935315469096,43.5098762371237,43.68461469590733,100,25250,PE,2024-01-09,0.14
2024-01-09 10:13:00+05:30,6.533852422439335,6.559987832129092,6.507717012749577,6.533852422439335,100,25250,CE,2024-01-09,0.14
2024-01-09 10:13:00+05:30,45.82375946858559,46.00705450645994,45.64046443071125,45.82375946858559,100,25250,PE,2024-01-09,0.14
2024-01-09 10:14:00+05:30,10.752908308501386,10.795919941735391,10.70989667526738,10.752908308501386,100,25250,CE,2024-01-09,0.14
2024-01-09 10:14:00+05:30,41.60470358252354,41.771122396853634,41.43828476819345,41.60470358252354,100,25250,PE,2024-01-09,0.14
2024-01-09 10:15:00+05:30,17.04271418236061,17.11088503909005,16.974543325631167,17.04271418236061,100,25250,CE,2024-01-09,0.14
2024-01-09 10:15:00+05:30,35.31489770866432,35.456157299498976,35.17363811782966,35.31489770866432,100,25250,PE,2024-01-09,0.14
2024-01-09 10:16:00+05:30,18.512133107677467,18.586181640108176,18.43808457524676,18.512133107677467,100,25250,CE,2024-01-09,0.14
2024-01-09 10:16:00+05:30,33.84547878334746,33.980860698480846,33.71009686821407,33.84547878334746,100,25250,PE,2024-01-09,0.14
2024-01-09 10:17:00+05:30,17.492614629444173,17.56258508796195,17.422644170926397,17.492614629444173,100,25250,CE,2024-01-09,0.14
2024-01-09 10:17:00+05:30,34.864997261580754,35.00445725062708,34.72553727253443,34.864997261580754,100,25250,PE,2024-01-09,0.14
2024-01-09 10:18:00+05:30,13.312765519255148,13.366016581332168,13.259514457178128,13.312765519255148,100,25250,CE,2024-01-09,0.14
2024-01-09 10:18:00+05:30,39.04484637176978,39.20102575725686,38.8886669862827,39.04484637176978,100,25250,PE,2024-01-09,0.14
2024-01-09 10:19:00+05:30,15.874251609606684,15.937748616045111,15.810754603168258,15.874251609606684,100,25250,CE,2024-01-09,0.14
2024-01-09 10:19:00+05:30,36.48336028141824,36.62929372254391,36.33742684029257,36.48336028141824,100,25250,PE,2024-01-09,0.14
2024-01-09 10:20:00+05:30,17.416206521910166,17.485871347997808,17.346541695822523,17.416206521910166,100,25250,CE,2024-01-09,0.14
2024-01-09 10:20:00+05:30,34.94140536911476,35.08117099059122,34.801639747638305,34.94140536911476,100,25250,PE,2024-01-09,0.14
2024-01-09 10:21:00+05:30,13.586171515511918,13.640516201573966,13.53182682944987,13.586171515511918,100,25250,CE,2024-01-09,0.14
2024-01-09 10:21:00+05:30,38.77144037551301,38.92652613701506,38.61635461401096,38.77144037551301,100,25250,PE,2024-01-09,0.14
2024-01-09 10:22:00+05:30,11.835800476228936,11.883143678133852,11.78845727432402,11.835800476228936,100,25250,CE,2024-01-09,0.14
2024-01-09 10:22:00+05:30,40.52181141479599,40.68389866045518,40.359724169136804,40.52181141479599,100,25250,PE,2024-01-09,0.14
2024-01-09 10:23:00+05:30,8.354081481295392,8.387497807220573,8.320665155370211,8.354081481295392,100,25250,CE,2024-01-09,0.14
2024-01-09 10:23:00+05:30,44.003530409729535,44.17954453136846,43.827516288090614,44.003530409729535,100,25250,PE,2024-01-09,0.14
2024-01-09 10:24:00+05:30,10.798282227695776,10.841475356606558,10.755089098784993,10.798282227695776,100,25250,CE,2024-01-09,0.14
2024-01-09 10:24:00+05:30,41.55932966332915,41.72556698198247,41.393092344675836,41.55932966332915,100,25250,PE,2024-01-09,0.14
2024-01-09 10:25:00+05:30,10.482718580833929,10.524649455157265,10.440787706510593,10.482718580833929,100,25250,CE,2024-01-09,0.14
2024-01-09 10:25:00+05:30,41.874893310191,42.04239288343176,41.70739373695024,41.874893310191,100,25250,PE,2024-01-09,0.14
2024-01-09 10:26:00+05:30,15.426719513152815,15.488426391205426,15.365012635100204,15.426719513152815,100,25250,CE,2024-01-09,0.14
2024-01-09 10:26:00+05:30,36.93089237787211,37.078615947383604,36.78316880836062,36.93089237787211,100,25250,PE,2024-01-09,0.14
2024-01-09 10:27:00+05:30,20.784411906845374,20.867549554472756,20.701274259217993,20.784411906845374,100,25250,CE,2024-01-09,0.14
2024-01-09 10:27:00+05:30,31.57319998417955,31.699492784116266,31.446907184242832,31.57319998417955,100,25250,PE,2024-01-09,0.14
2024-01-09 10:28:00+05:30,22.284002964476198,22.373138976334104,22.19486695261829,22.284002964476198,100,25250,CE,2024-01-09,0.14
2024-01-09 10:28:00+05:30,30.073608926548726,30.19390336225492,29.95331449084253,30.073608926548726,100,25250,PE,2024-01-09,0.14
2024-01-09 10:29:00+05:30,27.05270619635888,27.160917021144314,26.944495371573446,27.05270619635888,100,25250,CE,2024-01-09,0.14
2024-01-09 10:29:00+05:30,25.304905694666044,25.406125317444708,25.20368607188738,25.304905694666044,100,25250,PE,2024-01-09,0.14
2024-01-09 10:30:00+05:30,31.28453213533106,31.409670263872382,31.159394006789736,31.28453213533106,100,25250,CE,2024-01-09,0.14
2024-01-09 10:30:00+05:30,21.073079755693865,21.15737207471664,20.98878743667109,21.073079755693865,100,25250,PE,2024-01-09,0.14
2024-01-09 10:31:00+05:30,37.23753820330643,37.386488356119656,37.0885880504932,37.23753820330643,100,25250,CE,2024-01-09,0.14
2024-01-09 10:31:00+05:30,15.120073687718499,15.180553982469373,15.059593392967624,15.120073687718499,100,25250,PE,2024-01-09,0.14
2024-01-09 10:32:00+05:30,35.741153893126864,35.88411850869937,35.598189277554354,35.741153893126864,100,25250,CE,2024-01-09,0.14
2024-01-09 10:32:00+05:30,16.616457997898063,16.682923829889656,16.54999216590647,16.616457997898063,100,25250,PE,2024-01-09,0.14
2024-01-09 10:33:00+05:30,38.433226567115014,38.58695947338347,38.279493660846555,38.433226567115014,100,25250,CE,2024-01-09,0.14
2024-01-09 10:33:00+05:30,13.924385323909913,13.980082865205553,13.868687782614273,13.924385323909913,100,25250,PE,2024-01-09,0.14
2024-01-09 10:34:00+05:30,45.74716126150855,45.93014990655459,45.564172616462514,45.74716126150855,100,25250,CE,2024-01-09,0.14
2024-01-09 10:34:00+05:30,6.610450629516375,6.636892432034441,6.58400882699831,6.610450629516375,100,25250,PE,2024-01-09,0.14
2024-01-09 10:35:00+05:30,48.578627713474305,48.772942224328204,48.384313202620405,48.578627713474305,100,25250,CE,2024-01-09,0.14
2024-01-09 10:35:00+05:30,5.0,5.02,4.98,5.0,100,25250,PE,2024-01-09,0.14
2024-01-09 10:36:00+05:30,47.35199185865025,47.541399826084856,47.16258389121565,47.35199185865025,100,25250,CE,2024-01-09,0.14
2024-01-09 10:36:00+05:30,5.005620032374676,5.025642512504175,4.985597552245177,5.005620032374676,100,25250,PE,2024-01-09,0.14
2024-01-09 10:37:00+05:30,48.64315201642097,48.837724624486654,48.448579408355286,48.64315201642097,100,25250,CE,2024-01-09,0.14
2024-01-09 10:37:00+05:30,5.0,5.02,4.98,5.0,100,25250,PE,2024-01-09,0.14
2024-01-09 10:38:00+05:30,57.6792904263188,57.91000758802408,57.44857326461352,57.6792904263188,100,25250,CE,2024-01-09,0.14
2024-01-09 10:38:00+05:30,5.0,5.02,4.98,5.0,100,25250,PE,2024-01-09,0.14
2024-01-09 10:39:00+05:30,56.58591219086196,56.81225583962541,56.359568542098515,56.58591219086196,100,25250,CE,2024-01-09,0.14
2024-01-09 10:39:00+05:30,5.0,5.02,4.98,5.0,100,25250,PE,2024-01-09,0.14
2024-01-09 10:40:00+05:30,54.59261916138752,54.81098963803307,54.374248684741964,54.59261916138752,100,25250,CE,2024-01-09,0.14
2024-01-09 10:40:00+05:30,5.0,5.02,4.98,5.0,100,25250,PE,2024-01-09,0.14
2024-01-09 10:41:00+05:30,58.414125409201404,58.64778191083821,58.180468907564595,58.414125409201404,100,25250,CE,2024-01-09,0.14
2024-01-09 10:41:00+05:30,5.0,5.02,4.98,5.0,100,25250,PE,2024-01-09,0.14
2024-01-09 10:42:00+05:30,57.393998133117236,57.623574125649704,57.16442214058477,57.393998133117236,100,25250,CE,2024-01-09,0.14
2024-01-09 10:42:00+05:30,5.0,5.02,4.98,5.0,100,25250,PE,2024-01-09,0.14
2024-01-09 10:43:00+05:30,51.8547193200215,52.062138197301586,51.64730044274142,51.8547193200215,100,25250,CE,2024-01-09,0.14
2024-01-09 10:43:00+05:30,5.0,5.02,4.98,5.0,100,25250,PE,2024-01-09,0.14
2024-01-09 10:44:00+05:30,46.26868631620749,46.45376106147232,46.083611570942665,46.26868631620749,100,25250,CE,2024-01-09,0.14
2024-01-09 10:44:00+05:30,6.088925574817434,6.113281277116704,6.064569872518164,6.088925574817434,100,25250,PE,2024-01-09,0.14
2024-01-09 10:45:00+05:30,46.72413710312361,46.9110336515361,46.53724055471112,46.72413710312361,100,25250,CE,2024-01-09,0.14
2024-01-09 10:45:00+05:30,5.633474787901317,5.656008687052922,5.610940888749712,5.633474787901317,100,25250,PE,2024-01-09,0.14
2024-01-09 10:46:00+05:30,44.74964647395285,44.92864505984866,44.57064788805704,44.74964647395285,100,25250,CE,2024-01-09,0.14
2024-01-09 10:46:00+05:30,7.6079654170720765,7.6383972787403644,7.577533555403789,7.6079654170720765,100,25250,PE,2024-01-09,0.14
2024-01-09 10:47:00+05:30,50.7146491121934,50.91750770864217,50.51179051574463,50.7146491121934,100,25250,CE,2024-01-09,0.14
2024-01-09 10:47:00+05:30,5.0,5.02,4.98,5.0,100,25250,PE,2024-01-09,0.14
2024-01-09 10:48:00+05:30,48.8497861767832,49.04518532149033,48.654387032076066,48.8497861767832,100,25250,CE,2024-01-09,0.14
2024-01-09 10:48:00+05:30,5.0,5.02,4.98,5.0,100,25250,PE,2024-01-09,0.14
2024-01-09 10:49:00+05:30,43.99497466838369,44.17095456705722,43.81899476971016,43.99497466838369,100,25250,CE,2024-01-09,0.14
2024-01-09 10:49:00+05:30,8.362637222641236,8.396087771531802,8.329186673750671,8.362637222641236,100,25250,PE,2024-01-09,0.14
2024-01-09 10:50:00+05:30,41.4664391028586,41.632304859270036,41.300573346447166,41.4664391028586,100,25250,CE,2024-01-09,0.14
2024-01-09 10:50:00+05:30,10.891172788166326,10.934737479318992,10.84760809701366,10.891172788166326,100,25250,PE,2024-01-09,0.14
2024-01-09 10:51:00+05:30,37.190030498186786,37.33879062017953,37.04127037619404,37.190030498186786,100,25250,CE,2024-01-09,0.14
2024-01-09 10:51:00+05:30,15.16758139283814,15.228251718409494,15.106911067266788,15.16758139283814,100,25250,PE,2024-01-09,0.14
2024-01-09 10:52:00+05:30,42.04782788024062,42.21601919176158,41.879636568719654,42.04782788024062,100,25250,CE,2024-01-09,0.14
2024-01-09 10:52:00+05:30,10.309784010784309,10.351023146827446,10.268544874741172,10.309784010784309,100,25250,PE,2024-01-09,0.14
2024-01-09 10:53:00+05:30,39.493093686571626,39.65106606131791,39.33512131182534,39.493093686571626,100,25250,CE,2024-01-09,0.14
2024-01-09 10:53:00+05:30,12.8645182044533,12.915976277271113,12.813060131635488,12.8645182044533,100,25250,PE,2024-01-09,0.14
2024-01-09 10:54:00+05:30,45.61999361837883,45.802473592852344,45.43751364390531,45.61999361837883,100,25250,CE,2024-01-09,0.14
2024-01-09 10:54:00+05:30,6.737618272646099,6.764568745736684,6.710667799555514,6.737618272646099,100,25250,PE,2024-01-09,0.14
2024-01-09 10:55:00+05:30,48.188171568247014,48.380924254520004,47.995418881974025,48.188171568247014,100,25250,CE,2024-01-09,0.14
2024-01-09 10:55:00+05:30,5.0,5.02,4.98,5.0,100,25250,PE,2024-01-09,0.14
2024-01-09 10:56:00+05:30,56.32907318340807,56.5543894761417,56.10375689067444,56.32907318340807,100,25250,CE,2024-01-09,0.14
2024-01-09 10:56:00+05:30,5.0,5.02,4.98,5.0,100,25250,PE,2024-01-09,0.14
2024-01-09 10:57:00+05:30,56.361845118921735,56.58729249939742,56.13639773844605,56.361845118921735,100,25250,CE,2024-01-09,0.14
2024-01-09 10:57:00+05:30,5.0,5.02,4.98,5.0,100,25250,PE,2024-01-09,0.14
2024-01-09 10:58:00+05:30,60.00078664214237,60.24078978871094,59.760783495573804,60.00078664214237,100,25250,CE,2024-01-09,0.14
2024-01-09 10:58:00+05:30,5.0,5.02,4.98,5.0,100,25250,PE,2024-01-09,0.14
2024-01-09 10:59:00+05:30,52.49004786180234,52.70000805324955,52.28008767035513,52.49004786180234,100,25250,CE,2024-01-09,0.14
2024-01-09 10:59:00+05:30,5.0,5.02,4.98,5.0,100,25250,PE,2024-01-09,0.14
2024-01-09 11:00:00+05:30,51.13915348714403,51.343710101092604,50.93459687319545,51.13915348714403,100,25250,CE,2024-01-09,0.14
2024-01-09 11:00:00+05:30,5.0,5.02,4.98,5.0,100,25250,PE,2024-01-09,0.14
2024-01-09 11:01:00+05:30,48.74067208869968,48.93563477705448,48.54570940034488,48.74067208869968,100,25250,CE,2024-01-09,0.14
2024-01-09 11:01:00+05:30,5.0,5.02,4.98,5.0,100,25250,PE,2024-01-09,0.14
2024-01-09 11:02:00+05:30,53.55650257277597,53.770728583067076,53.34227656248486,53.55650257277597,100,25250,CE,2024-01-09,0.14
2024-01-09 11:02:00+05:30,5.0,5.02,4.98,5.0,100,25250,PE,2024-01-09,0.14
2024-01-09 11:03:00+05:30,53.50142777804689,53.715433489159075,53.2874220669347,53.50142777804689,100,25250,CE,2024-01-09,0.14
2024-01-09 11:03:00+05:30,5.0,5.02,4.98,5.0,100,25250,PE,2024-01-09,0.14
2024-01-09 11:04:00+05:30,56.496642146130796,56.72262871471532,56.27065557754627,56.496642146130796,100,25250,CE,2024-01-09,0.14
2024-01-09 11:04:00+05:30,5.0,5.02,4.98,5.0,100,25250,PE,2024-01-09,0.14
2024-01-09 11:05:00+05:30,54.21053931049977,54.42738146774177,53.99369715325777,54.21053931049977,100,25250,CE,2024-01-09,0.14
2024-01-09 11:05:00+05:30,5.0,5.02,4.98,5.0,100,25250,PE,2024-01-09,0.14
2024-01-09 11:06:00+05:30,49.74872659147553,49.947721497841435,49.54973168510963,49.74872659147553,100,25250,CE,2024-01-09,0.14
2024-01-09 11:06:00+05:30,5.0,5.02,4.98,5.0,100,25250,PE,2024-01-09,0.14
2024-01-09 11:07:00+05:30,49.87524516207162,50.07474614271991,49.67574418142333,49.87524516207162,100,25250,CE,2024-01-09,0.14
2024-01-09 11:07:00+05:30,5.0,5.02,4.98,5.0,100,25250,PE,2024-01-09,0.14
2024-01-09 11:08:00+05:30,55.28759750936155,55.50874789939899,55.0664471193241,55.28759750936155,100,25250,CE,2024-01-09,0.14
2024-01-09 11:08:00+05:30,5.0,5.02,4.98,5.0,100,25250,PE,2024-01-09,0.14
2024-01-09 11:09:00+05:30,55.54453295152456,55.766711083330655,55.32235481971846,55.54453295152456,100,25250,CE,2024-01-09,0.14
2024-01-09 11:09:00+05:30,5.0,5.02,4.98,5.0,100,25250,PE,2024-01-09,0.14
2024-01-09 11:10:00+05:30,61.97764621034952,62.22555679519092,61.72973562550812,61.97764621034952,100,25250,CE,2024-01-09,0.14
2024-01-09 11:10:00+05:30,5.0,5.02,4.98,5.0,100,25250,PE,2024-01-09,0.14
2024-01-09 11:11:00+05:30,61.17942074349452,61.424138426468495,60.93470306052054,61.17942074349452,100,25250,CE,2024-01-09,0.14
2024-01-09 11:11:00+05:30,5.0,5.02,4.98,5.0,100,25250,PE,2024-01-09,0.14
2024-01-09 11:12:00+05:30,60.29064062850961,60.53180319102365,60.049478065995565,60.29064062850961,100,25250,CE,2024-01-09,0.14
2024-01-09 11:12:00+05:30,5.0,5.02,4.98,5.0,100,25250,PE,2024-01-09,0.14
2024-01-09 11:13:00+05:30,59.401826305191605,59.639433610412375,59.164218999970835,59.401826305191605,100,25250,CE,2024-01-09,0.14
2024-01-09 11:13:00+05:30,5.0,5.02,4.98,5.0,100,25250,PE,2024-01-09,0.14
2024-01-09 11:14:00+05:30,58.87582770838566,59.1113310192192,58.640324397552114,58.87582770838566,100,25250,CE,2024-01-09,0.14
2024-01-09 11:14:00+05:30,5.0,5.02,4.98,5.0,100,25250,PE,2024-01-09,0.14
2024-01-09 11:15:00+05:30,56.709080430599386,56.93591675232178,56.48224410887699,56.709080430599386,100,25250,CE,2024-01-09,0.14
2024-01-09 11:15:00+05:30,5.0,5.02,4.98,5.0,100,25250,PE,2024-01-09,0.14
2024-01-09 11:16:00+05:30,56.25434201162392,56.47935937967041,56.029324643577425,56.25434201162392,100,25250,CE,2024-01-09,0.14
2024-01-09 11:16:00+05:30,5.0,5.02,4.98,5.0,100,25250,PE,2024-01-09,0.14
2024-01-09 11:17:00+05:30,53.62575175916976,53.840254766206435,53.41124875213308,53.62575175916976,100,25250,CE,2024-01-09,0.14
2024-01-09 11:17:00+05:30,5.0,5.02,4.98,5.0,100,25250,PE,2024-01-09,0.14
2024-01-09 11:18:00+05:30,50.155602365923585,50.35622477538728,49.95497995645989,50.155602365923585,100,25250,CE,2024-01-09,0.14
2024-01-09 11:18:00+05:30,5.0,5.02,4.98,5.0,100,25250,PE,2024-01-09,0.14
2024-01-09 11:19:00+05:30,56.40121600347487,56.626820867488775,56.17561113946097,56.40121600347487,100,25250,CE,2024-01-09,0.14
2024-01-09 11:19:00+05:30,5.0,5.02,4.98,5.0,100,25250,PE,2024-01-09,0.14
2024-01-09 11:20:00+05:30,60.19958515734692,60.440383497976306,59.95878681671753,60.19958515734692,100,25250,CE,2024-01-09,0.14
2024-01-09 11:20:00+05:30,5.0,5.02,4.98,5.0,100,25250,PE,2024-01-09,0.14
2024-01-09 11:21:00+05:30,59.512076519495565,59.75012482557355,59.27402821341758,59.512076519495565,100,25250,CE,2024-01-09,0.14
2024-01-09 11:21:00+05:30,5.0,5.02,4.98,5.0,100,25250,PE,2024-01-09,0.14
2024-01-09 11:22:00+05:30,57.66931933990094,57.89999661726054,57.438642062541334,57.66931933990094,100,25250,CE,2024-01-09,0.14
2024-01-09 11:22:00+05:30,5.0,5.02,4.98,5.0,100,25250,PE,2024-01-09,0.14
2024-01-09 11:23:00+05:30,52.170357622175686,52.37903905266439,51.96167619168698,52.170357622175686,100,25250,CE,2024-01-09,0.14
2024-01-09 11:23:00+05:30,5.0,5.02,4.98,5.0,100,25250,PE,2024-01-09,0.14
2024-01-09 11:24:00+05:30,54.866669135074005,55.0861358116143,54.64720245853371,54.866669135074005,100,25250,CE,2024-01-09,0.14
2024-01-09 11:24:00+05:30,5.0,5.02,4.98,5.0,100,25250,PE,2024-01-09,0.14
2024-01-09 11:25:00+05:30,52.761640540906626,52.97268710307025,52.550593978743,52.761640540906626,100,25250,CE,2024-01-09,0.14
2024-01-09 11:25:00+05:30,5.0,5.02,4.98,5.0,100,25250,PE,2024-01-09,0.14
2024-01-09 11:26:00+05:30,60.55630275954212,60.79852797058029,60.31407754850395,60.55630275954212,100,25250,CE,2024-01-09,0.14
2024-01-09 11:26:00+05:30,5.0,5.02,4.98,5.0,100,25250,PE,2024-01-09,0.14
2024-01-09 11:27:00+05:30,54.398632772982126,54.61622730407405,54.1810382418902,54.398632772982126,100,25250,CE,2024-01-09,0.14
2024-01-09 11:27:00+05:30,5.0,5.02,4.98,5.0,100,25250,PE,2024-01-09,0.14
2024-01-09 11:28:00+05:30,56.160602782151216,56.38524519327982,55.93596037102261,56.160602782151216,100,25250,CE,2024-01-09,0.14
2024-01-09 11:28:00+05:30,5.0,5.02,4.98,5.0,100,25250,PE,2024-01-09,0.14
2024-01-09 11:29:00+05:30,61.248766077104335,61.493761141412755,61.003771012795916,61.248766077104335,100,25250,CE,2024-01-09,0.14
2024-01-09 11:29:00+05:30,5.0,5.02,4.98,5.0,100,25250,PE,2024-01-09,0.14
2024-01-09 11:30:00+05:30,59.68269758732134,59.92142837767063,59.443966796972056,59.68269758732134,100,25250,CE,2024-01-09,0.14
2024-01-09 11:30:00+05:30,5.0,5.02,4.98,5.0,100,25250,PE,2024-01-09,0.14
2024-01-09 11:31:00+05:30,67.88526385586778,68.15680491129125,67.61372280044431,67.88526385586778,100,25250,CE,2024-01-09,0.14
2024-01-09 11:31:00+05:30,5.0,5.02,4.98,5.0,100,25250,PE,2024-01-09,0.14
2024-01-09 11:32:00+05:30,72.19225447430694,72.48102349220416,71.90348545640971,72.19225447430694,100,25250,CE,2024-01-09,0.14
2024-01-09 11:32:00+05:30,5.0,5.02,4.98,5.0,100,25250,PE,2024-01-09,0.14
2024-01-09 11:33:00+05:30,76.44612912617816,76.75191364268288,76.14034460967345,76.44612912617816,100,25250,CE,2024-01-09,0.14
2024-01-09 11:33:00+05:30,5.0,5.02,4.98,5.0,100,25250,PE,2024-01-09,0.14
2024-01-09 11:34:00+05:30,73.65521178950843,73.94983263666646,73.3605909423504,73.65521178950843,100,25250,CE,2024-01-09,0.14
2024-01-09 11:34:00+05:30,5.0,5.02,4.98,5.0,100,25250,PE,2024-01-09,0.14
2024-01-09 11:35:00+05:30,78.05707877461867,78.36930708971715,77.7448504595202,78.05707877461867,100,25250,CE,2024-01-09,0.14
2024-01-09 11:35:00+05:30,5.0,5.02,4.98,5.0,100,25250,PE,2024-01-09,0.14
2024-01-09 11:36:00+05:30,82.39184592649366,82.72141331019964,82.06227854278768,82.39184592649366,100,25250,CE,2024-01-09,0.14
2024-01-09 11:36:00+05:30,5.0,5.02,4.98,5.0,100,25250,PE,2024-01-09,0.14
2024-01-09 11:37:00+05:30,83.40534223504659,83.73896360398678,83.0717208661064,83.40534223504659,100,25250,CE,2024-01-09,0.14
2024-01-09 11:37:00+05:30,5.0,5.02,4.98,5.0,100,25250,PE,2024-01-09,0.14
2024-01-09 11:38:00+05:30,90.75685484168065,91.11988226104737,90.39382742231393,90.75685484168065,100,25250,CE,2024-01-09,0.14
2024-01-09 11:38:00+05:30,5.0,5.02,4.98,5.0,100,25250,PE,2024-01-09,0.14
2024-01-09 11:39:00+05:30,92.55823267596173,92.92846560666558,92.18799974525788,92.55823267596173,100,25250,CE,2024-01-09,0.14
2024-01-09 11:39:00+05:30,5.0,5.02,4.98,5.0,100,25250,PE,2024-01-09,0.14
2024-01-09 11:40:00+05:30,84.45502010296553,84.7928401833774,84.11720002255367,84.45502010296553,100,25250,CE,2024-01-09,0.14
2024-01-09 11:40:00+05:30,5.0,5.02,4.98,5.0,100,25250,PE,2024-01-09,0.14
2024-01-09 11:41:00+05:30,86.27728106953185,86.62239019380998,85.93217194525373,86.27728106953185,100,25250,CE,2024-01-09,0.14
2024-01-09 11:41:00+05:30,5.0,5.02,4.98,5.0,100,25250,PE,2024-01-09,0.14
2024-01-09 11:42:00+05:30,93.47195337047782,93.84584118395973,93.0980655569959,93.47195337047782,100,25250,CE,2024-01-09,0.14
2024-01-09 11:42:00+05:30,5.0,5.02,4.98,5.0,100,25250,PE,2024-01-09,0.14
2024-01-09 11:43:00+05:30,91.69462271741071,92.06140120828036,91.32784422654106,91.69462271741071,100,25250,CE,2024-01-09,0.14
2024-01-09 11:43:00+05:30,5.0,5.02,4.98,5.0,100,25250,PE,2024-01-09,0.14
2024-01-09 11:44:00+05:30,95.0676454355766,95.4479160173189,94.68737485383429,95.0676454355766,100,25250,CE,2024-01-09,0.14
2024-01-09 11:44:00+05:30,5.0,5.02,4.98,5.0,100,25250,PE,2024-01-09,0.14
2024-01-09 11:45:00+05:30,93.16765359556342,93.54032420994568,92.79498298118116,93.16765359556342,100,25250,CE,2024-01-09,0.14
2024-01-09 11:45:00+05:30,5.0,5.02,4.98,5.0,100,25250,PE,2024-01-09,0.14
2024-01-09 11:46:00+05:30,93.68631920428965,94.06106448110681,93.31157392747248,93.68631920428965,100,25250,CE,2024-01-09,0.14
2024-01-09 11:46:00+05:30,5.0,5.02,4.98,5.0,100,25250,PE,2024-01-09,0.14
2024-01-09 11:47:00+05:30,83.88443543842044,84.21997318017412,83.54889769666676,83.88443543842044,100,25250,CE,2024-01-09,0.14
2024-01-09 11:47:00+05:30,5.0,5.02,4.98,5.0,100,25250,PE,2024-01-09,0.14
2024-01-09 11:48:00+05:30,77.50899208598679,77.81902805433074,77.19895611764284,77.50899208598679,100,25250,CE,2024-01-09,0.14
2024-01-09 11:48:00+05:30,5.0,5.02,4.98,5.0,100,25250,PE,2024-01-09,0.14
2024-01-09 11:49:00+05:30,76.8836111991572,77.19114564395383,76.57607675436057,76.8836111991572,100,25250,CE,2024-01-09,0.14
2024-01-09 11:49:00+05:30,5.0,5.02,4.98,5.0,100,25250,PE,2024-01-09,0.14
2024-01-09 11:50:00+05:30,75.18779611085705,75.48854729530048,74.88704492641362,75.18779611085705,100,25250,CE,2024-01-09,0.14
2024-01-09 11:50:00+05:30,5.0,5.02,4.98,5.0,100,25250,PE,2024-01-09,0.14
2024-01-09 11:51:00+05:30,68.57348058133579,68.84777450366113,68.29918665901045,68.57348058133579,100,25250,CE,2024-01-09,0.14
2024-01-09 11:51:00+05:30,5.0,5.02,4.98,5.0,100,25250,PE,2024-01-09,0.14
2024-01-09 11:52:00+05:30,71.75356843823323,72.04058271198616,71.4665541644803,71.75356843823323,100,25250,CE,2024-01-09,0.14
2024-01-09 11:52:00+05:30,5.0,5.02,4.98,5.0,100,25250,PE,2024-01-09,0.14
2024-01-09 11:53:00+05:30,73.579222819319,73.87353971059628,73.28490592804172,73.579222819319,100,25250,CE,2024-01-09,0.14
2024-01-09 11:53:00+05:30,5.0,5.02,4.98,5.0,100,25250,PE,2024-01-09,0.14
2024-01-09 11:54:00+05:30,70.70171014720694,70.98451698779577,70.4189033066181,70.70171014720694,100,25250,CE,2024-01-09,0.14
2024-01-09 11:54:00+05:30,5.0,5.02,4.98,5.0,100,25250,PE,2024-01-09,0.14
2024-01-09 11:55:00+05:30,63.28570252275716,63.53884533284819,63.032559712666135,63.28570252275716,100,25250,CE,2024-01-09,0.14
2024-01-09 11:55:00+05:30,5.0,5.02,4.98,5.0,100,25250,PE,2024-01-09,0.14
2024-01-09 11:56:00+05:30,65.94582570238202,66.20960900519155,65.6820423995725,65.94582570238202,100,25250,CE,2024-01-09,0.14
2024-01-09 11:56:00+05:30,5.0,5.02,4.98,5.0,100,25250,PE,2024-01-09,0.14
2024-01-09 11:57:00+05:30,64.51454315306768,64.77260132567994,64.25648498045541,64.51454315306768,100,25250,CE,2024-01-09,0.14
2024-01-09 11:57:00+05:30,5.0,5.02,4.98,5.0,100,25250,PE,2024-01-09,0.14
2024-01-09 11:58:00+05:30,67.73642336939923,68.00736906287683,67.46547767592163,67.73642336939923,100,25250,CE,2024-01-09,0.14
2024-01-09 11:58:00+05:30,5.0,5.02,4.98,5.0,100,25250,PE,2024-01-09,0.14
2024-01-09 11:59:00+05:30,72.48442513568119,72.77436283622391,72.19448743513847,72.48442513568119,100,25250,CE,2024-01-09,0.14
2024-01-09 11:59:00+05:30,5.0,5.02,4.98,5.0,100,25250,PE,2024-01-09,0.14
2024-01-09 12:00:00+05:30,71.5721392872187,71.85842784436758,71.28585073006982,71.5721392872187,100,25250,CE,2024-01-09,0.14
2024-01-09 12:00:00+05:30,5.0,5.02,4.98,5.0,100,25250,PE,2024-01-09,0.14
2024-01-09 12:01:00+05:30,71.08828629057865,71.37263943574096,70.80393314541634,71.08828629057865,100,25250,CE,2024-01-09,0.14
2024-01-09 12:01:00+05:30,5.0,5.02,4.98,5.0,100,25250,PE,2024-01-09,0.14
2024-01-09 12:02:00+05:30,74.3682964803815,74.66576966630304,74.07082329445997,74.3682964803815,100,25250,CE,2024-01-09,0.14
2024-01-09 12:02:00+05:30,5.0,5.02,4.98,5.0,100,25250,PE,2024-01-09,0.14
2024-01-09 12:03:00+05:30,73.74392227622997,74.03889796533488,73.44894658712505,73.74392227622997,100,25250,CE,2024-01-09,0.14
2024-01-09 12:03:00+05:30,5.0,5.02,4.98,5.0,100,25250,PE,2024-01-09,0.14
2024-01-09 12:04:00+05:30,66.53673922563979,66.80288618254235,66.27059226873723,66.53673922563979,100,25250,CE,2024-01-09,0.14
2024-01-09 12:04:00+05:30,5.0,5.02,4.98,5.0,100,25250,PE,2024-01-09,0.14
2024-01-09 12:05:00+05:30,69.16777217120256,69.44444325988736,68.89110108251775,69.16777217120256,100,25250,CE,2024-01-09,0.14
2024-01-09 12:05:00+05:30,5.0,5.02,4.98,5.0,100,25250,PE,2024-01-09,0.14
2024-01-09 12:06:00+05:30,70.66696367657863,70.94963153128495,70.38429582187231,70.66696367657863,100,25250,CE,2024-01-09,0.14
2024-01-09 12:06:00+05:30,5.0,5.02,4.98,5.0,100,25250,PE,2024-01-09,0.14
2024-01-09 12:07:00+05:30,68.75185498197283,69.02686240190071,68.47684756204494,68.75185498197283,100,25250,CE,2024-01-09,0.14
2024-01-09 12:07:00+05:30,5.0,5.02,4.98,5.0,100,25250,PE,2024-01-09,0.14
2024-01-09 12:08:00+05:30,70.99588919569254,71.27987275247531,70.71190563890977,70.99588919569254,100,25250,CE,2024-01-09,0.14
2024-01-09 12:08:00+05:30,5.0,5.02,4.98,5.0,100,25250,PE,2024-01-09,0.14
2024-01-09 12:09:00+05:30,69.77772489173589,70.05683579130283,69.49861399216894,69.77772489173589,100,25250,CE,2024-01-09,0.14
2024-01-09 12:09:00+05:30,5.0,5.02,4.98,5.0,100,25250,PE,2024-01-09,0.14
2024-01-09 12:10:00+05:30,68.43613068666349,68.70987520941014,68.16238616391684,68.43613068666349,100,25250,CE,2024-01-09,0.14
2024-01-09 12:10:00+05:30,5.0,5.02,4.98,5.0,100,25250,PE,2024-01-09,0.14
2024-01-09 12:11:00+05:30,71.67756767616123,71.96427794686588,71.39085740545659,71.67756767616123,100,25250,CE,2024-01-09,0.14
2024-01-09 12:11:00+05:30,5.0,5.02,4.98,5.0,100,25250,PE,2024-01-09,0.14
2024-01-09 12:12:00+05:30,66.60338408154388,66.86979761787005,66.33697054521771,66.60338408154388,100,25250,CE,2024-01-09,0.14
2024-01-09 12:12:00+05:30,5.0,5.02,4.98,5.0,100,25250,PE,2024-01-09,0.14
2024-01-09 12:13:00+05:30,60.590622153830225,60.832984642445545,60.348259665214904,60.590622153830225,100,25250,CE,2024-01-09,0.14
2024-01-09 12:13:00+05:30,5.0,5.02,4.98,5.0,100,25250,PE,2024-01-09,0.14
2024-01-09 12:14:00+05:30,60.16227240568736,60.40292149531011,59.92162331606461,60.16227240568736,100,25250,CE,2024-01-09,0.14
2024-01-09 12:14:00+05:30,5.0,5.02,4.98,5.0,100,25250,PE,2024-01-09,0.14
2024-01-09 12:15:00+05:30,55.26818897612651,55.48926173203102,55.047116220222,55.26818897612651,100,25250,CE,2024-01-09,0.14
2024-01-09 12:15:00+05:30,5.0,5.02,4.98,5.0,100,25250,PE,2024-01-09,0.14
2024-01-09 12:16:00+05:30,58.70597374128596,58.940797636251105,58.47114984632081,58.70597374128596,100,25250,CE,2024-01-09,0.14
2024-01-09 12:16:00+05:30,5.0,5.02,4.98,5.0,100,25250,PE,2024-01-09,0.14
2024-01-09 12:17:00+05:30,56.00037392816597,56.224375423878634,55.77637243245331,56.00037392816597,100,25250,CE,2024-01-09,0.14
2024-01-09 12:17:00+05:30,5.0,5.02,4.98,5.0,100,25250,PE,2024-01-09,0.14
2024-01-09 12:18:00+05:30,49.51078738920336,49.708830538760175,49.31274423964654,49.51078738920336,100,25250,CE,2024-01-09,0.14
2024-01-09 12:18:00+05:30,5.0,5.02,4.98,5.0,100,25250,PE,2024-01-09,0.14
2024-01-09 12:19:00+05:30,48.09322438064231,48.28559727816488,47.900851483119745,48.09322438064231,100,25250,CE,2024-01-09,0.14
2024-01-09 12:19:00+05:30,5.0,5.02,4.98,5.0,100,25250,PE,2024-01-09,0.14
2024-01-09 12:20:00+05:30,39.691323476392824,39.8500887702984,39.53255818248725,39.691323476392824,100,25250,CE,2024-01-09,0.14
2024-01-09 12:20:00+05:30,12.666288414632103,12.71695356829063,12.615623260973575,12.666288414632103,100,25250,PE,2024-01-09,0.14
2024-01-09 12:21:00+05:30,45.0308073791461,45.21093060866268,44.850684149629515,45.0308073791461,100,25250,CE,2024-01-09,0.14
2024-01-09 12:21:00+05:30,7.32680451187883,7.356111729926345,7.297497293831315,7.32680451187883,100,25250,PE,2024-01-09,0.14
2024-01-09 12:22:00+05:30,45.035000179607266,45.2151401803257,44.854860178888835,45.035000179607266,100,25250,CE,2024-01-09,0.14
2024-01-09 12:22:00+05:30,7.322611711417661,7.351902158263331,7.293321264571991,7.322611711417661,100,25250,PE,2024-01-09,0.14
2024-01-09 12:23:00+05:30,47.752913005410335,47.94392465743198,47.56190135338869,47.752913005410335,100,25250,CE,2024-01-09,0.14
2024-01-09 12:23:00+05:30,5.0,5.02,4.98,5.0,100,25250,PE,2024-01-09,0.14
2024-01-09 12:24:00+05:30,49.849896761814705,50.049296348861965,49.650497174767445,49.849896761814705,100,25250,CE,2024-01-09,0.14
2024-01-09 12:24:00+05:30,5.0,5.02,4.98,5.0,100,25250,PE,2024-01-09,0.14
2024-01-09 12:25:00+05:30,50.73292031987552,50.93585200115502,50.529988638596016,50.73292031987552,100,25250,CE,2024-01-09,0.14
2024-01-09 12:25:00+05:30,5.0,5.02,4.98,5.0,100,25250,PE,2024-01-09,0.14
2024-01-09 12:26:00+05:30,46.86770725114587,47.055178080150455,46.68023642214129,46.86770725114587,100,25250,CE,2024-01-09,0.14
2024-01-09 12:26:00+05:30,5.489904639879054,5.51186425843857,5.4679450213195375,5.489904639879054,100,25250,PE,2024-01-09,0.14
2024-01-09 12:27:00+05:30,49.98487280076955,50.18481229197263,49.784933309566476,49.98487280076955,100,25250,CE,2024-01-09,0.14
2024-01-09 12:27:00+05:30,5.0,5.02,4.98,5.0,100,25250,PE,2024-01-09,0.14
2024-01-09 12:28:00+05:30,48.83307764829664,49.028409958889824,48.63774533770345,48.83307764829664,100,25250,CE,2024-01-09,0.14
2024-01-09 12:28:00+05:30,5.0,5.02,4.98,5.0,100,25250,PE,2024-01-09,0.14
2024-01-09 12:29:00+05:30,46.02814857611378,46.21226117041824,45.84403598180932,46.02814857611378,100,25250,CE,2024-01-09,0.14
2024-01-09 12:29:00+05:30,6.329463314911148,6.354781168170793,6.304145461651504,6.329463314911148,100,25250,PE,2024-01-09,0.14
2024-01-09 12:30:00+05:30,38.3610895089318,38.514533866967525,38.20764515089607,38.3610895089318,100,25250,CE,2024-01-09,0.14
2024-01-09 12:30:00+05:30,13.99652238209313,14.052508471621502,13.940536292564756,13.99652238209313,100,25250,PE,2024-01-09,0.14
2024-01-09 12:31:00+05:30,43.36874062419378,43.54221558669055,43.195265661697,43.36874062419378,100,25250,CE,2024-01-09,0.14
2024-01-09 12:31:00+05:30,8.98887126683115,9.024826751898475,8.952915781763826,8.98887126683115,100,25250,PE,2024-01-09,0.14
2024-01-09 12:32:00+05:30,42.58268433913912,42.75301507649568,42.41235360178256,42.58268433913912,100,25250,CE,2024-01-09,0.14
2024-01-09 12:32:00+05:30,9.774927551885806,9.814027262093349,9.735827841678264,9.774927551885806,100,25250,PE,2024-01-09,0.14
2024-01-09 12:33:00+05:30,41.12257256112247,41.287062851366954,40.95808227087798,41.12257256112247,100,25250,CE,2024-01-09,0.14
2024-01-09 12:33:00+05:30,11.23503932990246,11.27997948722207,11.19009917258285,11.23503932990246,100,25250,PE,2024-01-09,0.14
2024-01-09 12:34:00+05:30,33.95637600282538,34.09220150683668,33.82055049881408,33.95637600282538,100,25250,CE,2024-01-09,0.14
2024-01-09 12:34:00+05:30,18.401235888199547,18.474840831752346,18.32763094464675,18.401235888199547,100,25250,PE,2024-01-09,0.14
2024-01-09 12:35:00+05:30,37.63903858604175,37.789594740385915,37.488482431697584,37.63903858604175,100,25250,CE,2024-01-09,0.14
2024-01-09 12:35:00+05:30,14.718573304983178,14.77744759820311,14.659699011763244,14.718573304983178,100,25250,PE,2024-01-09,0.14
2024-01-09 12:36:00+05:30,37.32973438891389,37.47905332646955,37.180415451358236,37.32973438891389,100,25250,CE,2024-01-09,0.14
2024-01-09 12:36:00+05:30,15.027877502111036,15.087989012119479,14.967765992102592,15.027877502111036,100,25250,PE,2024-01-09,0.14
2024-01-09 12:37:00+05:30,41.29749568501069,41.46268566775073,41.13230570227064,41.29749568501069,100,25250,CE,2024-01-09,0.14
2024-01-09 12:37:00+05:30,11.06011620601424,11.104356670838296,11.015875741190182,11.06011620601424,100,25250,PE,2024-01-09,0.14
2024-01-09 12:38:00+05:30,41.2734110309288,41.43850467505251,41.10831738680508,41.2734110309288,100,25250,CE,2024-01-09,0.14
2024-01-09 12:38:00+05:30,11.084200860096129,11.128537663536513,11.039864056655745,11.084200860096129,100,25250,PE,2024-01-09,0.14
2024-01-09 12:39:00+05:30,38.14502112247504,38.29760120696494,37.992441037985145,38.14502112247504,100,25250,CE,2024-01-09,0.14
2024-01-09 12:39:00+05:30,14.212590768549884,14.269441131624083,14.155740405475685,14.212590768549884,100,25250,PE,2024-01-09,0.14
2024-01-09 12:40:00+05:30,40.430243556864696,40.59196453109215,40.26852258263724,40.430243556864696,100,25250,CE,2024-01-09,0.14
2024-01-09 12:40:00+05:30,11.927368334160231,11.975077807496872,11.879658860823591,11.927368334160231,100,25250,PE,2024-01-09,0.14
2024-01-09 12:41:00+05:30,34.55778460183723,34.696015740244576,34.41955346342988,34.55778460183723,100,25250,CE,2024-01-09,0.14
2024-01-09 12:41:00+05:30,17.7998272891877,17.87102659834445,17.72862798003095,17.7998272891877,100,25250,PE,2024-01-09,0.14
2024-01-09 12:42:00+05:30,28.751835507590325,28.866842849620685,28.636828165559965,28.751835507590325,100,25250,CE,2024-01-09,0.14
2024-01-09 12:42:00+05:30,23.6057763834346,23.700199488968337,23.51135327790086,23.6057763834346,100,25250,PE,2024-01-09,0.14
2024-01-09 12:43:00+05:30,28.606599942617716,28.72102634238819,28.492173542847244,28.606599942617716,100,25250,CE,2024-01-09,0.14
2024-01-09 12:43:00+05:30,23.751011948407207,23.846015996200837,23.656007900613577,23.751011948407207,100,25250,PE,2024-01-09,0.14
2024-01-09 12:44:00+05:30,31.559549356820238,31.68578755424752,31.433311159392957,31.559549356820238,100,25250,CE,2024-01-09,0.14
2024-01-09 12:44:00+05:30,20.798062534204686,20.881254784341504,20.714870284067867,20.798062534204686,100,25250,PE,2024-01-09,0.14
2024-01-09 12:45:00+05:30,35.924767214643396,36.06846628350197,35.78106814578482,35.924767214643396,100,25250,CE,2024-01-09,0.14
2024-01-09 12:45:00+05:30,16.43284467638153,16.498576055087057,16.367113297676006,16.43284467638153,100,25250,PE,2024-01-09,0.14
2024-01-09 12:46:00+05:30,35.688992901576455,35.83174887318276,35.54623692997015,35.688992901576455,100,25250,CE,2024-01-09,0.14
2024-01-09 12:46:00+05:30,16.668618989448472,16.735293465406265,16.60194451349068,16.668618989448472,100,25250,PE,2024-01-09,0.14
2024-01-09 12:47:00+05:30,35.355459682672915,35.49688152140361,35.21403784394222,35.355459682672915,100,25250,CE,2024-01-09,0.14
2024-01-09 12:47:00+05:30,17.002152208352012,17.07016081718542,16.934143599518602,17.002152208352012,100,25250,PE,2024-01-09,0.14
2024-01-09 12:48:00+05:30,36.24921980352195,36.394216682736044,36.10422292430786,36.24921980352195,100,25250,CE,2024-01-09,0.14
2024-01-09 12:48:00+05:30,16.108392087502974,16.172825655852986,16.043958519152962,16.108392087502974,100,25250,PE,2024-01-09,0.14
2024-01-09 12:49:00+05:30,35.57567741453971,35.71798012419787,35.43337470488155,35.57567741453971,100,25250,CE,2024-01-09,0.14
2024-01-09 12:49:00+05:30,16.781934476485215,16.849062214391157,16.714806738579274,16.781934476485215,100,25250,PE,2024-01-09,0.14
2024-01-09 12:50:00+05:30,33.77544404821532,33.91054582440818,33.64034227202246,33.77544404821532,100,25250,CE,2024-01-09,0.14
2024-01-09 12:50:00+05:30,18.582167842809607,18.656496514180844,18.50783917143837,18.582167842809607,100,25250,PE,2024-01-09,0.14
2024-01-09 12:51:00+05:30,35.79061502426924,35.93377748436632,35.64745256417217,35.79061502426924,100,25250,CE,2024-01-09,0.14
2024-01-09 12:51:00+05:30,16.566996866755684,16.633264854222706,16.500728879288662,16.566996866755684,100,25250,PE,2024-01-09,0.14
2024-01-09 12:52:00+05:30,33.98120516708917,34.11712998775753,33.845280346420815,33.98120516708917,100,25250,CE,2024-01-09,0.14
2024-01-09 12:52:00+05:30,18.376406723935755,18.449912350831497,18.302901097040014,18.376406723935755,100,25250,PE,2024-01-09,0.14
2024-01-09 12:53:00+05:30,33.269894950852574,33.40297453065598,33.13681537104917,33.269894950852574,100,25250,CE,2024-01-09,0.14
2024-01-09 12:53:00+05:30,19.087716940172353,19.16406780793304,19.011366072411665,19.087716940172353,100,25250,PE,2024-01-09,0.14
2024-01-09 12:54:00+05:30,37.94045511033295,38.09221693077428,37.78869328989162,37.94045511033295,100,25250,CE,2024-01-09,0.14
2024-01-09 12:54:00+05:30,14.417156780691979,14.474825407814746,14.359488153569211,14.417156780691979,100,25250,PE,2024-01-09,0.14
2024-01-09 12:55:00+05:30,38.895745367758025,39.05132834922906,38.74016238628699,38.895745367758025,100,25250,CE,2024-01-09,0.14
2024-01-09 12:55:00+05:30,13.461866523266902,13.51571398935997,13.408019057173835,13.461866523266902,100,25250,PE,2024-01-09,0.14
2024-01-09 12:56:00+05:30,37.034454911520186,37.18259273116627,36.886317091874105,37.034454911520186,100,25250,CE,2024-01-09,0.14
2024-01-09 12:56:00+05:30,15.323156979504741,15.384449607422761,15.261864351586722,15.323156979504741,100,25250,PE,2024-01-09,0.14
2024-01-09 12:57:00+05:30,39.80045904929506,39.95966088549224,39.64125721309787,39.80045904929506,100,25250,CE,2024-01-09,0.14
2024-01-09 12:57:00+05:30,12.55715284172987,12.60738145309679,12.50692423036295,12.55715284172987,100,25250,PE,2024-01-09,0.14
2024-01-09 12:58:00+05:30,39.375165440911985,39.532666102675634,39.217664779148336,39.375165440911985,100,25250,CE,2024-01-09,0.14
2024-01-09 12:58:00+05:30,12.982446450112942,13.034376235913394,12.93051666431249,12.982446450112942,100,25250,PE,2024-01-09,0.14
2024-01-09 12:59:00+05:30,42.06423244122601,42.23248937099091,41.89597551146111,42.06423244122601,100,25250,CE,2024-01-09,0.14
2024-01-09 12:59:00+05:30,10.293379449798916,10.334552967598112,10.25220593199972,10.293379449798916,100,25250,PE,2024-01-09,0.14
2024-01-09 13:00:00+05:30,38.899618469648374,39.055216943526965,38.74401999576978,38.899618469648374,100,25250,CE,2024-01-09,0.14
2024-01-09 13:00:00+05:30,13.457993421376553,13.51182539506206,13.404161447691047,13.457993421376553,100,25250,PE,2024-01-09,0.14
2024-01-09 13:01:00+05:30,36.0699948291371,36.21427480845365,35.92571484982055,36.0699948291371,100,25250,CE,2024-01-09,0.14
2024-01-09 13:01:00+05:30,16.287617061887826,16.352767530135377,16.222466593640274,16.287617061887826,100,25250,PE,2024-01-09,0.14
2024-01-09 13:02:00+05:30,30.75035829318443,30.87335972635717,30.62735686001169,30.75035829318443,100,25250,CE,2024-01-09,0.14
2024-01-09 13:02:00+05:30,21.607253597840494,21.693682612231857,21.52082458344913,21.607253597840494,100,25250,PE,2024-01-09,0.14
2024-01-09 13:03:00+05:30,35.12728920338344,35.26779836019698,34.986780046569905,35.12728920338344,100,25250,CE,2024-01-09,0.14
2024-01-09 13:03:00+05:30,17.230322687641486,17.299243978392052,17.16140139689092,17.230322687641486,100,25250,PE,2024-01-09,0.14
2024-01-09 13:04:00+05:30,40.565581648225304,40.72784397481821,40.4033193216324,40.565581648225304,100,25250,CE,2024-01-09,0.14
2024-01-09 13:04:00+05:30,11.792030242799623,11.839198363770821,11.744862121828424,11.792030242799623,100,25250,PE,2024-01-09,0.14
2024-01-09 13:05:00+05:30,45.191502510466705,45.37226852050857,45.01073650042484,45.191502510466705,100,25250,CE,2024-01-09,0.14
2024-01-09 13:05:00+05:30,7.166109380558222,7.194773818080455,7.137444943035989,7.166109380558222,100,25250,PE,2024-01-09,0.14
2024-01-09 13:06:00+05:30,46.64448527037024,46.83106321145172,46.45790732928876,46.64448527037024,100,25250,CE,2024-01-09,0.14
2024-01-09 13:06:00+05:30,5.713126620654688,5.735979127137306,5.690274114172069,5.713126620654688,100,25250,PE,2024-01-09,0.14
2024-01-09 13:07:00+05:30,47.502252612889095,47.69226162334065,47.31224360243754,47.502252612889095,100,25250,CE,2024-01-09,0.14
2024-01-09 13:07:00+05:30,5.0,5.02,4.98,5.0,100,25250,PE,2024-01-09,0.14
2024-01-09 13:08:00+05:30,46.70878920576109,46.89562436258414,46.52195404893805,46.70878920576109,100,25250,CE,2024-01-09,0.14
2024-01-09 13:08:00+05:30,5.648822685263834,5.671417976004889,5.626227394522779,5.648822685263834,100,25250,PE,2024-01-09,0.14
2024-01-09 13:09:00+05:30,49.0251871797322,49.221287928451126,48.82908643101327,49.0251871797322,100,25250,CE,2024-01-09,0.14
2024-01-09 13:09:00+05:30,5.0,5.02,4.98,5.0,100,25250,PE,2024-01-09,0.14
2024-01-09 13:10:00+05:30,48.41840484332937,48.61207846270269,48.22473122395605,48.41840484332937,100,25250,CE,2024-01-09,0.14
2024-01-09 13:10:00+05:30,5.0,5.02,4.98,5.0,100,25250,PE,2024-01-09,0.14
2024-01-09 13:11:00+05:30,44.66731317005946,44.845982422739695,44.48864391737922,44.66731317005946,100,25250,CE,2024-01-09,0.14
2024-01-09 13:11:00+05:30,7.690298720965469,7.721059915849331,7.659537526081607,7.690298720965469,100,25250,PE,2024-01-09,0.14
2024-01-09 13:12:00+05:30,48.54294370701285,48.7371154818409,48.3487719321848,48.54294370701285,100,25250,CE,2024-01-09,0.14
2024-01-09 13:12:00+05:30,5.0,5.02,4.98,5.0,100,25250,PE,2024-01-09,0.14
2024-01-09 13:13:00+05:30,52.03573596681821,52.24387891068548,51.827593022950936,52.03573596681821,100,25250,CE,2024-01-09,0.14
2024-01-09 13:13:00+05:30,5.0,5.02,4.98,5.0,100,25250,PE,2024-01-09,0.14
2024-01-09 13:14:00+05:30,54.11906146075347,54.33553770659648,53.90258521491046,54.11906146075347,100,25250,CE,2024-01-09,0.14
2024-01-09 13:14:00+05:30,5.0,5.02,4.98,5.0,100,25250,PE,2024-01-09,0.14
2024-01-09 13:15:00+05:30,53.956058161344515,54.1718823939899,53.74023392869913,53.956058161344515,100,25250,CE,2024-01-09,0.14
2024-01-09 13:15:00+05:30,5.0,5.02,4.98,5.0,100,25250,PE,2024-01-09,0.14
2024-01-09 13:16:00+05:30,52.595422455088226,52.80580414490858,52.385040765267874,52.595422455088226,100,25250,CE,2024-01-09,0.14
2024-01-09 13:16:00+05:30,5.0,5.02,4.98,5.0,100,25250,PE,2024-01-09,0.14
2024-01-09 13:17:00+05:30,53.034697439652916,53.24683622941153,52.822558649894304,53.034697439652916,100,25250,CE,2024-01-09,0.14
2024-01-09 13:17:00+05:30,5.0,5.02,4.98,5.0,100,25250,PE,2024-01-09,0.14
2024-01-09 13:18:00+05:30,53.90948481101299,54.12512275025704,53.69384687176893,53.90948481101299,100,25250,CE,2024-01-09,0.14
2024-01-09 13:18:00+05:30,5.0,5.02,4.98,5.0,100,25250,PE,2024-01-09,0.14
2024-01-09 13:19:00+05:30,49.57399863787981,49.77229463243133,49.37570264332829,49.57399863787981,100,25250,CE,2024-01-09,0.14
2024-01-09 13:19:00+05:30,5.0,5.02,4.98,5.0,100,25250,PE,2024-01-09,0.14
2024-01-09 13:20:00+05:30,47.93252801971397,48.12425813179283,47.74079790763511,47.93252801971397,100,25250,CE,2024-01-09,0.14
2024-01-09 13:20:00+05:30,5.0,5.02,4.98,5.0,100,25250,PE,2024-01-09,0.14
2024-01-09 13:21:00+05:30,44.00977311180071,44.18581220424792,43.83373401935351,44.00977311180071,100,25250,CE,2024-01-09,0.14
2024-01-09 13:21:00+05:30,8.347838779224215,8.381230134341113,8.314447424107318,8.347838779224215,100,25250,PE,2024-01-09,0.14
2024-01-09 13:22:00+05:30,48.288349414886795,48.481502812546346,48.095196017227245,48.288349414886795,100,25250,CE,2024-01-09,0.14
2024-01-09 13:22:00+05:30,5.0,5.02,4.98,5.0,100,25250,PE,2024-01-09,0.14
2024-01-09 13:23:00+05:30,43.25282045424541,43.42583173606239,43.079809172428426,43.25282045424541,100,25250,CE,2024-01-09,0.14
2024-01-09 13:23:00+05:30,9.104791436779518,9.141210602526636,9.0683722710324,9.104791436779518,100,25250,PE,2024-01-09,0.14
2024-01-09 13:24:00+05:30,38.759308949462536,38.914346185260385,38.60427171366469,38.759308949462536,100,25250,CE,2024-01-09,0.14
2024-01-09 13:24:00+05:30,13.598302941562391,13.652696153328641,13.543909729796141,13.598302941562391,100,25250,PE,2024-01-09,0.14
2024-01-09 13:25:00+05:30,35.48504913237633,35.626989328905836,35.34310893584683,35.48504913237633,100,25250,CE,2024-01-09,0.14
2024-01-09 13:25:00+05:30,16.872562758648595,16.94005300968319,16.805072507614,16.872562758648595,100,25250,PE,2024-01-09,0.14
2024-01-09 13:26:00+05:30,36.147458689536904,36.292048524295055,36.002868854778754,36.147458689536904,100,25250,CE,2024-01-09,0.14
2024-01-09 13:26:00+05:30,16.210153201488023,16.274993814293975,16.14531258868207,16.210153201488023,100,25250,PE,2024-01-09,0.14
2024-01-09 13:27:00+05:30,32.70016133739813,32.83096198274772,32.569360692048534,32.70016133739813,100,25250,CE,2024-01-09,0.14
2024-01-09 13:27:00+05:30,19.6574505536268,19.736080355841306,19.57882075141229,19.6574505536268,100,25250,PE,2024-01-09,0.14
2024-01-09 13:28:00+05:30,39.371612494753606,39.529098944732624,39.21412604477459,39.371612494753606,100,25250,CE,2024-01-09,0.14
2024-01-09 13:28:00+05:30,12.985999396271321,13.037943393856407,12.934055398686235,12.985999396271321,100,25250,PE,2024-01-09,0.14
2024-01-09 13:29:00+05:30,42.18451176583807,42.35324981290142,42.01577371877472,42.18451176583807,100,25250,CE,2024-01-09,0.14
2024-01-09 13:29:00+05:30,10.17310012518686,10.213792525687607,10.132407724686113,10.17310012518686,100,25250,PE,2024-01-09,0.14
2024-01-09 13:30:00+05:30,33.18696121627221,33.319709061137296,33.05421337140712,33.18696121627221,100,25250,CE,2024-01-09,0.14
2024-01-09 13:30:00+05:30,19.170650674752718,19.24733327745173,19.093968072053705,19.170650674752718,100,25250,PE,2024-01-09,0.14
2024-01-09 13:31:00+05:30,34.07440550776522,34.21070312979628,33.93810788573416,34.07440550776522,100,25250,CE,2024-01-09,0.14
2024-01-09 13:31:00+05:30,18.283206383259706,18.356339208792747,18.210073557726666,18.283206383259706,100,25250,PE,2024-01-09,0.14
2024-01-09 13:32:00+05:30,35.42647982852071,35.5681857478348,35.28477390920663,35.42647982852071,100,25250,CE,2024-01-09,0.14
2024-01-09 13:32:00+05:30,16.931132062504215,16.998856590754233,16.863407534254197,16.931132062504215,100,25250,PE,2024-01-09,0.14
2024-01-09 13:33:00+05:30,30.693486559576225,30.81626050581453,30.57071261333792,30.693486559576225,100,25250,CE,2024-01-09,0.14
2024-01-09 13:33:00+05:30,21.664125331448698,21.750781832774493,21.577468830122903,21.664125331448698,100,25250,PE,2024-01-09,0.14
2024-01-09 13:34:00+05:30,30.385798158388237,30.50734135102179,30.264254965754684,30.385798158388237,100,25250,CE,2024-01-09,0.14
2024-01-09 13:34:00+05:30,21.971813732636686,22.059700987567233,21.88392647770614,21.971813732636686,100,25250,PE,2024-01-09,0.14
2024-01-09 13:35:00+05:30,30.735334329507563,30.85827566682559,30.612392992189534,30.735334329507563,100,25250,CE,2024-01-09,0.14
2024-01-09 13:35:00+05:30,21.62227756151736,21.70876667176343,21.53578845127129,21.62227756151736,100,25250,PE,2024-01-09,0.14
2024-01-09 13:36:00+05:30,28.348991986721042,28.46238795466793,28.235596018774157,28.348991986721042,100,25250,CE,2024-01-09,0.14
2024-01-09 13:36:00+05:30,24.00861990430388,24.104654383921098,23.912585424686664,24.00861990430388,100,25250,PE,2024-01-09,0.14
2024-01-09 13:37:00+05:30,27.989911032457197,28.101870676587026,27.877951388327368,27.989911032457197,100,25250,CE,2024-01-09,0.14
2024-01-09 13:37:00+05:30,24.367700858567726,24.465171662001996,24.270230055133457,24.367700858567726,100,25250,PE,2024-01-09,0.14
2024-01-09 13:38:00+05:30,29.28065703637952,29.39777966452504,29.163534408234,29.28065703637952,100,25250,CE,2024-01-09,0.14
2024-01-09 13:38:00+05:30,23.076954854645404,23.169262674063987,22.98464703522682,23.076954854645404,100,25250,PE,2024-01-09,0.14
2024-01-09 13:39:00+05:30,27.361424944933272,27.470870644713006,27.25197924515354,27.361424944933272,100,25250,CE,2024-01-09,0.14
2024-01-09 13:39:00+05:30,24.99618694609165,25.096171693876016,24.896202198307286,24.99618694609165,100,25250,PE,2024-01-09,0.14
2024-01-09 13:40:00+05:30,27.140664020855578,27.249226676939,27.032101364772156,27.140664020855578,100,25250,CE,2024-01-09,0.14
2024-01-09 13:40:00+05:30,25.216947870169346,25.317815661650023,25.116080078688668,25.216947870169346,100,25250,PE,2024-01-09,0.14
2024-01-09 13:41:00+05:30,22.626520959709918,22.717027043548757,22.53601487587108,22.626520959709918,100,25250,CE,2024-01-09,0.14
2024-01-09 13:41:00+05:30,29.731090931315006,29.850015295040265,29.612166567589746,29.731090931315006,100,25250,PE,2024-01-09,0.14
2024-01-09 13:42:00+05:30,25.00517410636024,25.105194802785682,24.905153409934798,25.00517410636024,100,25250,CE,2024-01-09,0.14
2024-01-09 13:42:00+05:30,27.352437784664684,27.461847535803344,27.243028033526024,27.352437784664684,100,25250,PE,2024-01-09,0.14
2024-01-09 13:43:00+05:30,22.61745005289634,22.707919853107928,22.526980252684755,22.61745005289634,100,25250,CE,2024-01-09,0.14
2024-01-09 13:43:00+05:30,29.740161838128582,29.859122485481098,29.621201190776066,29.740161838128582,100,25250,PE,2024-01-09,0.14
2024-01-09 13:44:00+05:30,27.209700215952065,27.318539016815873,27.100861415088257,27.209700215952065,100,25250,CE,2024-01-09,0.14
2024-01-09 13:44:00+05:30,25.14791167507286,25.24850332177315,25.047320028372567,25.14791167507286,100,25250,PE,2024-01-09,0.14
2024-01-09 13:45:00+05:30,34.99123671088677,35.131201657730315,34.85127176404322,34.99123671088677,100,25250,CE,2024-01-09,0.14
2024-01-09 13:45:00+05:30,17.36637518013816,17.435840680858714,17.296909679417606,17.36637518013816,100,25250,PE,2024-01-09,0.14
2024-01-09 13:46:00+05:30,41.32000733121134,41.48528736053619,41.154727301886496,41.32000733121134,100,25250,CE,2024-01-09,0.14
2024-01-09 13:46:00+05:30,11.037604559813584,11.081754978052839,10.993454141574329,11.037604559813584,100,25250,PE,2024-01-09,0.14
2024-01-09 13:47:00+05:30,39.58009874596286,39.73841914094671,39.421778350979004,39.58009874596286,100,25250,CE,2024-01-09,0.14
2024-01-09 13:47:00+05:30,12.77751314506207,12.828623197642319,12.72640309248182,12.77751314506207,100,25250,PE,2024-01-09,0.14
2024-01-09 13:48:00+05:30,41.20974835929195,41.374587352729115,41.044909365854785,41.20974835929195,100,25250,CE,2024-01-09,0.14
2024-01-09 13:48:00+05:30,11.147863531732977,11.192454985859909,11.103272077606045,11.147863531732977,100,25250,PE,2024-01-09,0.14
2024-01-09 13:49:00+05:30,40.2349616600099,40.39590150664994,40.07402181336986,40.2349616600099,100,25250,CE,2024-01-09,0.14
2024-01-09 13:49:00+05:30,12.122650231015026,12.171140831939086,12.074159630090966,12.122650231015026,100,25250,PE,2024-01-09,0.14
2024-01-09 13:50:00+05:30,41.97583123489534,42.14373455983492,41.80792790995576,41.97583123489534,100,25250,CE,2024-01-09,0.14
2024-01-09 13:50:00+05:30,10.381780656129589,10.423307778754108,10.34025353350507,10.381780656129589,100,25250,PE,2024-01-09,0.14
2024-01-09 13:51:00+05:30,38.8528496877247,39.0082610864756,38.6974382889738,38.8528496877247,100,25250,CE,2024-01-09,0.14
2024-01-09 13:51:00+05:30,13.504762203300228,13.558781252113429,13.450743154487027,13.504762203300228,100,25250,PE,2024-01-09,0.14
2024-01-09 13:52:00+05:30,35.032217455933676,35.17234632575741,34.89208858610994,35.032217455933676,100,25250,CE,2024-01-09,0.14
2024-01-09 13:52:00+05:30,17.32539443509125,17.394696012831616,17.256092857350886,17.32539443509125,100,25250,PE,2024-01-09,0.14
2024-01-09 13:53:00+05:30,34.83620518876381,34.97555000951887,34.69686036800876,34.83620518876381,100,25250,CE,2024-01-09,0.14
2024-01-09 13:53:00+05:30,17.521406702261114,17.59149232907016,17.451321075452068,17.521406702261114,100,25250,PE,2024-01-09,0.14
2024-01-09 13:54:00+05:30,31.810104720072953,31.937345138953244,31.682864301192662,31.810104720072953,100,25250,CE,2024-01-09,0.14
2024-01-09 13:54:00+05:30,20.54750717095197,20.62969719963578,20.465317142268162,20.54750717095197,100,25250,PE,2024-01-09,0.14
2024-01-09 13:55:00+05:30,36.42866934202215,36.57438401939024,36.282954664654056,36.42866934202215,100,25250,CE,2024-01-09,0.14
2024-01-09 13:55:00+05:30,15.92894254900278,15.992658319198792,15.865226778806768,15.92894254900278,100,25250,PE,2024-01-09,0.14
2024-01-09 13:56:00+05:30,39.15535220512214,39.311973613942634,38.99873079630165,39.15535220512214,100,25250,CE,2024-01-09,0.14
2024-01-09 13:56:00+05:30,13.202259685902785,13.255068724646396,13.149450647159174,13.202259685902785,100,25250,PE,2024-01-09,0.14
2024-01-09 13:57:00+05:30,40.416389398093486,40.57805495568586,40.254723840501114,40.416389398093486,100,25250,CE,2024-01-09,0.14
2024-01-09 13:57:00+05:30,11.941222492931441,11.988987382903167,11.893457602959716,11.941222492931441,100,25250,PE,2024-01-09,0.14
2024-01-09 13:58:00+05:30,39.85625470036979,40.01567971917127,39.69682968156831,39.85625470036979,100,25250,CE,2024-01-09,0.14
2024-01-09 13:58:00+05:30,12.501357190655138,12.551362619417759,12.451351761892518,12.501357190655138,100,25250,PE,2024-01-09,0.14
2024-01-09 13:59:00+05:30,39.21169146304095,39.368538228893115,39.054844697188784,39.21169146304095,100,25250,CE,2024-01-09,0.14
2024-01-09 13:59:00+05:30,13.145920427983977,13.198504109695913,13.093336746272042,13.145920427983977,100,25250,PE,2024-01-09,0.14
2024-01-09 14:00:00+05:30,42.865544375209026,43.03700655270986,42.69408219770819,42.865544375209026,100,25250,CE,2024-01-09,0.14
2024-01-09 14:00:00+05:30,9.4920675158159,9.530035785879164,9.454099245752637,9.4920675158159,100,25250,PE,2024-01-09,0.14
2024-01-09 14:01:00+05:30,43.14720786678703,43.31979669825417,42.97461903531988,43.14720786678703,100,25250,CE,2024-01-09,0.14
2024-01-09 14:01:00+05:30,9.2104040242379,9.247245640334851,9.173562408140947,9.2104040242379,100,25250,PE,2024-01-09,0.14
2024-01-09 14:02:00+05:30,43.198901943791896,43.37169755156706,43.02610633601673,43.198901943791896,100,25250,CE,2024-01-09,0.14
2024-01-09 14:02:00+05:30,9.158709947233032,9.195344787021964,9.122075107444099,9.158709947233032,100,25250,PE,2024-01-09,0.14
2024-01-09 14:03:00+05:30,50.2541023891485,50.455118798705094,50.053085979591906,50.2541023891485,100,25250,CE,2024-01-09,0.14
2024-01-09 14:03:00+05:30,5.0,5.02,4.98,5.0,100,25250,PE,2024-01-09,0.14
2024-01-09 14:04:00+05:30,50.80091445780312,51.00411811563433,50.59771079997191,50.80091445780312,100,25250,CE,2024-01-09,0.14
2024-01-09 14:04:00+05:30,5.0,5.02,4.98,5.0,100,25250,PE,2024-01-09,0.14
2024-01-09 14:05:00+05:30,49.83377632037849,50.03311142566,49.63444121509698,49.83377632037849,100,25250,CE,2024-01-09,0.14
2024-01-09 14:05:00+05:30,5.0,5.02,4.98,5.0,100,25250,PE,2024-01-09,0.14
2024-01-09 14:06:00+05:30,48.9910314435005,49.18699556927451,48.7950673177265,48.9910314435005,100,25250,CE,2024-01-09,0.14
2024-01-09 14:06:00+05:30,5.0,5.02,4.98,5.0,100,25250,PE,2024-01-09,0.14
2024-01-09 14:07:00+05:30,53.811756684623504,54.027003711362,53.59650965788501,53.811756684623504,100,25250,CE,2024-01-09,0.14
2024-01-09 14:07:00+05:30,5.0,5.02,4.98,5.0,100,25250,PE,2024-01-09,0.14
2024-01-09 14:08:00+05:30,51.95971081450665,52.167549657764674,51.751871971248626,51.95971081450665,100,25250,CE,2024-01-09,0.14
2024-01-09 14:08:00+05:30,5.0,5.02,4.98,5.0,100,25250,PE,2024-01-09,0.14
2024-01-09 14:09:00+05:30,50.17714719882355,50.37785578761884,49.976438610028254,50.17714719882355,100,25250,CE,2024-01-09,0.14
2024-01-09 14:09:00+05:30,5.0,5.02,4.98,5.0,100,25250,PE,2024-01-09,0.14
2024-01-09 14:10:00+05:30,54.323235621930905,54.54052856441863,54.10594267944318,54.323235621930905,100,25250,CE,2024-01-09,0.14
2024-01-09 14:10:00+05:30,5.0,5.02,4.98,5.0,100,25250,PE,2024-01-09,0.14
2024-01-09 14:11:00+05:30,58.72836246708579,58.96327591695413,58.49344901721744,58.72836246708579,100,25250,CE,2024-01-09,0.14
2024-01-09 14:11:00+05:30,5.0,5.02,4.98,5.0,100,25250,PE,2024-01-09,0.14
2024-01-09 14:12:00+05:30,64.0630720094054,64.31932429744302,63.80681972136778,64.0630720094054,100,25250,CE,2024-01-09,0.14
2024-01-09 14:12:00+05:30,5.0,5.02,4.98,5.0,100,25250,PE,2024-01-09,0.14
2024-01-09 14:13:00+05:30,60.860148383952435,61.10358897748824,60.616707790416626,60.860148383952435,100,25250,CE,2024-01-09,0.14
2024-01-09 14:13:00+05:30,5.0,5.02,4.98,5.0,100,25250,PE,2024-01-09,0.14
2024-01-09 14:14:00+05:30,62.54122868619055,62.791393600935315,62.291063771445785,62.54122868619055,100,25250,CE,2024-01-09,0.14
2024-01-09 14:14:00+05:30,5.0,5.02,4.98,5.0,100,25250,PE,2024-01-09,0.14
2024-01-09 14:15:00+05:30,60.43114322432524,60.672867797222544,60.189418651427935,60.43114322432524,100,25250,CE,2024-01-09,0.14
2024-01-09 14:15:00+05:30,5.0,5.02,4.98,5.0,100,25250,PE,2024-01-09,0.14
2024-01-09 14:16:00+05:30,62.032485250325806,62.28061519132711,61.7843553093245,62.032485250325806,100,25250,CE,2024-01-09,0.14
2024-01-09 14:16:00+05:30,5.0,5.02,4.98,5.0,100,25250,PE,2024-01-09,0.14
2024-01-09 14:17:00+05:30,56.11259113467753,56.33704149921624,55.88814077013882,56.11259113467753,100,25250,CE,2024-01-09,0.14
2024-01-09 14:17:00+05:30,5.0,5.02,4.98,5.0,100,25250,PE,2024-01-09,0.14
2024-01-09 14:18:00+05:30,55.394748787070455,55.61632778221874,55.17316979192217,55.394748787070455,100,25250,CE,2024-01-09,0.14
2024-01-09 14:18:00+05:30,5.0,5.02,4.98,5.0,100,25250,PE,2024-01-09,0.14
2024-01-09 14:19:00+05:30,59.497281158163275,59.73527028279593,59.25929203353062,59.497281158163275,100,25250,CE,2024-01-09,0.14
2024-01-09 14:19:00+05:30,5.0,5.02,4.98,5.0,100,25250,PE,2024-01-09,0.14
2024-01-09 14:20:00+05:30,60.30127416072213,60.54247925736502,60.060069064079244,60.30127416072213,100,25250,CE,2024-01-09,0.14
2024-01-09 14:20:00+05:30,5.0,5.02,4.98,5.0,100,25250,PE,2024-01-09,0.14
2024-01-09 14:21:00+05:30,51.252767737987995,51.45777880893995,51.04775666703604,51.252767737987995,100,25250,CE,2024-01-09,0.14
2024-01-09 14:21:00+05:30,5.0,5.02,4.98,5.0,100,25250,PE,2024-01-09,0.14
2024-01-09 14:22:00+05:30,55.04921443198731,55.26941128971526,54.82901757425936,55.04921443198731,100,25250,CE,2024-01-09,0.14
2024-01-09 14:22:00+05:30,5.0,5.02,4.98,5.0,100,25250,PE,2024-01-09,0.14
2024-01-09 14:23:00+05:30,56.462493902998574,56.68834387861057,56.23664392738658,56.462493902998574,100,25250,CE,2024-01-09,0.14
2024-01-09 14:23:00+05:30,5.0,5.02,4.98,5.0,100,25250,PE,2024-01-09,0.14
2024-01-09 14:24:00+05:30,55.4771909306441,55.69909969436667,55.255282166921525,55.4771909306441,100,25250,CE,2024-01-09,0.14
2024-01-09 14:24:00+05:30,5.0,5.02,4.98,5.0,100,25250,PE,2024-01-09,0.14
2024-01-09 14:25:00+05:30,55.5068950246627,55.72892260476135,55.28486744456404,55.5068950246627,100,25250,CE,2024-01-09,0.14
2024-01-09 14:25:00+05:30,5.0,5.02,4.98,5.0,100,25250,PE,2024-01-09,0.14
2024-01-09 14:26:00+05:30,54.334544938156284,54.55188311790891,54.11720675840366,54.334544938156284,100,25250,CE,2024-01-09,0.14
2024-01-09 14:26:00+05:30,5.0,5.02,4.98,5.0,100,25250,PE,2024-01-09,0.14
2024-01-09 14:27:00+05:30,58.72254158078471,58.95743174710785,58.48765141446157,58.72254158078471,100,25250,CE,2024-01-09,0.14
2024-01-09 14:27:00+05:30,5.0,5.02,4.98,5.0,100,25250,PE,2024-01-09,0.14
2024-01-09 14:28:00+05:30,58.64149463278994,58.8760606113211,58.406928654258785,58.64149463278994,100,25250,CE,2024-01-09,0.14
2024-01-09 14:28:00+05:30,5.0,5.02,4.98,5.0,100,25250,PE,2024-01-09,0.14
2024-01-09 14:29:00+05:30,52.653024746767585,52.863636845754655,52.442412647780515,52.653024746767585,100,25250,CE,2024-01-09,0.14
2024-01-09 14:29:00+05:30,5.0,5.02,4.98,5.0,100,25250,PE,2024-01-09,0.14
2024-01-09 14:30:00+05:30,49.484987982543714,49.68292793447389,49.28704803061354,49.484987982543714,100,25250,CE,2024-01-09,0.14
2024-01-09 14:30:00+05:30,5.0,5.02,4.98,5.0,100,25250,PE,2024-01-09,0.14
2024-01-09 14:31:00+05:30,55.68486364199856,55.907603096566554,55.46212418743057,55.68486364199856,100,25250,CE,2024-01-09,0.14
2024-01-09 14:31:00+05:30,5.0,5.02,4.98,5.0,100,25250,PE,2024-01-09,0.14
2024-01-09 14:32:00+05:30,59.98312410958573,60.22305660602407,59.74319161314739,59.98312410958573,100,25250,CE,2024-01-09,0.14
2024-01-09 14:32:00+05:30,5.0,5.02,4.98,5.0,100,25250,PE,2024-01-09,0.14
2024-01-09 14:33:00+05:30,63.05084685494916,63.303050242368954,62.79864346752936,63.05084685494916,100,25250,CE,2024-01-09,0.14
2024-01-09 14:33:00+05:30,5.0,5.02,4.98,5.0,100,25250,PE,2024-01-09,0.14
2024-01-09 14:34:00+05:30,60.130415441255934,60.37093710302096,59.88989377949091,60.130415441255934,100,25250,CE,2024-01-09,0.14
2024-01-09 14:34:00+05:30,5.0,5.02,4.98,5.0,100,25250,PE,2024-01-09,0.14
2024-01-09 14:35:00+05:30,62.23246940602843,62.48139928365254,61.983539528404314,62.23246940602843,100,25250,CE,2024-01-09,0.14
2024-01-09 14:35:00+05:30,5.0,5.02,4.98,5.0,100,25250,PE,2024-01-09,0.14
2024-01-09 14:36:00+05:30,66.18268590874544,66.44741665238043,65.91795516511046,66.18268590874544,100,25250,CE,2024-01-09,0.14
2024-01-09 14:36:00+05:30,5.0,5.02,4.98,5.0,100,25250,PE,2024-01-09,0.14
2024-01-09 14:37:00+05:30,66.6268094135907,66.89331665124507,66.36030217593634,66.6268094135907,100,25250,CE,2024-01-09,0.14
2024-01-09 14:37:00+05:30,5.0,5.02,4.98,5.0,100,25250,PE,2024-01-09,0.14
2024-01-09 14:38:00+05:30,69.45447493745672,69.73229283720654,69.1766570377069,69.45447493745672,100,25250,CE,2024-01-09,0.14
2024-01-09 14:38:00+05:30,5.0,5.02,4.98,5.0,100,25250,PE,2024-01-09,0.14
2024-01-09 14:39:00+05:30,73.81884757037045,74.11412296065194,73.52357218008896,73.81884757037045,100,25250,CE,2024-01-09,0.14
2024-01-09 14:39:00+05:30,5.0,5.02,4.98,5.0,100,25250,PE,2024-01-09,0.14
2024-01-09 14:40:00+05:30,77.81255883924536,78.12380907460233,77.50130860388838,77.81255883924536,100,25250,CE,2024-01-09,0.14
2024-01-09 14:40:00+05:30,5.0,5.02,4.98,5.0,100,25250,PE,2024-01-09,0.14
2024-01-09 14:41:00+05:30,79.61770919126906,79.93618002803413,79.29923835450398,79.61770919126906,100,25250,CE,2024-01-09,0.14
2024-01-09 14:41:00+05:30,5.0,5.02,4.98,5.0,100,25250,PE,2024-01-09,0.14
2024-01-09 14:42:00+05:30,81.4671993765482,81.79306817405438,81.141330579042,81.4671993765482,100,25250,CE,2024-01-09,0.14
2024-01-09 14:42:00+05:30,5.0,5.02,4.98,5.0,100,25250,PE,2024-01-09,0.14
2024-01-09 14:43:00+05:30,76.91065132894295,77.21829393425872,76.60300872362717,76.91065132894295,100,25250,CE,2024-01-09,0.14
2024-01-09 14:43:00+05:30,5.0,5.02,4.98,5.0,100,25250,PE,2024-01-09,0.14
2024-01-09 14:44:00+05:30,75.90218790298462,76.20579665459655,75.59857915137269,75.90218790298462,100,25250,CE,2024-01-09,0.14
2024-01-09 14:44:00+05:30,5.0,5.02,4.98,5.0,100,25250,PE,2024-01-09,0.14
2024-01-09 14:45:00+05:30,79.1455828317907,79.46216516311787,78.82900050046354,79.1455828317907,100,25250,CE,2024-01-09,0.14
2024-01-09 14:45:00+05:30,5.0,5.02,4.98,5.0,100,25250,PE,2024-01-09,0.14
2024-01-09 14:46:00+05:30,85.6793966557911,86.02211424241426,85.33667906916793,85.6793966557911,100,25250,CE,2024-01-09,0.14
2024-01-09 14:46:00+05:30,5.0,5.02,4.98,5.0,100,25250,PE,2024-01-09,0.14
2024-01-09 14:47:00+05:30,86.47197812727649,86.8178660397856,86.12609021476737,86.47197812727649,100,25250,CE,2024-01-09,0.14
2024-01-09 14:47:00+05:30,5.0,5.02,4.98,5.0,100,25250,PE,2024-01-09,0.14
2024-01-09 14:48:00+05:30,90.6736365131423,91.03633105919486,90.31094196708973,90.6736365131423,100,25250,CE,2024-01-09,0.14
2024-01-09 14:48:00+05:30,5.0,5.02,4.98,5.0,100,25250,PE,2024-01-09,0.14
2024-01-09 14:49:00+05:30,90.83079467383726,91.19411785253261,90.46747149514191,90.83079467383726,100,25250,CE,2024-01-09,0.14
2024-01-09 14:49:00+05:30,5.0,5.02,4.98,5.0,100,25250,PE,2024-01-09,0.14
2024-01-09 14:50:00+05:30,87.29859508806516,87.64778946841741,86.9494007077129,87.29859508806516,100,25250,CE,2024-01-09,0.14
2024-01-09 14:50:00+05:30,5.0,5.02,4.98,5.0,100,25250,PE,2024-01-09,0.14
2024-01-09 14:51:00+05:30,89.04855961361176,89.40475385206621,88.69236537515731,89.04855961361176,100,25250,CE,2024-01-09,0.14
2024-01-09 14:51:00+05:30,5.0,5.02,4.98,5.0,100,25250,PE,2024-01-09,0.14
2024-01-09 14:52:00+05:30,90.89506620820288,91.25864647303568,90.53148594337007,90.89506620820288,100,25250,CE,2024-01-09,0.14
2024-01-09 14:52:00+05:30,5.0,5.02,4.98,5.0,100,25250,PE,2024-01-09,0.14
2024-01-09 14:53:00+05:30,87.65104697517421,88.00165116307491,87.30044278727351,87.65104697517421,100,25250,CE,2024-01-09,0.14
2024-01-09 14:53:00+05:30,5.0,5.02,4.98,5.0,100,25250,PE,2024-01-09,0.14
2024-01-09 14:54:00+05:30,84.51223256345878,84.85028149371261,84.17418363320495,84.51223256345878,100,25250,CE,2024-01-09,0.14
2024-01-09 14:54:00+05:30,5.0,5.02,4.98,5.0,100,25250,PE,2024-01-09,0.14
2024-01-09 14:55:00+05:30,84.8130715833708,85.15232386970429,84.47381929703731,84.8130715833708,100,25250,CE,2024-01-09,0.14
2024-01-09 14:55:00+05:30,5.0,5.02,4.98,5.0,100,25250,PE,2024-01-09,0.14
2024-01-09 14:56:00+05:30,83.01261671354627,83.34466718040045,82.68056624669208,83.01261671354627,100,25250,CE,2024-01-09,0.14
2024-01-09 14:56:00+05:30,5.0,5.02,4.98,5.0,100,25250,PE,2024-01-09,0.14
2024-01-09 14:57:00+05:30,85.03114434888306,85.37126892627859,84.69101977148753,85.03114434888306,100,25250,CE,2024-01-09,0.14
2024-01-09 14:57:00+05:30,5.0,5.02,4.98,5.0,100,25250,PE,2024-01-09,0.14
2024-01-09 14:58:00+05:30,80.03580511524564,80.35594833570661,79.71566189478466,80.03580511524564,100,25250,CE,2024-01-09,0.14
2024-01-09 14:58:00+05:30,5.0,5.02,4.98,5.0,100,25250,PE,2024-01-09,0.14
2024-01-09 14:59:00+05:30,83.236855161655,83.56980258230162,82.90390774100838,83.236855161655,100,25250,CE,2024-01-09,0.14
2024-01-09 14:59:00+05:30,5.0,5.02,4.98,5.0,100,25250,PE,2024-01-09,0.14
2024-01-09 15:00:00+05:30,81.03870749216406,81.36286232213273,80.7145526621954,81.03870749216406,100,25250,CE,2024-01-09,0.14
2024-01-09 15:00:00+05:30,5.0,5.02,4.98,5.0,100,25250,PE,2024-01-09,0.14
2024-01-09 15:01:00+05:30,82.49477563630029,82.82475473884548,82.1647965337551,82.49477563630029,100,25250,CE,2024-01-09,0.14
2024-01-09 15:01:00+05:30,5.0,5.02,4.98,5.0,100,25250,PE,2024-01-09,0.14
2024-01-09 15:02:00+05:30,76.74429301903768,77.05127019111383,76.43731584696154,76.74429301903768,100,25250,CE,2024-01-09,0.14
2024-01-09 15:02:00+05:30,5.0,5.02,4.98,5.0,100,25250,PE,2024-01-09,0.14
2024-01-09 15:03:00+05:30,80.39525363339675,80.71683464793034,80.07367261886316,80.39525363339675,100,25250,CE,2024-01-09,0.14
2024-01-09 15:03:00+05:30,5.0,5.02,4.98,5.0,100,25250,PE,2024-01-09,0.14
2024-01-09 15:04:00+05:30,81.28132910335847,81.60645441977191,80.95620378694504,81.28132910335847,100,25250,CE,2024-01-09,0.14
2024-01-09 15:04:00+05:30,5.0,5.02,4.98,5.0,100,25250,PE,2024-01-09,0.14
2024-01-09 15:05:00+05:30,89.3585015179928,89.71593552406478,89.00106751192084,89.3585015179928,100,25250,CE,2024-01-09,0.14
2024-01-09 15:05:00+05:30,5.0,5.02,4.98,5.0,100,25250,PE,2024-01-09,0.14
2024-01-09 15:06:00+05:30,83.2290554699743,83.5619716918542,82.8961392480944,83.2290554699743,100,25250,CE,2024-01-09,0.14
2024-01-09 15:06:00+05:30,5.0,5.02,4.98,5.0,100,25250,PE,2024-01-09,0.14
2024-01-09 15:07:00+05:30,76.46353620919984,76.76939035403664,76.15768206436304,76.46353620919984,100,25250,CE,2024-01-09,0.14
2024-01-09 15:07:00+05:30,5.0,5.02,4.98,5.0,100,25250,PE,2024-01-09,0.14
2024-01-09 15:08:00+05:30,79.2986408600413,79.61583542348147,78.98144629660113,79.2986408600413,100,25250,CE,2024-01-09,0.14
2024-01-09 15:08:00+05:30,5.0,5.02,4.98,5.0,100,25250,PE,2024-01-09,0.14
2024-01-09 15:09:00+05:30,82.79422891544203,83.1254058311038,82.46305199978026,82.79422891544203,100,25250,CE,2024-01-09,0.14
2024-01-09 15:09:00+05:30,5.0,5.02,4.98,5.0,100,25250,PE,2024-01-09,0.14
2024-01-09 15:10:00+05:30,76.19658800111068,76.50137435311512,75.89180164910624,76.19658800111068,100,25250,CE,2024-01-09,0.14
2024-01-09 15:10:00+05:30,5.0,5.02,4.98,5.0,100,25250,PE,2024-01-09,0.14
2024-01-09 15:11:00+05:30,78.32968129689874,78.64300002208634,78.01636257171114,78.32968129689874,100,25250,CE,2024-01-09,0.14
2024-01-09 15:11:00+05:30,5.0,5.02,4.98,5.0,100,25250,PE,2024-01-09,0.14
2024-01-09 15:12:00+05:30,81.98021192467462,82.30813277237331,81.65229107697593,81.98021192467462,100,25250,CE,2024-01-09,0.14
2024-01-09 15:12:00+05:30,5.0,5.02,4.98,5.0,100,25250,PE,2024-01-09,0.14
2024-01-09 15:13:00+05:30,87.41563163704126,87.76529416358942,87.0659691104931,87.41563163704126,100,25250,CE,2024-01-09,0.14
2024-01-09 15:13:00+05:30,5.0,5.02,4.98,5.0,100,25250,PE,2024-01-09,0.14
2024-01-09 15:14:00+05:30,88.04560129001987,88.39778369517995,87.6934188848598,88.04560129001987,100,25250,CE,2024-01-09,0.14
2024-01-09 15:14:00+05:30,5.0,5.02,4.98,5.0,100,25250,PE,2024-01-09,0.14
2024-01-09 15:15:00+05:30,82.35961051336056,82.68904895541401,82.03017207130712,82.35961051336056,100,25250,CE,2024-01-09,0.14
2024-01-09 15:15:00+05:30,5.0,5.02,4.98,5.0,100,25250,PE,2024-01-09,0.14
2024-01-09 15:16:00+05:30,75.18774517413698,75.48849615483353,74.88699419344043,75.18774517413698,100,25250,CE,2024-01-09,0.14
2024-01-09 15:16:00+05:30,5.0,5.02,4.98,5.0,100,25250,PE,2024-01-09,0.14
2024-01-09 15:17:00+05:30,83.21898882512363,83.55186478042413,82.88611286982314,83.21898882512363,100,25250,CE,2024-01-09,0.14
2024-01-09 15:17:00+05:30,5.0,5.02,4.98,5.0,100,25250,PE,2024-01-09,0.14
2024-01-09 15:18:00+05:30,84.89378852586054,85.23336367996399,84.5542133717571,84.89378852586054,100,25250,CE,2024-01-09,0.14
2024-01-09 15:18:00+05:30,5.0,5.02,4.98,5.0,100,25250,PE,2024-01-09,0.14
2024-01-09 15:19:00+05:30,88.74079740000565,89.09576058960567,88.38583421040562,88.74079740000565,100,25250,CE,2024-01-09,0.14
2024-01-09 15:19:00+05:30,5.0,5.02,4.98,5.0,100,25250,PE,2024-01-09,0.14
2024-01-09 15:20:00+05:30,87.66431466185571,88.01497192050313,87.3136574032083,87.66431466185571,100,25250,CE,2024-01-09,0.14
2024-01-09 15:20:00+05:30,5.0,5.02,4.98,5.0,100,25250,PE,2024-01-09,0.14
2024-01-09 15:21:00+05:30,86.9282317730835,87.27594470017583,86.58051884599116,86.9282317730835,100,25250,CE,2024-01-09,0.14
2024-01-09 15:21:00+05:30,5.0,5.02,4.98,5.0,100,25250,PE,2024-01-09,0.14
2024-01-09 15:22:00+05:30,86.27904302335122,86.62415919544462,85.93392685125782,86.27904302335122,100,25250,CE,2024-01-09,0.14
2024-01-09 15:22:00+05:30,5.0,5.02,4.98,5.0,100,25250,PE,2024-01-09,0.14
2024-01-09 15:23:00+05:30,82.88540782032618,83.21694945160749,82.55386618904487,82.88540782032618,100,25250,CE,2024-01-09,0.14
2024-01-09 15:23:00+05:30,5.0,5.02,4.98,5.0,100,25250,PE,2024-01-09,0.14
2024-01-09 15:24:00+05:30,81.92478598926976,82.25248513322684,81.59708684531269,81.92478598926976,100,25250,CE,2024-01-09,0.14
2024-01-09 15:24:00+05:30,5.0,5.02,4.98,5.0,100,25250,PE,2024-01-09,0.14
2024-01-09 15:25:00+05:30,77.86110600208343,78.17255042609176,77.5496615780751,77.86110600208343,100,25250,CE,2024-01-09,0.14
2024-01-09 15:25:00+05:30,5.0,5.02,4.98,5.0,100,25250,PE,2024-01-09,0.14
2024-01-09 15:26:00+05:30,76.42896919404342,76.7346850708196,76.12325331726724,76.42896919404342,100,25250,CE,2024-01-09,0.14
2024-01-09 15:26:00+05:30,5.0,5.02,4.98,5.0,100,25250,PE,2024-01-09,0.14
2024-01-09 15:27:00+05:30,80.76216180612795,81.08521045335246,80.43911315890344,80.76216180612795,100,25250,CE,2024-01-09,0.14
2024-01-09 15:27:00+05:30,5.0,5.02,4.98,5.0,100,25250,PE,2024-01-09,0.14
2024-01-09 15:28:00+05:30,80.99147299956206,81.3154388915603,80.66750710756382,80.99147299956206,100,25250,CE,2024-01-09,0.14
2024-01-09 15:28:00+05:30,5.0,5.02,4.98,5.0,100,25250,PE,2024-01-09,0.14
2024-01-09 15:29:00+05:30,78.57720125797863,78.89151006301054,78.26289245294672,78.57720125797863,100,25250,CE,2024-01-09,0.14
2024-01-09 15:29:00+05:30,5.0,5.02,4.98,5.0,100,25250,PE,2024-01-09,0.14
2024-01-09 15:30:00+05:30,85.23328800757048,85.57422115960077,84.89235485554019,85.23328800757048,100,25250,CE,2024-01-09,0.14
2024-01-09 15:30:00+05:30,5.0,5.02,4.98,5.0,100,25250,PE,2024-01-09,0.14
2024-01-10 09:15:00+05:30,184.09772099372248,184.83411187769735,183.3613301097476,184.09772099372248,100,25400,CE,2024-01-16,0.14
2024-01-10 09:15:00+05:30,184.09772099372248,184.83411187769735,183.3613301097476,184.09772099372248,100,25400,PE,2024-01-16,0.14
2024-01-10 09:16:00+05:30,182.91891515571632,183.6505908163392,182.18723949509345,182.91891515571632,100,25400,CE,2024-01-16,0.14
2024-01-10 09:16:00+05:30,185.27652683172863,186.01763293905555,184.53542072440172,185.27652683172863,100,25400,PE,2024-01-16,0.14
2024-01-10 09:17:00+05:30,182.84572645799898,183.57710936383097,182.11434355216699,182.84572645799898,100,25400,CE,2024-01-16,0.14
2024-01-10 09:17:00+05:30,185.34971552944597,186.09111439156376,184.60831666732818,185.34971552944597,100,25400,PE,2024-01-16,0.14
2024-01-10 09:18:00+05:30,186.20570852975987,186.95053136387892,185.46088569564083,186.20570852975987,100,25400,CE,2024-01-16,0.14
2024-01-10 09:18:00+05:30,181.98973345768508,182.7176923915158,181.26177452385434,181.98973345768508,100,25400,PE,2024-01-16,0.14
2024-01-10 09:19:00+05:30,183.3864788344851,184.12002474982305,182.65293291914716,183.3864788344851,100,25400,CE,2024-01-16,0.14
2024-01-10 09:19:00+05:30,184.80896315295985,185.5481990055717,184.069727300348,184.80896315295985,100,25400,PE,2024-01-16,0.14
2024-01-10 09:20:00+05:30,176.46967836854282,177.17555708201698,175.76379965506865,176.46967836854282,100,25400,CE,2024-01-16,0.14
2024-01-10 09:20:00+05:30,191.72576361890214,192.49266667337776,190.95886056442652,191.72576361890214,100,25400,PE,2024-01-16,0.14
2024-01-10 09:21:00+05:30,177.7791305050411,178.4902470270613,177.06801398302093,177.7791305050411,100,25400,CE,2024-01-16,0.14
2024-01-10 09:21:00+05:30,190.41631148240384,191.17797672833345,189.65464623647424,190.41631148240384,100,25400,PE,2024-01-16,0.14
2024-01-10 09:22:00+05:30,184.66811199218654,185.4067844401553,183.9294395442178,184.66811199218654,100,25400,CE,2024-01-16,0.14
2024-01-10 09:22:00+05:30,183.5273299952584,184.26143931523944,182.79322067527738,183.5273299952584,100,25400,PE,2024-01-16,0.14
2024-01-10 09:23:00+05:30,188.40134518894746,189.15495056970326,187.64773980819166,188.40134518894746,100,25400,CE,2024-01-16,0.14
2024-01-10 09:23:00+05:30,179.7940967984975,180.51327318569147,179.0749204113035,179.7940967984975,100,25400,PE,2024-01-16,0.14
2024-01-10 09:24:00+05:30,183.61089120630066,184.34533477112586,182.87644764147547,183.61089120630066,100,25400,CE,2024-01-16,0.14
2024-01-10 09:24:00+05:30,184.5845507811443,185.32288898426887,183.8462125780197,184.5845507811443,100,25400,PE,2024-01-16,0.14
2024-01-10 09:25:00+05:30,185.07344430973325,185.8137380869722,184.3331505324943,185.07344430973325,100,25400,CE,2024-01-16,0.14
2024-01-10 09:25:00+05:30,183.1219976777117,183.85448566842254,182.38950968700087,183.1219976777117,100,25400,PE,2024-01-16,0.14
2024-01-10 09:26:00+05:30,189.0472251478638,189.80341404845527,188.29103624727233,189.0472251478638,100,25400,CE,2024-01-16,0.14
2024-01-10 09:26:00+05:30,179.14821683958115,179.86480970693947,178.43162397222284,179.14821683958115,100,25400,PE,2024-01-16,0.14
2024-01-10 09:27:00+05:30,192.19928273453087,192.96807986546898,191.43048560359276,192.19928273453087,100,25400,CE,2024-01-16,0.14
2024-01-10 09:27:00+05:30,175.99615925291408,176.70014388992573,175.29217461590244,175.99615925291408,100,25400,PE,2024-01-16,0.14
2024-01-10 09:28:00+05:30,198.86851284953963,199.6639869009378,198.07303879814145,198.86851284953963,100,25400,CE,2024-01-16,0.14
2024-01-10 09:28:00+05:30,169.32692913790532,170.00423685445693,168.64962142135371,169.32692913790532,100,25400,PE,2024-01-16,0.14
2024-01-10 09:29:00+05:30,201.84558827402333,202.65297062711943,201.03820592092723,201.84558827402333,100,25400,CE,2024-01-16,0.14
2024-01-10 09:29:00+05:30,166.34985371342162,167.0152531282753,165.68445429856794,166.34985371342162,100,25400,PE,2024-01-16,0.14
2024-01-10 09:30:00+05:30,191.0176710530738,191.7817417372861,190.2536003688615,191.0176710530738,100,25400,CE,2024-01-16,0.14
2024-01-10 09:30:00+05:30,177.17777093437115,177.88648201810864,176.46905985063367,177.17777093437115,100,25400,PE,2024-01-16,0.14
2024-01-10 09:31:00+05:30,192.9528286706879,193.72463998537066,192.18101735600513,192.9528286706879,100,25400,CE,2024-01-16,0.14
2024-01-10 09:31:00+05:30,175.24261331675706,175.94358377002408,174.54164286349004,175.24261331675706,100,25400,PE,2024-01-16,0.14
2024-01-10 09:32:00+05:30,189.78139485804212,190.5405204374743,189.02226927860994,189.78139485804212,100,25400,CE,2024-01-16,0.14
2024-01-10 09:32:00+05:30,178.41404712940283,179.12770331792044,177.70039094088523,178.41404712940283,100,25400,PE,2024-01-16,0.14
2024-01-10 09:33:00+05:30,186.0242104650203,186.7683073068804,185.28011362316022,186.0242104650203,100,25400,CE,2024-01-16,0.14
2024-01-10 09:33:00+05:30,182.17123152242465,182.89991644851435,181.44254659633495,182.17123152242465,100,25400,PE,2024-01-16,0.14
2024-01-10 09:34:00+05:30,179.26728595610047,179.98435509992487,178.55021681227606,179.26728595610047,100,25400,CE,2024-01-16,0.14
2024-01-10 09:34:00+05:30,188.92815603134449,189.68386865546987,188.1724434072191,188.92815603134449,100,25400,PE,2024-01-16,0.14
2024-01-10 09:35:00+05:30,174.1536541755574,174.8502687922596,173.45703955885517,174.1536541755574,100,25400,CE,2024-01-16,0.14
2024-01-10 09:35:00+05:30,194.04178781188756,194.81795496313512,193.26562066064,194.04178781188756,100,25400,PE,2024-01-16,0.14
2024-01-10 09:36:00+05:30,172.49798558775336,173.18797753010438,171.80799364540235,172.49798558775336,100,25400,CE,2024-01-16,0.14
2024-01-10 09:36:00+05:30,195.6974563996916,196.48024622529036,194.91466657409282,195.6974563996916,100,25400,PE,2024-01-16,0.14
2024-01-10 09:37:00+05:30,176.40428970873626,177.1099068675712,175.69867254990132,176.40428970873626,100,25400,CE,2024-01-16,0.14
2024-01-10 09:37:00+05:30,191.7911522787087,192.55831688782354,191.02398766959385,191.7911522787087,100,25400,PE,2024-01-16,0.14
2024-01-10 09:38:00+05:30,180.49201014837098,181.21397818896446,179.7700421077775,180.49201014837098,100,25400,CE,2024-01-16,0.14
2024-01-10 09:38:00+05:30,187.70343183907397,188.45424556643027,186.95261811171767,187.70343183907397,100,25400,PE,2024-01-16,0.14
2024-01-10 09:39:00+05:30,182.76358815732755,183.49464250995686,182.03253380469823,182.76358815732755,100,25400,CE,2024-01-16,0.14
2024-01-10 09:39:00+05:30,185.4318538301174,186.17358124543787,184.69012641479694,185.4318538301174,100,25400,PE,2024-01-16,0.14
2024-01-10 09:40:00+05:30,187.21775108304945,187.96662208738164,186.46888007871726,187.21775108304945,100,25400,CE,2024-01-16,0.14
2024-01-10 09:40:00+05:30,180.9776909043955,181.7016016680131,180.2537801407779,180.9776909043955,100,25400,PE,2024-01-16,0.14
2024-01-10 09:41:00+05:30,185.4570768040391,186.19890511125527,184.71524849682294,185.4570768040391,100,25400,CE,2024-01-16,0.14
2024-01-10 09:41:00+05:30,182.73836518340585,183.46931864413946,182.00741172267223,182.73836518340585,100,25400,PE,2024-01-16,0.14
2024-01-10 09:42:00+05:30,182.01173688214084,182.7397838296694,181.28368993461228,182.01173688214084,100,25400,CE,2024-01-16,0.14
2024-01-10 09:42:00+05:30,186.1837051053041,186.92843992572534,185.43897028488288,186.1837051053041,100,25400,PE,2024-01-16,0.14
2024-01-10 09:43:00+05:30,189.02458403611644,189.7806823722609,188.26848569997196,189.02458403611644,100,25400,CE,2024-01-16,0.14
2024-01-10 09:43:00+05:30,179.17085795132851,179.88754138313382,178.4541745195232,179.17085795132851,100,25400,PE,2024-01-16,0.14
2024-01-10 09:44:00+05:30,190.54446540156067,191.3066432631669,189.78228753995444,190.54446540156067,100,25400,CE,2024-01-16,0.14
2024-01-10 09:44:00+05:30,177.65097658588428,178.36158049222783,176.94037267954073,177.65097658588428,100,25400,PE,2024-01-16,0.14
2024-01-10 09:45:00+05:30,188.9566929277368,189.71251969944777,188.20086615602585,188.9566929277368,100,25400,CE,2024-01-16,0.14
2024-01-10 09:45:00+05:30,179.23874905970814,179.95570405594697,178.52179406346932,179.23874905970814,100,25400,PE,2024-01-16,0.14
2024-01-10 09:46:00+05:30,191.56361816392354,192.32987263657924,190.79736369126783,191.56361816392354,100,25400,CE,2024-01-16,0.14
2024-01-10 09:46:00+05:30,176.63182382352142,177.3383511188155,175.92529652822734,176.63182382352142,100,25400,PE,2024-01-16,0.14
2024-01-10 09:47:00+05:30,188.48229690660963,189.23622609423606,187.7283677189832,188.48229690660963,100,25400,CE,2024-01-16,0.14
2024-01-10 09:47:00+05:30,179.71314508083532,180.43199766115865,178.994292500512,179.71314508083532,100,25400,PE,2024-01-16,0.14
2024-01-10 09:48:00+05:30,194.250559870901,195.0275621103846,193.47355763141738,194.250559870901,100,25400,CE,2024-01-16,0.14
2024-01-10 09:48:00+05:30,173.94488211654397,174.64066164501014,173.2491025880778,173.94488211654397,100,25400,PE,2024-01-16,0.14
2024-01-10 09:49:00+05:30,189.03012920526243,189.78624972208348,188.27400868844137,189.03012920526243,100,25400,CE,2024-01-16,0.14
2024-01-10 09:49:00+05:30,179.16531278218253,179.88197403331125,178.4486515310538,179.16531278218253,100,25400,PE,2024-01-16,0.14
2024-01-10 09:50:00+05:30,186.73623310125885,187.48317803366388,185.98928816885382,186.73623310125885,100,25400,CE,2024-01-16,0.14
2024-01-10 09:50:00+05:30,181.4592088861861,182.18504572173086,180.73337205064135,181.4592088861861,100,25400,PE,2024-01-16,0.14
2024-01-10 09:51:00+05:30,185.79201744066967,186.53518551043234,185.048849370907,185.79201744066967,100,25400,CE,2024-01-16,0.14
2024-01-10 09:51:00+05:30,182.40342454677528,183.1330382449624,181.67381084858818,182.40342454677528,100,25400,PE,2024-01-16,0.14
2024-01-10 09:52:00+05:30,184.80143736129838,185.5406431107436,184.06223161185318,184.80143736129838,100,25400,CE,2024-01-16,0.14
2024-01-10 09:52:00+05:30,183.39400462614657,184.12758064465115,182.660428607642,183.39400462614657,100,25400,PE,2024-01-16,0.14
2024-01-10 09:53:00+05:30,179.79545507001757,180.51463689029765,179.07627324973748,179.79545507001757,100,25400,CE,2024-01-16,0.14
2024-01-10 09:53:00+05:30,188.39998691742738,189.15358686509708,187.64638696975769,188.39998691742738,100,25400,PE,2024-01-16,0.14
2024-01-10 09:54:00+05:30,182.83611319354867,183.56745764632288,182.10476874077446,182.83611319354867,100,25400,CE,2024-01-16,0.14
2024-01-10 09:54:00+05:30,185.35932879389628,186.10076610907186,184.6178914787207,185.35932879389628,100,25400,PE,2024-01-16,0.14
2024-01-10 09:55:00+05:30,184.97551226299555,185.71541431204753,184.23561021394357,184.97551226299555,100,25400,CE,2024-01-16,0.14
2024-01-10 09:55:00+05:30,183.2199297244494,183.9528094433472,182.4870500055516,183.2199297244494,100,25400,PE,2024-01-16,0.14
2024-01-10 09:56:00+05:30,184.96723523424197,185.70710417517893,184.227366293305,184.96723523424197,100,25400,CE,2024-01-16,0.14
2024-01-10 09:56:00+05:30,183.22820675320298,183.9611195802158,182.49529392619016,183.22820675320298,100,25400,PE,2024-01-16,0.14
2024-01-10 09:57:00+05:30,186.94548515179275,187.69326709239994,186.19770321118557,186.94548515179275,100,25400,CE,2024-01-16,0.14
2024-01-10 09:57:00+05:30,181.2499568356522,181.9749566629948,180.5249570083096,181.2499568356522,100,25400,PE,2024-01-16,0.14
2024-01-10 09:58:00+05:30,184.95926714198112,185.69910421054905,184.21943007341318,184.95926714198112,100,25400,CE,2024-01-16,0.14
2024-01-10 09:58:00+05:30,183.23617484546384,183.96911954484568,182.503230146082,183.23617484546384,100,25400,PE,2024-01-16,0.14
2024-01-10 09:59:00+05:30,188.432360703882,189.18609014669755,187.67863126106647,188.432360703882,100,25400,CE,2024-01-16,0.14
2024-01-10 09:59:00+05:30,179.76308128356294,180.48213360869718,179.0440289584287,179.76308128356294,100,25400,PE,2024-01-16,0.14
2024-01-10 10:00:00+05:30,186.03597700001927,186.78012090801934,185.2918330920192,186.03597700001927,100,25400,CE,2024-01-16,0.14
2024-01-10 10:00:00+05:30,182.15946498742568,182.8881028473754,181.43082712747596,182.15946498742568,100,25400,PE,2024-01-16,0.14
2024-01-10 10:01:00+05:30,181.7537533402553,182.4807683536163,181.02673832689428,181.7537533402553,100,25400,CE,2024-01-16,0.14
2024-01-10 10:01:00+05:30,186.44168864718966,187.18745540177844,185.6959218926009,186.44168864718966,100,25400,PE,2024-01-16,0.14
2024-01-10 10:02:00+05:30,180.86662732229132,181.59009383158048,180.14316081300217,180.86662732229132,100,25400,CE,2024-01-16,0.14
2024-01-10 10:02:00+05:30,187.32881466515363,188.07812992381423,186.57949940649303,187.32881466515363,100,25400,PE,2024-01-16,0.14
2024-01-10 10:03:00+05:30,179.90922522408044,180.62886212497676,179.18958832318413,179.90922522408044,100,25400,CE,2024-01-16,0.14
2024-01-10 10:03:00+05:30,188.2862167633645,189.03936163041797,187.53307189631104,188.2862167633645,100,25400,PE,2024-01-16,0.14
2024-01-10 10:04:00+05:30,181.04940282643992,181.77360043774567,180.32520521513416,181.04940282643992,100,25400,CE,2024-01-16,0.14
2024-01-10 10:04:00+05:30,187.14603916100504,187.89462331764906,186.397455004361,187.14603916100504,100,25400,PE,2024-01-16,0.14
2024-01-10 10:05:00+05:30,183.42783610722444,184.16154745165335,182.69412476279552,183.42783610722444,100,25400,CE,2024-01-16,0.14
2024-01-10 10:05:00+05:30,184.76760588022051,185.5066763037414,184.02853545669964,184.76760588022051,100,25400,PE,2024-01-16,0.14
2024-01-10 10:06:00+05:30,189.6895540851653,190.44831230150595,188.93079586882465,189.6895540851653,100,25400,CE,2024-01-16,0.14
2024-01-10 10:06:00+05:30,178.50588790227965,179.21991145388878,177.79186435067052,178.50588790227965,100,25400,PE,2024-01-16,0.14
2024-01-10 10:07:00+05:30,184.4326192996029,185.17034977680132,183.69488882240447,184.4326192996029,100,25400,CE,2024-01-16,0.14
2024-01-10 10:07:00+05:30,183.76282268784206,184.49787397859342,183.0277713970907,183.76282268784206,100,25400,PE,2024-01-16,0.14
2024-01-10 10:08:00+05:30,178.1764147480132,178.88912040700527,177.46370908902114,178.1764147480132,100,25400,CE,2024-01-16,0.14
2024-01-10 10:08:00+05:30,190.01902723943175,190.77910334838947,189.25895113047403,190.01902723943175,100,25400,PE,2024-01-16,0.14
2024-01-10 10:09:00+05:30,179.0809994238695,179.79732342156498,178.36467542617405,179.0809994238695,100,25400,CE,2024-01-16,0.14
2024-01-10 10:09:00+05:30,189.11444256357544,189.87090033382975,188.35798479332112,189.11444256357544,100,25400,PE,2024-01-16,0.14
2024-01-10 10:10:00+05:30,183.89994853496654,184.6355483291064,183.16434874082668,183.89994853496654,100,25400,CE,2024-01-16,0.14
2024-01-10 10:10:00+05:30,184.2954934524784,185.03267542628834,183.5583114786685,184.2954934524784,100,25400,PE,2024-01-16,0.14
2024-01-10 10:11:00+05:30,187.67650902613576,188.4272150622403,186.92580299003123,187.67650902613576,100,25400,CE,2024-01-16,0.14
2024-01-10 10:11:00+05:30,180.5189329613092,181.24100869315444,179.79685722946394,180.5189329613092,100,25400,PE,2024-01-16,0.14
2024-01-10 10:12:00+05:30,187.14389570529937,187.89247128812056,186.39532012247818,187.14389570529937,100,25400,CE,2024-01-16,0.14
2024-01-10 10:12:00+05:30,181.05154628214558,181.77575246727417,180.327340097017,181.05154628214558,100,25400,PE,2024-01-16,0.14
2024-01-10 10:13:00+05:30,186.1181551787501,186.8626277994651,185.3736825580351,186.1181551787501,100,25400,CE,2024-01-16,0.14
2024-01-10 10:13:00+05:30,182.07728680869485,182.80559595592962,181.34897766146008,182.07728680869485,100,25400,PE,2024-01-16,0.14
2024-01-10 10:14:00+05:30,184.9027573797827,185.64236840930184,184.1631463502636,184.9027573797827,100,25400,CE,2024-01-16,0.14
2024-01-10 10:14:00+05:30,183.29268460766224,184.0258553460929,182.55951386923158,183.29268460766224,100,25400,PE,2024-01-16,0.14
2024-01-10 10:15:00+05:30,191.54400364198926,192.3101796565572,190.77782762742132,191.54400364198926,100,25400,CE,2024-01-16,0.14
2024-01-10 10:15:00+05:30,176.6514383454557,177.35804409883752,175.94483259207385,176.6514383454557,100,25400,PE,2024-01-16,0.14
2024-01-10 10:16:00+05:30,190.66772377494425,191.43039467004402,189.90505287984448,190.66772377494425,100,25400,CE,2024-01-16,0.14
2024-01-10 10:16:00+05:30,177.5277182125007,178.2378290853507,176.8176073396507,177.5277182125007,100,25400,PE,2024-01-16,0.14
2024-01-10 10:17:00+05:30,191.8154171496114,192.58267881820984,191.04815548101294,191.8154171496114,100,25400,CE,2024-01-16,0.14
2024-01-10 10:17:00+05:30,176.38002483783356,177.0855449371849,175.67450473848223,176.38002483783356,100,25400,PE,2024-01-16,0.14
2024-01-10 10:18:00+05:30,187.0902173641768,187.8385782336335,186.34185649472008,187.0902173641768,100,25400,CE,2024-01-16,0.14
2024-01-10 10:18:00+05:30,181.10522462326816,181.82964552176122,180.3808037247751,181.10522462326816,100,25400,PE,2024-01-16,0.14
2024-01-10 10:19:00+05:30,190.52093083918197,191.2830145625387,189.75884711582523,190.52093083918197,100,25400,CE,2024-01-16,0.14
2024-01-10 10:19:00+05:30,177.67451114826298,178.38520919285602,176.96381310366993,177.67451114826298,100,25400,PE,2024-01-16,0.14
2024-01-10 10:20:00+05:30,189.96444345627577,190.72430123010088,189.20458568245067,189.96444345627577,100,25400,CE,2024-01-16,0.14
2024-01-10 10:20:00+05:30,178.23099853116918,178.94392252529386,177.5180745370445,178.23099853116918,100,25400,PE,2024-01-16,0.14
2024-01-10 10:21:00+05:30,188.9132122419848,189.66886509095275,188.15755939301687,188.9132122419848,100,25400,CE,2024-01-16,0.14
2024-01-10 10:21:00+05:30,179.28222974546014,179.99935866444198,178.5651008264783,179.28222974546014,100,25400,PE,2024-01-16,0.14
2024-01-10 10:22:00+05:30,187.7356166694296,188.4865591361073,186.98467420275188,187.7356166694296,100,25400,CE,2024-01-16,0.14
2024-01-10 10:22:00+05:30,180.45982531801536,181.18166461928743,179.7379860167433,180.45982531801536,100,25400,PE,2024-01-16,0.14
2024-01-10 10:23:00+05:30,187.1987710954142,187.94756617979587,186.44997601103253,187.1987710954142,100,25400,CE,2024-01-16,0.14
2024-01-10 10:23:00+05:30,180.99667089203075,181.72065757559886,180.27268420846264,180.99667089203075,100,25400,PE,2024-01-16,0.14
2024-01-10 10:24:00+05:30,197.4465579110435,198.23634414268767,196.65677167939933,197.4465579110435,100,25400,CE,2024-01-16,0.14
2024-01-10 10:24:00+05:30,170.74888407640145,171.43187961270706,170.06588854009584,170.74888407640145,100,25400,PE,2024-01-16,0.14
2024-01-10 10:25:00+05:30,199.74256621308967,200.54153647794203,198.94359594823732,199.74256621308967,100,25400,CE,2024-01-16,0.14
2024-01-10 10:25:00+05:30,168.45287577435528,169.1266872774527,167.77906427125785,168.45287577435528,100,25400,PE,2024-01-16,0.14
2024-01-10 10:26:00+05:30,202.23036328805364,203.03928474120585,201.42144183490143,202.23036328805364,100,25400,CE,2024-01-16,0.14
2024-01-10 10:26:00+05:30,165.9650786993913,166.6289390141889,165.30121838459374,165.9650786993913,100,25400,PE,2024-01-16,0.14
2024-01-10 10:27:00+05:30,199.3349192761686,200.13225895327326,198.53757959906392,199.3349192761686,100,25400,CE,2024-01-16,0.14
2024-01-10 10:27:00+05:30,168.86052271127636,169.53596480212147,168.18508062043125,168.86052271127636,100,25400,PE,2024-01-16,0.14
2024-01-10 10:28:00+05:30,193.96651388524305,194.74237994078402,193.19064782970207,193.96651388524305,100,25400,CE,2024-01-16,0.14
2024-01-10 10:28:00+05:30,174.2289281022019,174.92584381461072,173.5320123897931,174.2289281022019,100,25400,PE,2024-01-16,0.14
2024-01-10 10:29:00+05:30,185.80581895236872,186.5490422281782,185.06259567655925,185.80581895236872,100,25400,CE,2024-01-16,0.14
2024-01-10 10:29:00+05:30,182.38962303507623,183.11918152721654,181.6600645429359,182.38962303507623,100,25400,PE,2024-01-16,0.14
2024-01-10 10:30:00+05:30,183.56858938765407,184.3028637452047,182.83431503010345,183.56858938765407,100,25400,CE,2024-01-16,0.14
2024-01-10 10:30:00+05:30,184.62685259979088,185.36536001019005,183.8883451893917,184.62685259979088,100,25400,PE,2024-01-16,0.14
2024-01-10 10:31:00+05:30,184.1993422173361,184.93613958620543,183.46254484846676,184.1993422173361,100,25400,CE,2024-01-16,0.14
2024-01-10 10:31:00+05:30,183.99609977010886,184.73208416918928,183.26011537102843,183.99609977010886,100,25400,PE,2024-01-16,0.14
2024-01-10 10:32:00+05:30,185.06684023891438,185.80710759987005,184.3265728779587,185.06684023891438,100,25400,CE,2024-01-16,0.14
2024-01-10 10:32:00+05:30,183.12860174853057,183.86111615552468,182.39608734153646,183.12860174853057,100,25400,PE,2024-01-16,0.14
2024-01-10 10:33:00+05:30,179.54893330621752,180.26712903944238,178.83073757299266,179.54893330621752,100,25400,CE,2024-01-16,0.14
2024-01-10 10:33:00+05:30,188.64650868122743,189.40109471595235,187.8919226465025,188.64650868122743,100,25400,PE,2024-01-16,0.14
2024-01-10 10:34:00+05:30,182.01162145976713,182.7396679456062,181.28357497392807,182.01162145976713,100,25400,CE,2024-01-16,0.14
2024-01-10 10:34:00+05:30,186.18382052767782,186.92855580978855,185.4390852455671,186.18382052767782,100,25400,PE,2024-01-16,0.14
2024-01-10 10:35:00+05:30,179.8870145422731,180.6065626004422,179.167466484104,179.8870145422731,100,25400,CE,2024-01-16,0.14
2024-01-10 10:35:00+05:30,188.30842744517184,189.06166115495253,187.55519373539116,188.30842744517184,100,25400,PE,2024-01-16,0.14
2024-01-10 10:36:00+05:30,184.16930995973388,184.90598719957282,183.43263271989494,184.16930995973388,100,25400,CE,2024-01-16,0.14
2024-01-10 10:36:00+05:30,184.02613202771107,184.76223655582191,183.29002749960023,184.02613202771107,100,25400,PE,2024-01-16,0.14
2024-01-10 10:37:00+05:30,183.2035007628471,183.93631476589852,182.4706867597957,183.2035007628471,100,25400,CE,2024-01-16,0.14
2024-01-10 10:37:00+05:30,184.99194122459784,185.73190898949622,184.25197345969946,184.99194122459784,100,25400,PE,2024-01-16,0.14
2024-01-10 10:38:00+05:30,183.3818146026676,184.11534186107826,182.64828734425691,183.3818146026676,100,25400,CE,2024-01-16,0.14
2024-01-10 10:38:00+05:30,184.81362738477736,185.55288189431647,184.07437287523825,184.81362738477736,100,25400,PE,2024-01-16,0.14
2024-01-10 10:39:00+05:30,180.6229666838314,181.34545855056675,179.90047481709607,180.6229666838314,100,25400,CE,2024-01-16,0.14
2024-01-10 10:39:00+05:30,187.57247530361354,188.322765204828,186.8221854023991,187.57247530361354,100,25400,PE,2024-01-16,0.14
2024-01-10 10:40:00+05:30,178.04226221492326,178.75443126378295,177.33009316606356,178.04226221492326,100,25400,CE,2024-01-16,0.14
2024-01-10 10:40:00+05:30,190.1531797725217,190.9137924916118,189.3925670534316,190.1531797725217,100,25400,PE,2024-01-16,0.14
2024-01-10 10:41:00+05:30,178.19914696423774,178.9119435520947,177.48635037638078,178.19914696423774,100,25400,CE,2024-01-16,0.14
2024-01-10 10:41:00+05:30,189.9962950232072,190.75628020330004,189.23630984311438,189.9962950232072,100,25400,PE,2024-01-16,0.14
2024-01-10 10:42:00+05:30,180.39585342191066,181.1174368355983,179.674270008223,180.39585342191066,100,25400,CE,2024-01-16,0.14
2024-01-10 10:42:00+05:30,187.7995885655343,188.55078691979642,187.04839021127216,187.7995885655343,100,25400,PE,2024-01-16,0.14
2024-01-10 10:43:00+05:30,183.1446663414642,183.87724500683004,182.41208767609834,183.1446663414642,100,25400,CE,2024-01-16,0.14
2024-01-10 10:43:00+05:30,185.05077564598076,185.7909787485647,184.31057254339683,185.05077564598076,100,25400,PE,2024-01-16,0.14
2024-01-10 10:44:00+05:30,180.4961938997473,181.2181786753463,179.7742091241483,180.4961938997473,100,25400,CE,2024-01-16,0.14
2024-01-10 10:44:00+05:30,187.69924808769764,188.45004508004843,186.94845109534685,187.69924808769764,100,25400,PE,2024-01-16,0.14
2024-01-10 10:45:00+05:30,175.8267081064784,176.53001493890432,175.1234012740525,175.8267081064784,100,25400,CE,2024-01-16,0.14
2024-01-10 10:45:00+05:30,192.36873388096654,193.13820881649042,191.59925894544267,192.36873388096654,100,25400,PE,2024-01-16,0.14
2024-01-10 10:46:00+05:30,177.45504400699764,178.16486418302563,176.74522383096965,177.45504400699764,100,25400,CE,2024-01-16,0.14
2024-01-10 10:46:00+05:30,190.7403979804473,191.5033595723691,189.97743638852552,190.7403979804473,100,25400,PE,2024-01-16,0.14
2024-01-10 10:47:00+05:30,182.33467771620025,183.06401642706504,181.60533900533545,182.33467771620025,100,25400,CE,2024-01-16,0.14
2024-01-10 10:47:00+05:30,185.8607642712447,186.6042073283297,185.11732121415972,185.8607642712447,100,25400,PE,2024-01-16,0.14
2024-01-10 10:48:00+05:30,180.50943052755218,181.23146824966238,179.78739280544198,180.50943052755218,100,25400,CE,2024-01-16,0.14
2024-01-10 10:48:00+05:30,187.68601145989277,188.43675550573235,186.9352674140532,187.68601145989277,100,25400,PE,2024-01-16,0.14
2024-01-10 10:49:00+05:30,178.93244149940045,179.64817126539805,178.21671173340286,178.93244149940045,100,25400,CE,2024-01-16,0.14
2024-01-10 10:49:00+05:30,189.2630004880445,190.0200524899967,188.5059484860923,189.2630004880445,100,25400,PE,2024-01-16,0.14
2024-01-10 10:50:00+05:30,177.29226588980208,178.0014349533613,176.58309682624287,177.29226588980208,100,25400,CE,2024-01-16,0.14
2024-01-10 10:50:00+05:30,190.90317609764287,191.66678880203344,190.1395633932523,190.90317609764287,100,25400,PE,2024-01-16,0.14
2024-01-10 10:51:00+05:30,178.59740004288113,179.31178964305266,177.8830104427096,178.59740004288113,100,25400,CE,2024-01-16,0.14
2024-01-10 10:51:00+05:30,189.59804194456382,190.35643411234207,188.83964977678556,189.59804194456382,100,25400,PE,2024-01-16,0.14
2024-01-10 10:52:00+05:30,182.24761071882284,182.97660116169814,181.51862027594754,182.24761071882284,100,25400,CE,2024-01-16,0.14
2024-01-10 10:52:00+05:30,185.9478312686221,186.6916225936966,185.20403994354763,185.9478312686221,100,25400,PE,2024-01-16,0.14
2024-01-10 10:53:00+05:30,178.7532457889717,179.4682587721276,178.0382328058158,178.7532457889717,100,25400,CE,2024-01-16,0.14
2024-01-10 10:53:00+05:30,189.44219619847325,190.19996498326714,188.68442741367937,189.44219619847325,100,25400,PE,2024-01-16,0.14
2024-01-10 10:54:00+05:30,180.43677699224435,181.15852410021333,179.71502988427537,180.43677699224435,100,25400,CE,2024-01-16,0.14
2024-01-10 10:54:00+05:30,187.7586649952006,188.5096996551814,187.0076303352198,187.7586649952006,100,25400,PE,2024-01-16,0.14
2024-01-10 10:55:00+05:30,185.89831715337795,186.64191042199147,185.15472388476442,185.89831715337795,100,25400,CE,2024-01-16,0.14
2024-01-10 10:55:00+05:30,182.297124834067,183.02631333340327,181.56793633473075,182.297124834067,100,25400,PE,2024-01-16,0.14
2024-01-10 10:56:00+05:30,188.19974995345882,188.95254895327267,187.44695095364497,188.19974995345882,100,25400,CE,2024-01-16,0.14
2024-01-10 10:56:00+05:30,179.99569203398613,180.71567480212207,179.2757092658502,179.99569203398613,100,25400,PE,2024-01-16,0.14
2024-01-10 10:57:00+05:30,185.36237747540298,186.10382698530458,184.62092796550138,185.36237747540298,100,25400,CE,2024-01-16,0.14
2024-01-10 10:57:00+05:30,182.83306451204197,183.56439677009013,182.10173225399382,182.83306451204197,100,25400,PE,2024-01-16,0.14
2024-01-10 10:58:00+05:30,179.95661671867464,180.67644318554935,179.23679025179993,179.95661671867464,100,25400,CE,2024-01-16,0.14
2024-01-10 10:58:00+05:30,188.2388252687703,188.9917805698454,187.48586996769524,188.2388252687703,100,25400,PE,2024-01-16,0.14
2024-01-10 10:59:00+05:30,180.16634405870326,180.88700943493808,179.44567868246844,180.16634405870326,100,25400,CE,2024-01-16,0.14
2024-01-10 10:59:00+05:30,188.0290979287417,188.78121432045666,187.27698153702673,188.0290979287417,100,25400,PE,2024-01-16,0.14
2024-01-10 11:00:00+05:30,185.3368995726575,186.07824717094815,184.59555197436686,185.3368995726575,100,25400,CE,2024-01-16,0.14
2024-01-10 11:00:00+05:30,182.85854241478745,183.5899765844466,182.1271082451283,182.85854241478745,100,25400,PE,2024-01-16,0.14
2024-01-10 11:01:00+05:30,188.42717147412594,189.18088016002244,187.67346278822944,188.42717147412594,100,25400,CE,2024-01-16,0.14
2024-01-10 11:01:00+05:30,179.768270513319,180.4873435953723,179.04919743126572,179.768270513319,100,25400,PE,2024-01-16,0.14
2024-01-10 11:02:00+05:30,193.94243743223677,194.7182071819657,193.16666768250784,193.94243743223677,100,25400,CE,2024-01-16,0.14
2024-01-10 11:02:00+05:30,174.25300455520818,174.95001657342902,173.55599253698733,174.25300455520818,100,25400,PE,2024-01-16,0.14
2024-01-10 11:03:00+05:30,192.66285441946246,193.4335058371403,191.89220300178462,192.66285441946246,100,25400,CE,2024-01-16,0.14
2024-01-10 11:03:00+05:30,175.5325875679825,176.23471791825443,174.83045721771055,175.5325875679825,100,25400,PE,2024-01-16,0.14
2024-01-10 11:04:00+05:30,192.99979830866658,193.77179750190126,192.2277991154319,192.99979830866658,100,25400,CE,2024-01-16,0.14
2024-01-10 11:04:00+05:30,175.19564367877837,175.89642625349347,174.49486110406326,175.19564367877837,100,25400,PE,2024-01-16,0.14
2024-01-10 11:05:00+05:30,190.0670752156381,190.82734351650066,189.30680691477556,190.0670752156381,100,25400,CE,2024-01-16,0.14
2024-01-10 11:05:00+05:30,178.12836677180684,178.84088023889407,177.4158533047196,178.12836677180684,100,25400,PE,2024-01-16,0.14
2024-01-10 11:06:00+05:30,192.25426035464415,193.02327739606272,191.48524331322557,192.25426035464415,100,25400,CE,2024-01-16,0.14
2024-01-10 11:06:00+05:30,175.9411816328008,176.644946359332,175.2374169062696,175.9411816328008,100,25400,PE,2024-01-16,0.14
2024-01-10 11:07:00+05:30,191.63689025636603,192.4034378173915,190.87034269534055,191.63689025636603,100,25400,CE,2024-01-16,0.14
2024-01-10 11:07:00+05:30,176.55855173107892,177.26478593800323,175.8523175241546,176.55855173107892,100,25400,PE,2024-01-16,0.14
2024-01-10 11:08:00+05:30,188.79514120644825,189.55032177127404,188.03996064162246,188.79514120644825,100,25400,CE,2024-01-16,0.14
2024-01-10 11:08:00+05:30,179.4003007809967,180.1179019841207,178.6826995778727,179.4003007809967,100,25400,PE,2024-01-16,0.14
2024-01-10 11:09:00+05:30,187.46803842811613,188.2179105818286,186.71816627440367,187.46803842811613,100,25400,CE,2024-01-16,0.14
2024-01-10 11:09:00+05:30,180.72740355932882,181.45031317356614,180.0044939450915,180.72740355932882,100,25400,PE,2024-01-16,0.14
2024-01-10 11:10:00+05:30,189.72228735854304,190.4811765079772,188.96339820910887,189.72228735854304,100,25400,CE,2024-01-16,0.14
2024-01-10 11:10:00+05:30,178.4731546289019,179.18704724741752,177.7592620103863,178.4731546289019,100,25400,PE,2024-01-16,0.14
2024-01-10 11:11:00+05:30,193.16324447639425,193.93589745429983,192.39059149848867,193.16324447639425,100,25400,CE,2024-01-16,0.14
2024-01-10 11:11:00+05:30,175.0321975110507,175.7323263010949,174.3320687210065,175.0321975110507,100,25400,PE,2024-01-16,0.14
2024-01-10 11:12:00+05:30,196.25449266486584,197.0395106355253,195.46947469420638,196.25449266486584,100,25400,CE,2024-01-16,0.14
2024-01-10 11:12:00+05:30,171.94094932257912,172.62871311986945,171.25318552528879,171.94094932257912,100,25400,PE,2024-01-16,0.14
2024-01-10 11:13:00+05:30,205.16554522901941,205.9862074099355,204.34488304810333,205.16554522901941,100,25400,CE,2024-01-16,0.14
2024-01-10 11:13:00+05:30,163.02989675842554,163.68201634545923,162.37777717139184,163.02989675842554,100,25400,PE,2024-01-16,0.14
2024-01-10 11:14:00+05:30,208.16750584975279,209.0001758731518,207.33483582635378,208.16750584975279,100,25400,CE,2024-01-16,0.14
2024-01-10 11:14:00+05:30,160.02793613769217,160.66804788224294,159.3878243931414,160.02793613769217,100,25400,PE,2024-01-16,0.14
2024-01-10 11:15:00+05:30,204.88574889801902,205.7052918936111,204.06620590242693,204.88574889801902,100,25400,CE,2024-01-16,0.14
2024-01-10 11:15:00+05:30,163.30969308942593,163.96293186178363,162.65645431706824,163.30969308942593,100,25400,PE,2024-01-16,0.14
2024-01-10 11:16:00+05:30,209.12145630758067,209.95794213281098,208.28497048235036,209.12145630758067,100,25400,CE,2024-01-16,0.14
2024-01-10 11:16:00+05:30,159.07398567986428,159.71028162258375,158.4376897371448,159.07398567986428,100,25400,PE,2024-01-16,0.14
2024-01-10 11:17:00+05:30,206.11445519898706,206.938913019783,205.28999737819112,206.11445519898706,100,25400,CE,2024-01-16,0.14
2024-01-10 11:17:00+05:30,162.0809867884579,162.72931073561173,161.43266284130405,162.0809867884579,100,25400,PE,2024-01-16,0.14
2024-01-10 11:18:00+05:30,202.1851435721398,202.99388414642834,201.37640299785124,202.1851435721398,100,25400,CE,2024-01-16,0.14
2024-01-10 11:18:00+05:30,166.01029841530516,166.6743396089664,165.34625722164392,166.01029841530516,100,25400,PE,2024-01-16,0.14
2024-01-10 11:19:00+05:30,205.0906779552585,205.91104066707956,204.27031524343747,205.0906779552585,100,25400,CE,2024-01-16,0.14
2024-01-10 11:19:00+05:30,163.10476403218644,163.75718308831517,162.4523449760577,163.10476403218644,100,25400,PE,2024-01-16,0.14
2024-01-10 11:20:00+05:30,203.09459315918474,203.90697153182148,202.282214786548,203.09459315918474,100,25400,CE,2024-01-16,0.14
2024-01-10 11:20:00+05:30,165.1008488282602,165.76125222357325,164.44044543294717,165.1008488282602,100,25400,PE,2024-01-16,0.14
2024-01-10 11:21:00+05:30,203.33339069024413,204.14672425300512,202.52005712748314,203.33339069024413,100,25400,CE,2024-01-16,0.14
2024-01-10 11:21:00+05:30,164.86205129720082,165.52149950238962,164.20260309201203,164.86205129720082,100,25400,PE,2024-01-16,0.14
2024-01-10 11:22:00+05:30,201.65335136618313,202.45996477164786,200.8467379607184,201.65335136618313,100,25400,CE,2024-01-16,0.14
2024-01-10 11:22:00+05:30,166.54209062126182,167.20825898374687,165.87592225877677,166.54209062126182,100,25400,PE,2024-01-16,0.14
2024-01-10 11:23:00+05:30,201.16684810265514,201.97151549506574,200.36218071024453,201.16684810265514,100,25400,CE,2024-01-16,0.14
2024-01-10 11:23:00+05:30,167.0285938847898,167.69670826032896,166.36047950925067,167.0285938847898,100,25400,PE,2024-01-16,0.14
2024-01-10 11:24:00+05:30,194.89004619293672,195.66960637770848,194.11048600816497,194.89004619293672,100,25400,CE,2024-01-16,0.14
2024-01-10 11:24:00+05:30,173.30539579450823,173.99861737768626,172.6121742113302,173.30539579450823,100,25400,PE,2024-01-16,0.14
2024-01-10 11:25:00+05:30,198.49074119018377,199.2847041549445,197.69677822542303,198.49074119018377,100,25400,CE,2024-01-16,0.14
2024-01-10 11:25:00+05:30,169.70470079726118,170.38351960045023,169.02588199407214,169.70470079726118,100,25400,PE,2024-01-16,0.14
2024-01-10 11:26:00+05:30,203.31679257003424,204.13005974031438,202.5035253997541,203.31679257003424,100,25400,CE,2024-01-16,0.14
2024-01-10 11:26:00+05:30,164.8786494174107,165.53816401508035,164.21913481974107,164.8786494174107,100,25400,PE,2024-01-16,0.14
2024-01-10 11:27:00+05:30,202.65429027146428,203.46490743255012,201.84367311037843,202.65429027146428,100,25400,CE,2024-01-16,0.14
2024-01-10 11:27:00+05:30,165.54115171598067,166.20331632284459,164.87898710911676,165.54115171598067,100,25400,PE,2024-01-16,0.14
2024-01-10 11:28:00+05:30,207.5814944671908,208.41182044505956,206.75116848932203,207.5814944671908,100,25400,CE,2024-01-16,0.14
2024-01-10 11:28:00+05:30,160.61394752025416,161.25640331033517,159.97149173017314,160.61394752025416,100,25400,PE,2024-01-16,0.14
2024-01-10 11:29:00+05:30,211.06536496914822,211.90962642902483,210.22110350927161,211.06536496914822,100,25400,CE,2024-01-16,0.14
2024-01-10 11:29:00+05:30,157.13007701829673,157.7585973263699,156.50155671022355,157.13007701829673,100,25400,PE,2024-01-16,0.14
2024-01-10 11:30:00+05:30,215.820362272281,216.68364372137012,214.95708082319186,215.820362272281,100,25400,CE,2024-01-16,0.14
2024-01-10 11:30:00+05:30,152.37507971516396,152.98458003402462,151.7655793963033,152.37507971516396,100,25400,PE,2024-01-16,0.14
2024-01-10 11:31:00+05:30,221.63906905945777,222.5256253356956,220.75251278321994,221.63906905945777,100,25400,CE,2024-01-16,0.14
2024-01-10 11:31:00+05:30,146.55637292798718,147.14259841969914,145.97014743627523,146.55637292798718,100,25400,PE,2024-01-16,0.14
2024-01-10 11:32:00+05:30,217.31236391681495,218.18161337248222,216.44311446114767,217.31236391681495,100,25400,CE,2024-01-16,0.14
2024-01-10 11:32:00+05:30,150.88307807063,151.48661038291252,150.2795457583475,150.88307807063,100,25400,PE,2024-01-16,0.14
2024-01-10 11:33:00+05:30,220.64386976460236,221.52644524366076,219.76129428554395,220.64386976460236,100,25400,CE,2024-01-16,0.14
2024-01-10 11:33:00+05:30,147.5515722228426,148.14177851173397,146.9613659339512,147.5515722228426,100,25400,PE,2024-01-16,0.14
2024-01-10 11:34:00+05:30,220.38114252521126,221.2626670953121,219.4996179551104,220.38114252521126,100,25400,CE,2024-01-16,0.14
2024-01-10 11:34:00+05:30,147.8142994622337,148.40555666008262,147.22304226438476,147.8142994622337,100,25400,PE,2024-01-16,0.14
2024-01-10 11:35:00+05:30,223.51334572665263,224.40739910955924,222.61929234374603,223.51334572665263,100,25400,CE,2024-01-16,0.14
2024-01-10 11:35:00+05:30,144.68209626079232,145.2608246458355,144.10336787574914,144.68209626079232,100,25400,PE,2024-01-16,0.14
2024-01-10 11:36:00+05:30,222.81073147019532,223.7019743960761,221.91948854431453,222.81073147019532,100,25400,CE,2024-01-16,0.14
2024-01-10 11:36:00+05:30,145.38471051724963,145.96624935931862,144.80317167518064,145.38471051724963,100,25400,PE,2024-01-16,0.14
2024-01-10 11:37:00+05:30,230.84965058785718,231.7730491902086,229.92625198550576,230.84965058785718,100,25400,CE,2024-01-16,0.14
2024-01-10 11:37:00+05:30,137.34579139958777,137.89517456518612,136.7964082339894,137.34579139958777,100,25400,PE,2024-01-16,0.14
2024-01-10 11:38:00+05:30,237.381579533712,238.33110585184684,236.43205321557716,237.381579533712,100,25400,CE,2024-01-16,0.14
2024-01-10 11:38:00+05:30,130.81386245373295,131.3371179035479,130.290607003918,130.81386245373295,100,25400,PE,2024-01-16,0.14
2024-01-10 11:39:00+05:30,237.64550106890937,238.596083073185,236.69491906463372,237.64550106890937,100,25400,CE,2024-01-16,0.14
2024-01-10 11:39:00+05:30,130.54994091853558,131.07214068220972,130.02774115486145,130.54994091853558,100,25400,PE,2024-01-16,0.14
2024-01-10 11:40:00+05:30,239.62655637773577,240.5850626032467,238.66805015222482,239.62655637773577,100,25400,CE,2024-01-16,0.14
2024-01-10 11:40:00+05:30,128.56888560970918,129.08316115214802,128.05461006727035,128.56888560970918,100,25400,PE,2024-01-16,0.14
2024-01-10 11:41:00+05:30,240.80822322847388,241.77145612138779,239.84499033555997,240.80822322847388,100,25400,CE,2024-01-16,0.14
2024-01-10 11:41:00+05:30,127.38721875897107,127.89676763400696,126.87766988393518,127.38721875897107,100,25400,PE,2024-01-16,0.14
2024-01-10 11:42:00+05:30,242.08727475401218,243.05562385302824,241.11892565499613,242.08727475401218,100,25400,CE,2024-01-16,0.14
2024-01-10 11:42:00+05:30,126.10816723343277,126.6125999023665,125.60373456449904,126.10816723343277,100,25400,PE,2024-01-16,0.14
2024-01-10 11:43:00+05:30,245.90056848815192,246.88417076210453,244.9169662141993,245.90056848815192,100,25400,CE,2024-01-16,0.14
2024-01-10 11:43:00+05:30,122.29487349929303,122.7840529932902,121.80569400529586,122.29487349929303,100,25400,PE,2024-01-16,0.14
2024-01-10 11:44:00+05:30,242.5844429967362,243.55478076872313,241.61410522474924,242.5844429967362,100,25400,CE,2024-01-16,0.14
2024-01-10 11:44:00+05:30,125.61099899070877,126.1134429866716,125.10855499474593,125.61099899070877,100,25400,PE,2024-01-16,0.14
2024-01-10 11:45:00+05:30,237.5802040475607,238.53052486375094,236.62988323137046,237.5802040475607,100,25400,CE,2024-01-16,0.14
2024-01-10 11:45:00+05:30,130.61523793988425,131.1376988916438,130.0927769881247,130.61523793988425,100,25400,PE,2024-01-16,0.14
2024-01-10 11:46:00+05:30,242.1137627619607,243.08221781300853,241.14530771091285,242.1137627619607,100,25400,CE,2024-01-16,0.14
2024-01-10 11:46:00+05:30,126.08167922548427,126.58600594238621,125.57735250858232,126.08167922548427,100,25400,PE,2024-01-16,0.14
2024-01-10 11:47:00+05:30,243.74007513374607,244.71503543428105,242.7651148332111,243.74007513374607,100,25400,CE,2024-01-16,0.14
2024-01-10 11:47:00+05:30,124.45536685369888,124.95318832111367,123.95754538628408,124.45536685369888,100,25400,PE,2024-01-16,0.14
2024-01-10 11:48:00+05:30,242.3752949055758,243.3447960851981,241.4057937259535,242.3752949055758,100,25400,CE,2024-01-16,0.14
2024-01-10 11:48:00+05:30,125.82014708186915,126.32342767019662,125.31686649354168,125.82014708186915,100,25400,PE,2024-01-16,0.14
2024-01-10 11:49:00+05:30,240.17110716244287,241.13179159109265,239.21042273379308,240.17110716244287,100,25400,CE,2024-01-16,0.14
2024-01-10 11:49:00+05:30,128.0243348250021,128.53643216430208,127.51223748570207,128.0243348250021,100,25400,PE,2024-01-16,0.14
2024-01-10 11:50:00+05:30,234.9435759761015,235.8833502800059,234.00380167219708,234.9435759761015,100,25400,CE,2024-01-16,0.14
2024-01-10 11:50:00+05:30,133.25186601134345,133.78487347538882,132.71885854729808,133.25186601134345,100,25400,PE,2024-01-16,0.14
2024-01-10 11:51:00+05:30,234.22079107372127,235.15767423801617,233.28390790942638,234.22079107372127,100,25400,CE,2024-01-16,0.14
2024-01-10 11:51:00+05:30,133.97465091372368,134.51054951737856,133.4387523100688,133.97465091372368,100,25400,PE,2024-01-16,0.14
2024-01-10 11:52:00+05:30,228.0695310741773,228.981809198474,227.1572529498806,228.0695310741773,100,25400,CE,2024-01-16,0.14
2024-01-10 11:52:00+05:30,140.12591091326766,140.68641455692074,139.56540726961458,140.12591091326766,100,25400,PE,2024-01-16,0.14
2024-01-10 11:53:00+05:30,228.91051930197472,229.82616137918262,227.9948772247668,228.91051930197472,100,25400,CE,2024-01-16,0.14
2024-01-10 11:53:00+05:30,139.28492268547024,139.8420623762121,138.72778299472836,139.28492268547024,100,25400,PE,2024-01-16,0.14
2024-01-10 11:54:00+05:30,230.27867944593316,231.1997941637169,229.35756472814944,230.27867944593316,100,25400,CE,2024-01-16,0.14
2024-01-10 11:54:00+05:30,137.9167625415118,138.46842959167785,137.36509549134573,137.9167625415118,100,25400,PE,2024-01-16,0.14
2024-01-10 11:55:00+05:30,228.05283271510388,228.9650440459643,227.14062138424345,228.05283271510388,100,25400,CE,2024-01-16,0.14
2024-01-10 11:55:00+05:30,140.14260927234108,140.70317970943043,139.58203883525172,140.14260927234108,100,25400,PE,2024-01-16,0.14
2024-01-10 11:56:00+05:30,232.13603163172382,233.06457575825073,231.20748750519692,232.13603163172382,100,25400,CE,2024-01-16,0.14
2024-01-10 11:56:00+05:30,136.05941035572113,136.603647997144,135.51517271429825,136.05941035572113,100,25400,PE,2024-01-16,0.14
2024-01-10 11:57:00+05:30,235.24120889075283,236.18217372631585,234.3002440551898,235.24120889075283,100,25400,CE,2024-01-16,0.14
2024-01-10 11:57:00+05:30,132.95423309669212,133.48605002907888,132.42241616430536,132.95423309669212,100,25400,PE,2024-01-16,0.14
2024-01-10 11:58:00+05:30,236.23744558003972,237.18239536235987,235.29249579771957,236.23744558003972,100,25400,CE,2024-01-16,0.14
2024-01-10 11:58:00+05:30,131.95799640740523,132.48582839303486,131.4301644217756,131.95799640740523,100,25400,PE,2024-01-16,0.14
2024-01-10 11:59:00+05:30,233.6742276531201,234.6089245637326,232.73953074250764,233.6742276531201,100,25400,CE,2024-01-16,0.14
2024-01-10 11:59:00+05:30,134.52121433432484,135.05929919166215,133.98312947698753,134.52121433432484,100,25400,PE,2024-01-16,0.14
2024-01-10 12:00:00+05:30,231.4471987898193,232.3729875849786,230.52140999466002,231.4471987898193,100,25400,CE,2024-01-16,0.14
2024-01-10 12:00:00+05:30,136.74824319762564,137.29523617041613,136.20125022483515,136.74824319762564,100,25400,PE,2024-01-16,0.14
2024-01-10 12:01:00+05:30,228.11927093892672,229.03174802268242,227.20679385517101,228.11927093892672,100,25400,CE,2024-01-16,0.14
2024-01-10 12:01:00+05:30,140.07617104851823,140.6364757327123,139.51586636432415,140.07617104851823,100,25400,PE,2024-01-16,0.14
2024-01-10 12:02:00+05:30,220.96295601682112,221.8468078408884,220.07910419275385,220.96295601682112,100,25400,CE,2024-01-16,0.14
2024-01-10 12:02:00+05:30,147.23248597062383,147.82141591450633,146.64355602674132,147.23248597062383,100,25400,PE,2024-01-16,0.14
2024-01-10 12:03:00+05:30,221.16643924351746,222.05110500049153,220.2817734865434,221.16643924351746,100,25400,CE,2024-01-16,0.14
2024-01-10 12:03:00+05:30,147.0290027439275,147.6171187549032,146.44088673295178,147.0290027439275,100,25400,PE,2024-01-16,0.14
2024-01-10 12:04:00+05:30,224.06095208188316,224.9571958902107,223.16470827355562,224.06095208188316,100,25400,CE,2024-01-16,0.14
2024-01-10 12:04:00+05:30,144.1344899055618,144.71102786518404,143.55795194593955,144.1344899055618,100,25400,PE,2024-01-16,0.14
2024-01-10 12:05:00+05:30,218.4990011448951,219.37299714947466,217.62500514031552,218.4990011448951,100,25400,CE,2024-01-16,0.14
2024-01-10 12:05:00+05:30,149.69644084254986,150.29522660592005,149.09765507917967,149.69644084254986,100,25400,PE,2024-01-16,0.14
2024-01-10 12:06:00+05:30,219.96772790047334,220.84759881207523,219.08785698887144,219.96772790047334,100,25400,CE,2024-01-16,0.14
2024-01-10 12:06:00+05:30,148.22771408697162,148.8206249433195,147.63480323062373,148.22771408697162,100,25400,PE,2024-01-16,0.14
2024-01-10 12:07:00+05:30,219.15302060118273,220.02963268358747,218.276408518778,219.15302060118273,100,25400,CE,2024-01-16,0.14
2024-01-10 12:07:00+05:30,149.04242138626222,149.63859107180727,148.44625170071717,149.04242138626222,100,25400,PE,2024-01-16,0.14
2024-01-10 12:08:00+05:30,219.68091381667335,220.55963747194005,218.80219016140666,219.68091381667335,100,25400,CE,2024-01-16,0.14
2024-01-10 12:08:00+05:30,148.5145281707716,149.10858628345468,147.9204700580885,148.5145281707716,100,25400,PE,2024-01-16,0.14
2024-01-10 12:09:00+05:30,222.47212412898415,223.36201262550009,221.5822356324682,222.47212412898415,100,25400,CE,2024-01-16,0.14
2024-01-10 12:09:00+05:30,145.7233178584608,146.30621112989465,145.14042458702696,145.7233178584608,100,25400,PE,2024-01-16,0.14
2024-01-10 12:10:00+05:30,226.01950934488895,226.9235873822685,225.1154313075094,226.01950934488895,100,25400,CE,2024-01-16,0.14
2024-01-10 12:10:00+05:30,142.175932642556,142.74463637312624,141.60722891198577,142.175932642556,100,25400,PE,2024-01-16,0.14
2024-01-10 12:11:00+05:30,223.53450614259208,224.42864416716245,222.6403681180217,223.53450614259208,100,25400,CE,2024-01-16,0.14
2024-01-10 12:11:00+05:30,144.66093584485287,145.2395795882323,144.08229210147346,144.66093584485287,100,25400,PE,2024-01-16,0.14
2024-01-10 12:12:00+05:30,226.40576383026718,227.31138688558823,225.50014077494612,226.40576383026718,100,25400,CE,2024-01-16,0.14
2024-01-10 12:12:00+05:30,141.78967815717778,142.3568368698065,141.22251944454905,141.78967815717778,100,25400,PE,2024-01-16,0.14
2024-01-10 12:13:00+05:30,224.8903893303629,225.78995088768434,223.99082777304145,224.8903893303629,100,25400,CE,2024-01-16,0.14
2024-01-10 12:13:00+05:30,143.30505265708206,143.8782728677104,142.73183244645372,143.30505265708206,100,25400,PE,2024-01-16,0.14
2024-01-10 12:14:00+05:30,215.30326922451212,216.16448230141017,214.44205614761407,215.30326922451212,100,25400,CE,2024-01-16,0.14
2024-01-10 12:14:00+05:30,152.89217276293283,153.50374145398456,152.2806040718811,152.89217276293283,100,25400,PE,2024-01-16,0.14
2024-01-10 12:15:00+05:30,222.99700847608955,223.88899650999392,222.10502044218518,222.99700847608955,100,25400,CE,2024-01-16,0.14
2024-01-10 12:15:00+05:30,145.1984335113554,145.77922724540082,144.61763977731,145.1984335113554,100,25400,PE,2024-01-16,0.14
2024-01-10 12:16:00+05:30,223.16649843753447,224.05916443128461,222.27383244378433,223.16649843753447,100,25400,CE,2024-01-16,0.14
2024-01-10 12:16:00+05:30,145.02894354991048,145.60905932411012,144.44882777571084,145.02894354991048,100,25400,PE,2024-01-16,0.14
2024-01-10 12:17:00+05:30,221.9855446709168,222.87348684960045,221.09760249223314,221.9855446709168,100,25400,CE,2024-01-16,0.14
2024-01-10 12:17:00+05:30,146.20989731652816,146.79473690579428,145.62505772726203,146.20989731652816,100,25400,PE,2024-01-16,0.14
2024-01-10 12:18:00+05:30,227.06254767238687,227.97079786307643,226.1542974816973,227.06254767238687,100,25400,CE,2024-01-16,0.14
2024-01-10 12:18:00+05:30,141.13289431505808,141.6974258923183,140.56836273779786,141.13289431505808,100,25400,PE,2024-01-16,0.14
2024-01-10 12:19:00+05:30,228.7936661809087,229.70884084563232,227.87849151618508,228.7936661809087,100,25400,CE,2024-01-16,0.14
2024-01-10 12:19:00+05:30,139.40177580653625,139.95938290976238,138.84416870331012,139.40177580653625,100,25400,PE,2024-01-16,0.14
2024-01-10 12:20:00+05:30,226.68769883087924,227.59444962620276,225.78094803555572,226.68769883087924,100,25400,CE,2024-01-16,0.14
2024-01-10 12:20:00+05:30,141.5077431565657,142.07377412919197,140.94171218393944,141.5077431565657,100,25400,PE,2024-01-16,0.14
2024-01-10 12:21:00+05:30,227.49104964930638,228.4010138479036,226.58108545070914,227.49104964930638,100,25400,CE,2024-01-16,0.14
2024-01-10 12:21:00+05:30,140.70439233813858,141.26720990749112,140.14157476878603,140.70439233813858,100,25400,PE,2024-01-16,0.14
2024-01-10 12:22:00+05:30,228.72222166702676,229.63711055369487,227.80733278035865,228.72222166702676,100,25400,CE,2024-01-16,0.14
2024-01-10 12:22:00+05:30,139.4732203204182,140.03111320169987,138.91532743913652,139.4732203204182,100,25400,PE,2024-01-16,0.14
2024-01-10 12:23:00+05:30,227.96934120374834,228.88121856856333,227.05746383893336,227.96934120374834,100,25400,CE,2024-01-16,0.14
2024-01-10 12:23:00+05:30,140.2261007836966,140.7870051868314,139.6651963805618,140.2261007836966,100,25400,PE,2024-01-16,0.14
2024-01-10 12:24:00+05:30,219.00585709017258,219.88188051853328,218.1298336618119,219.00585709017258,100,25400,CE,2024-01-16,0.14
2024-01-10 12:24:00+05:30,149.18958489727237,149.78634323686146,148.59282655768328,149.18958489727237,100,25400,PE,2024-01-16,0.14
2024-01-10 12:25:00+05:30,219.56753524009008,220.44580538105043,218.68926509912973,219.56753524009008,100,25400,CE,2024-01-16,0.14
2024-01-10 12:25:00+05:30,148.62790674735487,149.2224183743443,148.03339512036544,148.62790674735487,100,25400,PE,2024-01-16,0.14
2024-01-10 12:26:00+05:30,216.0124190016083,216.87646867761472,215.14836932560186,216.0124190016083,100,25400,CE,2024-01-16,0.14
2024-01-10 12:26:00+05:30,152.18302298583666,152.79175507778,151.5742908938933,152.18302298583666,100,25400,PE,2024-01-16,0.14
2024-01-10 12:27:00+05:30,212.0538699836158,212.90208546355026,211.20565450368136,212.0538699836158,100,25400,CE,2024-01-16,0.14
2024-01-10 12:27:00+05:30,156.14157200382914,156.76613829184447,155.5170057158138,156.14157200382914,100,25400,PE,2024-01-16,0.14
2024-01-10 12:28:00+05:30,212.21128825730528,213.06013341033452,211.36244310427605,212.21128825730528,100,25400,CE,2024-01-16,0.14
2024-01-10 12:28:00+05:30,155.98415373013967,156.60809034506022,155.36021711521911,155.98415373013967,100,25400,PE,2024-01-16,0.14
2024-01-10 12:29:00+05:30,220.30393955782318,221.18515531605448,219.4227237995919,220.30393955782318,100,25400,CE,2024-01-16,0.14
2024-01-10 12:29:00+05:30,147.89150242962177,148.48306843934026,147.29993641990328,147.89150242962177,100,25400,PE,2024-01-16,0.14
2024-01-10 12:30:00+05:30,215.7699673131935,216.63304718244626,214.90688744394072,215.7699673131935,100,25400,CE,2024-01-16,0.14
2024-01-10 12:30:00+05:30,152.42547467425146,153.03517657294847,151.81577277555445,152.42547467425146,100,25400,PE,2024-01-16,0.14
2024-01-10 12:31:00+05:30,216.910144706602,217.77778528542842,216.0425041277756,216.910144706602,100,25400,CE,2024-01-16,0.14
2024-01-10 12:31:00+05:30,151.28529728084294,151.8904384699663,150.68015609171957,151.28529728084294,100,25400,PE,2024-01-16,0.14
2024-01-10 12:32:00+05:30,211.29942092022583,212.14461860390674,210.45422323654492,211.29942092022583,100,25400,CE,2024-01-16,0.14
2024-01-10 12:32:00+05:30,156.89602106721912,157.523605151488,156.26843698295025,156.89602106721912,100,25400,PE,2024-01-16,0.14
2024-01-10 12:33:00+05:30,205.2029011428546,206.02371274742603,204.3820895382832,205.2029011428546,100,25400,CE,2024-01-16,0.14
2024-01-10 12:33:00+05:30,162.99254084459034,163.6445110079687,162.34057068121197,162.99254084459034,100,25400,PE,2024-01-16,0.14
2024-01-10 12:34:00+05:30,203.7877531944975,204.6029042072755,202.9726021817195,203.7877531944975,100,25400,CE,2024-01-16,0.14
2024-01-10 12:34:00+05:30,164.40768879294745,165.06531954811925,163.75005803777566,164.40768879294745,100,25400,PE,2024-01-16,0.14
2024-01-10 12:35:00+05:30,207.22314882235486,208.0520414176443,206.39425622706543,207.22314882235486,100,25400,CE,2024-01-16,0.14
2024-01-10 12:35:00+05:30,160.9722931650901,161.61618233775044,160.32840399242974,160.9722931650901,100,25400,PE,2024-01-16,0.14
2024-01-10 12:36:00+05:30,208.2474535497583,209.08044336395733,207.41446373555925,208.2474535497583,100,25400,CE,2024-01-16,0.14
2024-01-10 12:36:00+05:30,159.94798843768666,160.5877803914374,159.30819648393592,159.94798843768666,100,25400,PE,2024-01-16,0.14
2024-01-10 12:37:00+05:30,209.2759241007695,210.11302779717258,208.4388204043664,209.2759241007695,100,25400,CE,2024-01-16,0.14
2024-01-10 12:37:00+05:30,158.91951788667546,159.55519595822216,158.28383981512877,158.91951788667546,100,25400,PE,2024-01-16,0.14
2024-01-10 12:38:00+05:30,213.85046172635128,214.7058635732567,212.99505987944588,213.85046172635128,100,25400,CE,2024-01-16,0.14
2024-01-10 12:38:00+05:30,154.34498026109367,154.96236018213804,153.7276003400493,154.34498026109367,100,25400,PE,2024-01-16,0.14
2024-01-10 12:39:00+05:30,215.657453927042,216.5200837427502,214.79482411133384,215.657453927042,100,25400,CE,2024-01-16,0.14
2024-01-10 12:39:00+05:30,152.53798806040294,153.14814001264455,151.92783610816133,152.53798806040294,100,25400,PE,2024-01-16,0.14
2024-01-10 12:40:00+05:30,213.4098580457682,214.2634974779513,212.55621861358512,213.4098580457682,100,25400,CE,2024-01-16,0.14
2024-01-10 12:40:00+05:30,154.78558394167675,155.40472627744344,154.16644160591005,154.78558394167675,100,25400,PE,2024-01-16,0.14
2024-01-10 12:41:00+05:30,209.77606395419724,210.61516821001402,208.93695969838046,209.77606395419724,100,25400,CE,2024-01-16,0.14
2024-01-10 12:41:00+05:30,158.4193780332477,159.05305554538072,157.7857005211147,158.4193780332477,100,25400,PE,2024-01-16,0.14
2024-01-10 12:42:00+05:30,208.5817473598724,209.41607434931188,207.7474203704329,208.5817473598724,100,25400,CE,2024-01-16,0.14
2024-01-10 12:42:00+05:30,159.61369462757256,160.25214940608285,158.97523984906226,159.61369462757256,100,25400,PE,2024-01-16,0.14
2024-01-10 12:43:00+05:30,209.86605748230585,210.70552171223508,209.0265932523766,209.86605748230585,100,25400,CE,2024-01-16,0.14
2024-01-10 12:43:00+05:30,158.3293845051391,158.96270204315965,157.69606696711855,158.3293845051391,100,25400,PE,2024-01-16,0.14
2024-01-10 12:44:00+05:30,208.58689395453047,209.4212415303486,207.75254637871234,208.58689395453047,100,25400,CE,2024-01-16,0.14
2024-01-10 12:44:00+05:30,159.60854803291448,160.24698222504614,158.97011384078283,159.60854803291448,100,25400,PE,2024-01-16,0.14
2024-01-10 12:45:00+05:30,207.64356769156046,208.4741419623267,206.81299342079421,207.64356769156046,100,25400,CE,2024-01-16,0.14
2024-01-10 12:45:00+05:30,160.5518742958845,161.19408179306802,159.90966679870095,160.5518742958845,100,25400,PE,2024-01-16,0.14
2024-01-10 12:46:00+05:30,205.48292851376362,206.3048602278187,204.66099679970856,205.48292851376362,100,25400,CE,2024-01-16,0.14
2024-01-10 12:46:00+05:30,162.71251347368133,163.36336352757604,162.0616634197866,162.71251347368133,100,25400,PE,2024-01-16,0.14
2024-01-10 12:47:00+05:30,202.40265811091894,203.2122687433626,201.59304747847526,202.40265811091894,100,25400,CE,2024-01-16,0.14
2024-01-10 12:47:00+05:30,165.79278387652602,166.45595501203212,165.1296127410199,165.79278387652602,100,25400,PE,2024-01-16,0.14
2024-01-10 12:48:00+05:30,197.83297134431422,198.62430322969146,197.04163945893697,197.83297134431422,100,25400,CE,2024-01-16,0.14
2024-01-10 12:48:00+05:30,170.36247064313073,171.04392052570327,169.6810207605582,170.36247064313073,100,25400,PE,2024-01-16,0.14
2024-01-10 12:49:00+05:30,194.78791980246905,195.56707148167894,194.00876812325916,194.78791980246905,100,25400,CE,2024-01-16,0.14
2024-01-10 12:49:00+05:30,173.4075221849759,174.1011522737158,172.713892096236,173.4075221849759,100,25400,PE,2024-01-16,0.14
2024-01-10 12:50:00+05:30,201.46000528013218,202.2658453012527,200.65416525901165,201.46000528013218,100,25400,CE,2024-01-16,0.14
2024-01-10 12:50:00+05:30,166.73543670731277,167.40237845414202,166.06849496048352,166.73543670731277,100,25400,PE,2024-01-16,0.14
2024-01-10 12:51:00+05:30,205.47921318478228,206.3011300375214,204.65729633204316,205.47921318478228,100,25400,CE,2024-01-16,0.14
2024-01-10 12:51:00+05:30,162.71622880266267,163.36709371787333,162.065363887452,162.71622880266267,100,25400,PE,2024-01-16,0.14
2024-01-10 12:52:00+05:30,210.65766745877926,211.5002981286144,209.81503678894413,210.65766745877926,100,25400,CE,2024-01-16,0.14
2024-01-10 12:52:00+05:30,157.5377745286657,158.16792562678035,156.90762343055104,157.5377745286657,100,25400,PE,2024-01-16,0.14
2024-01-10 12:53:00+05:30,211.0607389447993,211.90498190057852,210.2164959890201,211.0607389447993,100,25400,CE,2024-01-16,0.14
2024-01-10 12:53:00+05:30,157.13470304264564,157.76324185481621,156.50616423047506,157.13470304264564,100,25400,PE,2024-01-16,0.14
2024-01-10 12:54:00+05:30,210.56024879505975,211.40248979024,209.7180077998795,210.56024879505975,100,25400,CE,2024-01-16,0.14
2024-01-10 12:54:00+05:30,157.6351931923852,158.26573396515474,157.00465241961567,157.6351931923852,100,25400,PE,2024-01-16,0.14
2024-01-10 12:55:00+05:30,213.59221850171497,214.44658737572183,212.7378496277081,213.59221850171497,100,25400,CE,2024-01-16,0.14
2024-01-10 12:55:00+05:30,154.60322348572998,155.2216363796729,153.98481059178707,154.60322348572998,100,25400,PE,2024-01-16,0.14
2024-01-10 12:56:00+05:30,212.1351111119672,212.98365155641508,211.28657066751933,212.1351111119672,100,25400,CE,2024-01-16,0.14
2024-01-10 12:56:00+05:30,156.06033087547775,156.68457219897965,155.43608955197584,156.06033087547775,100,25400,PE,2024-01-16,0.14
2024-01-10 12:57:00+05:30,216.40767088395995,217.2733015674958,215.5420402004241,216.40767088395995,100,25400,CE,2024-01-16,0.14
2024-01-10 12:57:00+05:30,151.787771103485,152.39492218789894,151.18062001907106,151.787771103485,100,25400,PE,2024-01-16,0.14
2024-01-10 12:58:00+05:30,216.87413489885483,217.74163143845024,216.00663835925943,216.87413489885483,100,25400,CE,2024-01-16,0.14
2024-01-10 12:58:00+05:30,151.32130708859012,151.92659231694446,150.71602186023577,151.32130708859012,100,25400,PE,2024-01-16,0.14
2024-01-10 12:59:00+05:30,219.8366390099415,220.71598556598127,218.95729245390174,219.8366390099415,100,25400,CE,2024-01-16,0.14
2024-01-10 12:59:00+05:30,148.35880297750344,148.95223818941346,147.76536776559342,148.35880297750344,100,25400,PE,2024-01-16,0.14
2024-01-10 13:00:00+05:30,216.87743879931412,217.74494855451138,216.00992904411686,216.87743879931412,100,25400,CE,2024-01-16,0.14
2024-01-10 13:00:00+05:30,151.31800318813083,151.92327520088335,150.7127311753783,151.31800318813083,100,25400,PE,2024-01-16,0.14
2024-01-10 13:01:00+05:30,223.7080010012848,224.60283300528994,222.81316899727966,223.7080010012848,100,25400,CE,2024-01-16,0.14
2024-01-10 13:01:00+05:30,144.48744098616015,145.0653907501048,143.9094912222155,144.48744098616015,100,25400,PE,2024-01-16,0.14
2024-01-10 13:02:00+05:30,224.46371113137474,225.36156597590025,223.56585628684923,224.46371113137474,100,25400,CE,2024-01-16,0.14
2024-01-10 13:02:00+05:30,143.73173085607021,144.3066577794945,143.15680393264594,143.73173085607021,100,25400,PE,2024-01-16,0.14
2024-01-10 13:03:00+05:30,226.95320624646928,227.86101907145516,226.0453934214834,226.95320624646928,100,25400,CE,2024-01-16,0.14
2024-01-10 13:03:00+05:30,141.24223574097567,141.80720468393957,140.67726679801177,141.24223574097567,100,25400,PE,2024-01-16,0.14
2024-01-10 13:04:00+05:30,224.11669595591928,225.01316273974297,223.2202291720956,224.11669595591928,100,25400,CE,2024-01-16,0.14
2024-01-10 13:04:00+05:30,144.07874603152567,144.65506101565177,143.50243104739957,144.07874603152567,100,25400,PE,2024-01-16,0.14
2024-01-10 13:05:00+05:30,221.49115640068493,222.37712102628768,220.60519177508218,221.49115640068493,100,25400,CE,2024-01-16,0.14
2024-01-10 13:05:00+05:30,146.70428558676002,147.29110272910705,146.117468444413,146.70428558676002,100,25400,PE,2024-01-16,0.14
2024-01-10 13:06:00+05:30,224.10963394913023,225.00607248492676,223.2131954133337,224.10963394913023,100,25400,CE,2024-01-16,0.14
2024-01-10 13:06:00+05:30,144.08580803831472,144.66215127046797,143.50946480616147,144.08580803831472,100,25400,PE,2024-01-16,0.14
2024-01-10 13:07:00+05:30,217.89199499563773,218.7635629756203,217.02042701565517,217.89199499563773,100,25400,CE,2024-01-16,0.14
2024-01-10 13:07:00+05:30,150.30344699180722,150.90466077977445,149.70223320384,150.30344699180722,100,25400,PE,2024-01-16,0.14
2024-01-10 13:08:00+05:30,222.55677286235704,223.44699995380645,221.66654577090762,222.55677286235704,100,25400,CE,2024-01-16,0.14
2024-01-10 13:08:00+05:30,145.63866912508792,146.22122380158828,145.05611444858755,145.63866912508792,100,25400,PE,2024-01-16,0.14
2024-01-10 13:09:00+05:30,220.29064274230922,221.17180531327844,219.40948017134,220.29064274230922,100,25400,CE,2024-01-16,0.14
2024-01-10 13:09:00+05:30,147.90479924513573,148.49641844211627,147.3131800481552,147.90479924513573,100,25400,PE,2024-01-16,0.14
2024-01-10 13:10:00+05:30,223.90478317142487,224.80040230411058,223.00916403873916,223.90478317142487,100,25400,CE,2024-01-16,0.14
2024-01-10 13:10:00+05:30,144.29065881602008,144.86782145128416,143.713496180756,144.29065881602008,100,25400,PE,2024-01-16,0.14
2024-01-10 13:11:00+05:30,221.409397105104,222.29503469352443,220.52375951668358,221.409397105104,100,25400,CE,2024-01-16,0.14
2024-01-10 13:11:00+05:30,146.78604488234095,147.3731890618703,146.19890070281159,146.78604488234095,100,25400,PE,2024-01-16,0.14
2024-01-10 13:12:00+05:30,221.21146779604504,222.09631366722923,220.32662192486086,221.21146779604504,100,25400,CE,2024-01-16,0.14
2024-01-10 13:12:00+05:30,146.9839741913999,147.5719100881655,146.3960382946343,146.9839741913999,100,25400,PE,2024-01-16,0.14
2024-01-10 13:13:00+05:30,221.50557745334453,222.3915997631579,220.61955514353116,221.50557745334453,100,25400,CE,2024-01-16,0.14
2024-01-10 13:13:00+05:30,146.68986453410042,147.27662399223684,146.103105075964,146.68986453410042,100,25400,PE,2024-01-16,0.14
2024-01-10 13:14:00+05:30,224.9358829435002,225.83562647527418,224.0361394117262,224.9358829435002,100,25400,CE,2024-01-16,0.14
2024-01-10 13:14:00+05:30,143.25955904394476,143.83259728012055,142.68652080776897,143.25955904394476,100,25400,PE,2024-01-16,0.14
2024-01-10 13:15:00+05:30,221.68632648357533,222.57307178950964,220.79958117764102,221.68632648357533,100,25400,CE,2024-01-16,0.14
2024-01-10 13:15:00+05:30,146.50911550386962,147.0951519658851,145.92307904185415,146.50911550386962,100,25400,PE,2024-01-16,0.14
2024-01-10 13:16:00+05:30,223.7438542828092,224.63882969994043,222.84887886567796,223.7438542828092,100,25400,CE,2024-01-16,0.14
2024-01-10 13:16:00+05:30,144.45158770463576,145.0293940554543,143.8737813538172,144.45158770463576,100,25400,PE,2024-01-16,0.14
2024-01-10 13:17:00+05:30,224.82911461627526,225.72843107474037,223.92979815781015,224.82911461627526,100,25400,CE,2024-01-16,0.14
2024-01-10 13:17:00+05:30,143.3663273711697,143.93979268065436,142.792862061685,143.3663273711697,100,25400,PE,2024-01-16,0.14
2024-01-10 13:18:00+05:30,227.72305370754628,228.63394592237648,226.8121614927161,227.72305370754628,100,25400,CE,2024-01-16,0.14
2024-01-10 13:18:00+05:30,140.47238827989867,141.03427783301825,139.91049872677908,140.47238827989867,100,25400,PE,2024-01-16,0.14
2024-01-10 13:19:00+05:30,224.5443012531211,225.44247845813356,223.64612404810862,224.5443012531211,100,25400,CE,2024-01-16,0.14
2024-01-10 13:19:00+05:30,143.65114073432386,144.22574529726117,143.07653617138655,143.65114073432386,100,25400,PE,2024-01-16,0.14
2024-01-10 13:20:00+05:30,224.53306483062414,225.43119708994664,223.63493257130165,224.53306483062414,100,25400,CE,2024-01-16,0.14
2024-01-10 13:20:00+05:30,143.6623771568208,144.2370266654481,143.08772764819352,143.6623771568208,100,25400,PE,2024-01-16,0.14
2024-01-10 13:21:00+05:30,221.73464141612175,222.62157998178623,220.84770285045727,221.73464141612175,100,25400,CE,2024-01-16,0.14
2024-01-10 13:21:00+05:30,146.4608005713232,147.0466437736085,145.8749573690379,146.4608005713232,100,25400,PE,2024-01-16,0.14
2024-01-10 13:22:00+05:30,220.2736502323657,221.15474483329515,219.39255563143624,220.2736502323657,100,25400,CE,2024-01-16,0.14
2024-01-10 13:22:00+05:30,147.92179175507925,148.51347892209958,147.33010458805893,147.92179175507925,100,25400,PE,2024-01-16,0.14
2024-01-10 13:23:00+05:30,224.2886726525482,225.1858273431584,223.391517961938,224.2886726525482,100,25400,CE,2024-01-16,0.14
2024-01-10 13:23:00+05:30,143.90676933489675,144.48239641223634,143.33114225755716,143.90676933489675,100,25400,PE,2024-01-16,0.14
2024-01-10 13:24:00+05:30,228.7365039457415,229.65144996152446,227.82155792995854,228.7365039457415,100,25400,CE,2024-01-16,0.14
2024-01-10 13:24:00+05:30,139.45893804170345,140.01677379387027,138.90110228953662,139.45893804170345,100,25400,PE,2024-01-16,0.14
2024-01-10 13:25:00+05:30,225.2028104618036,226.10362170365082,224.3019992199564,225.2028104618036,100,25400,CE,2024-01-16,0.14
2024-01-10 13:25:00+05:30,142.99263152564134,143.56460205174392,142.42066099953877,142.99263152564134,100,25400,PE,2024-01-16,0.14
2024-01-10 13:26:00+05:30,224.56557866132033,225.4638409759656,223.66731634667505,224.56557866132033,100,25400,CE,2024-01-16,0.14
2024-01-10 13:26:00+05:30,143.62986332612462,144.20438277942912,143.05534387282012,143.62986332612462,100,25400,PE,2024-01-16,0.14
2024-01-10 13:27:00+05:30,224.2615182027891,225.15856427560024,223.36447212997794,224.2615182027891,100,25400,CE,2024-01-16,0.14
2024-01-10 13:27:00+05:30,143.93392378465586,144.5096594797945,143.35818808951723,143.93392378465586,100,25400,PE,2024-01-16,0.14
2024-01-10 13:28:00+05:30,220.65921498903634,221.54185184899248,219.7765781290802,220.65921498903634,100,25400,CE,2024-01-16,0.14
2024-01-10 13:28:00+05:30,147.5362269984086,148.12637190640226,146.94608209041496,147.5362269984086,100,25400,PE,2024-01-16,0.14
2024-01-10 13:29:00+05:30,219.1528296781068,220.02944099681923,218.27621835939436,219.1528296781068,100,25400,CE,2024-01-16,0.14
2024-01-10 13:29:00+05:30,149.04261230933815,149.6387827585755,148.4464418601008,149.04261230933815,100,25400,PE,2024-01-16,0.14
2024-01-10 13:30:00+05:30,215.08326919708787,215.94360227387622,214.22293612029952,215.08326919708787,100,25400,CE,2024-01-16,0.14
2024-01-10 13:30:00+05:30,153.11217279035708,153.7246214815185,152.49972409919565,153.11217279035708,100,25400,PE,2024-01-16,0.14
2024-01-10 13:31:00+05:30,217.14778202040515,218.01637314848676,216.27919089232353,217.14778202040515,100,25400,CE,2024-01-16,0.14
2024-01-10 13:31:00+05:30,151.0476599670398,151.65185060690797,150.44346932717164,151.0476599670398,100,25400,PE,2024-01-16,0.14
2024-01-10 13:32:00+05:30,213.5253313185146,214.37943264378865,212.67122999324053,213.5253313185146,100,25400,CE,2024-01-16,0.14
2024-01-10 13:32:00+05:30,154.67011066893036,155.2887911116061,154.05143022625464,154.67011066893036,100,25400,PE,2024-01-16,0.14
2024-01-10 13:33:00+05:30,218.81394388065172,219.68919965617434,217.9386881051291,218.81394388065172,100,25400,CE,2024-01-16,0.14
2024-01-10 13:33:00+05:30,149.38149810679323,149.9790240992204,148.78397211436607,149.38149810679323,100,25400,PE,2024-01-16,0.14
2024-01-10 13:34:00+05:30,211.37819661190014,212.22370939834775,210.53268382545252,211.37819661190014,100,25400,CE,2024-01-16,0.14
2024-01-10 13:34:00+05:30,156.81724537554481,157.44451435704698,156.18997639404265,156.81724537554481,100,25400,PE,2024-01-16,0.14
2024-01-10 13:35:00+05:30,213.48613627608546,214.34008082118982,212.6321917309811,213.48613627608546,100,25400,CE,2024-01-16,0.14
2024-01-10 13:35:00+05:30,154.7093057113595,155.32814293420492,154.09046848851406,154.7093057113595,100,25400,PE,2024-01-16,0.14
2024-01-10 13:36:00+05:30,215.7235075276837,216.58640155779443,214.86061349757296,215.7235075276837,100,25400,CE,2024-01-16,0.14
2024-01-10 13:36:00+05:30,152.47193445976126,153.0818221976003,151.8620467219222,152.47193445976126,100,25400,PE,2024-01-16,0.14
2024-01-10 13:37:00+05:30,213.21866305735756,214.07153770958698,212.36578840512814,213.21866305735756,100,25400,CE,2024-01-16,0.14
2024-01-10 13:37:00+05:30,154.9767789300874,155.59668604580773,154.35687181436705,154.9767789300874,100,25400,PE,2024-01-16,0.14
2024-01-10 13:38:00+05:30,206.76295399901,207.59000581500604,205.93590218301395,206.76295399901,100,25400,CE,2024-01-16,0.14
2024-01-10 13:38:00+05:30,161.43248798843496,162.0782179403887,160.78675803648122,161.43248798843496,100,25400,PE,2024-01-16,0.14
2024-01-10 13:39:00+05:30,207.36656125871167,208.1960275037465,206.53709501367683,207.36656125871167,100,25400,CE,2024-01-16,0.14
2024-01-10 13:39:00+05:30,160.82888072873328,161.47219625164823,160.18556520581834,160.82888072873328,100,25400,PE,2024-01-16,0.14
2024-01-10 13:40:00+05:30,202.69131413288932,203.50207938942089,201.88054887635775,202.69131413288932,100,25400,CE,2024-01-16,0.14
2024-01-10 13:40:00+05:30,165.50412785455563,166.16614436597385,164.84211134313742,165.50412785455563,100,25400,PE,2024-01-16,0.14
2024-01-10 13:41:00+05:30,206.72176568793083,207.54865275068255,205.8948786251791,206.72176568793083,100,25400,CE,2024-01-16,0.14
2024-01-10 13:41:00+05:30,161.47367629951412,162.11957100471218,160.82778159431606,161.47367629951412,100,25400,PE,2024-01-16,0.14
2024-01-10 13:42:00+05:30,207.06033423210073,207.88857556902914,206.23209289517231,207.06033423210073,100,25400,CE,2024-01-16,0.14
2024-01-10 13:42:00+05:30,161.13510775534422,161.7796481863656,160.49056732432285,161.13510775534422,100,25400,PE,2024-01-16,0.14
2024-01-10 13:43:00+05:30,206.9253766616909,207.75307816833768,206.09767515504413,206.9253766616909,100,25400,CE,2024-01-16,0.14
2024-01-10 13:43:00+05:30,161.27006532575405,161.91514558705705,160.62498506445104,161.27006532575405,100,25400,PE,2024-01-16,0.14
2024-01-10 13:44:00+05:30,207.26222127409136,208.09127015918773,206.433172388995,207.26222127409136,100,25400,CE,2024-01-16,0.14
2024-01-10 13:44:00+05:30,160.9332207133536,161.576953596207,160.28948783050018,160.9332207133536,100,25400,PE,2024-01-16,0.14
2024-01-10 13:45:00+05:30,210.0099231808851,210.84996287360863,209.16988348816156,210.0099231808851,100,25400,CE,2024-01-16,0.14
2024-01-10 13:45:00+05:30,158.18551880655986,158.8182608817861,157.5527767313336,158.18551880655986,100,25400,PE,2024-01-16,0.14
2024-01-10 13:46:00+05:30,209.84314908974892,210.68252168610792,209.00377649338992,209.84314908974892,100,25400,CE,2024-01-16,0.14
2024-01-10 13:46:00+05:30,158.35229289769603,158.98570206928682,157.71888372610525,158.35229289769603,100,25400,PE,2024-01-16,0.14
2024-01-10 13:47:00+05:30,211.81883488693683,212.66611022648456,210.9715595473891,211.81883488693683,100,25400,CE,2024-01-16,0.14
2024-01-10 13:47:00+05:30,156.37660710050812,157.00211352891014,155.7511006721061,156.37660710050812,100,25400,PE,2024-01-16,0.14
2024-01-10 13:48:00+05:30,213.1049272016914,213.95734691049816,212.25250749288463,213.1049272016914,100,25400,CE,2024-01-16,0.14
2024-01-10 13:48:00+05:30,155.09051478575356,155.71087684489657,154.47015272661054,155.09051478575356,100,25400,PE,2024-01-16,0.14
2024-01-10 13:49:00+05:30,211.05981495986788,211.90405421970735,210.2155757000284,211.05981495986788,100,25400,CE,2024-01-16,0.14
2024-01-10 13:49:00+05:30,157.13562702757707,157.7641695356874,156.50708451946676,157.13562702757707,100,25400,PE,2024-01-16,0.14
2024-01-10 13:50:00+05:30,215.11476093795653,215.97521998170836,214.2543018942047,215.11476093795653,100,25400,CE,2024-01-16,0.14
2024-01-10 13:50:00+05:30,153.08068104948842,153.69300377368637,152.46835832529047,153.08068104948842,100,25400,PE,2024-01-16,0.14
2024-01-10 13:51:00+05:30,221.0271518970564,221.91126050464462,220.14304328946818,221.0271518970564,100,25400,CE,2024-01-16,0.14
2024-01-10 13:51:00+05:30,147.16829009038855,147.75696325075012,146.579616930027,147.16829009038855,100,25400,PE,2024-01-16,0.14
2024-01-10 13:52:00+05:30,225.09663849812176,225.99702505211425,224.19625194412927,225.09663849812176,100,25400,CE,2024-01-16,0.14
2024-01-10 13:52:00+05:30,143.0988034893232,143.67119870328048,142.5264082753659,143.0988034893232,100,25400,PE,2024-01-16,0.14
2024-01-10 13:53:00+05:30,225.45196062461736,226.35376846711583,224.5501527821189,225.45196062461736,100,25400,CE,2024-01-16,0.14
2024-01-10 13:53:00+05:30,142.7434813628276,143.3144552882789,142.17250743737628,142.7434813628276,100,25400,PE,2024-01-16,0.14
2024-01-10 13:54:00+05:30,227.90624691280726,228.8178719004585,226.99462192515603,227.90624691280726,100,25400,CE,2024-01-16,0.14
2024-01-10 13:54:00+05:30,140.2891950746377,140.85035185493624,139.72803829433914,140.2891950746377,100,25400,PE,2024-01-16,0.14
2024-01-10 13:55:00+05:30,223.80643437999578,224.70166011751576,222.9112086424758,223.80643437999578,100,25400,CE,2024-01-16,0.14
2024-01-10 13:55:00+05:30,144.38900760744917,144.96656363787898,143.81145157701937,144.38900760744917,100,25400,PE,2024-01-16,0.14
2024-01-10 13:56:00+05:30,220.6150614763971,221.49752172230268,219.73260123049153,220.6150614763971,100,25400,CE,2024-01-16,0.14
2024-01-10 13:56:00+05:30,147.58038051104785,148.17070203309203,146.99005898900367,147.58038051104785,100,25400,PE,2024-01-16,0.14
2024-01-10 13:57:00+05:30,217.20451607693366,218.0733341412414,216.33569801262593,217.20451607693366,100,25400,CE,2024-01-16,0.14
2024-01-10 13:57:00+05:30,150.9909259105113,151.59488961415335,150.38696220686924,150.9909259105113,100,25400,PE,2024-01-16,0.14
2024-01-10 13:58:00+05:30,214.9073848268378,215.76701436614516,214.04775528753046,214.9073848268378,100,25400,CE,2024-01-16,0.14
2024-01-10 13:58:00+05:30,153.28805716060714,153.90120938924957,152.6749049319647,153.28805716060714,100,25400,PE,2024-01-16,0.14
2024-01-10 13:59:00+05:30,217.91773215053007,218.7894030791322,217.04606122192794,217.91773215053007,100,25400,CE,2024-01-16,0.14
2024-01-10 13:59:00+05:30,150.27770983691488,150.87882067626254,149.67659899756723,150.27770983691488,100,25400,PE,2024-01-16,0.14
2024-01-10 14:00:00+05:30,214.71374162833644,215.57259659484978,213.8548866618231,214.71374162833644,100,25400,CE,2024-01-16,0.14
2024-01-10 14:00:00+05:30,153.48170035910852,154.09562716054495,152.86777355767208,153.48170035910852,100,25400,PE,2024-01-16,0.14
2024-01-10 14:01:00+05:30,212.2043197670734,213.0531370461417,211.3555024880051,212.2043197670734,100,25400,CE,2024-01-16,0.14
2024-01-10 14:01:00+05:30,155.99112222037155,156.61508670925303,155.36715773149007,155.99112222037155,100,25400,PE,2024-01-16,0.14
2024-01-10 14:02:00+05:30,206.42223385585174,207.24792279127516,205.59654492042833,206.42223385585174,100,25400,CE,2024-01-16,0.14
2024-01-10 14:02:00+05:30,161.7732081315932,162.42030096411958,161.12611529906684,161.7732081315932,100,25400,PE,2024-01-16,0.14
2024-01-10 14:03:00+05:30,203.70187978516486,204.51668730430552,202.8870722660242,203.70187978516486,100,25400,CE,2024-01-16,0.14
2024-01-10 14:03:00+05:30,164.4935622022801,165.1515364510892,163.83558795347096,164.4935622022801,100,25400,PE,2024-01-16,0.14
2024-01-10 14:04:00+05:30,197.33041010374444,198.11973174415942,196.54108846332946,197.33041010374444,100,25400,CE,2024-01-16,0.14
2024-01-10 14:04:00+05:30,170.8650318837005,171.5484920112353,170.1815717561657,170.8650318837005,100,25400,PE,2024-01-16,0.14
2024-01-10 14:05:00+05:30,200.5297019060087,201.33182071363274,199.72758309838468,200.5297019060087,100,25400,CE,2024-01-16,0.14
2024-01-10 14:05:00+05:30,167.66574008143624,168.336403041762,166.99507712111048,167.66574008143624,100,25400,PE,2024-01-16,0.14
2024-01-10 14:06:00+05:30,199.79913415250638,200.5983306891164,198.99993761589636,199.79913415250638,100,25400,CE,2024-01-16,0.14
2024-01-10 14:06:00+05:30,168.39630783493857,169.06989306627833,167.7227226035988,168.39630783493857,100,25400,PE,2024-01-16,0.14
2024-01-10 14:07:00+05:30,203.12805799643473,203.94057022842048,202.31554576444898,203.12805799643473,100,25400,CE,2024-01-16,0.14
2024-01-10 14:07:00+05:30,165.06738399101022,165.72765352697425,164.40711445504618,165.06738399101022,100,25400,PE,2024-01-16,0.14
2024-01-10 14:08:00+05:30,208.09002773233595,208.9223878432653,207.2576676214066,208.09002773233595,100,25400,CE,2024-01-16,0.14
2024-01-10 14:08:00+05:30,160.105414255109,160.74583591212942,159.46499259808857,160.105414255109,100,25400,PE,2024-01-16,0.14
2024-01-10 14:09:00+05:30,209.70132987566802,210.5401351951707,208.86252455616534,209.70132987566802,100,25400,CE,2024-01-16,0.14
2024-01-10 14:09:00+05:30,158.49411211177693,159.12808856022403,157.86013566332983,158.49411211177693,100,25400,PE,2024-01-16,0.14
2024-01-10 14:10:00+05:30,210.80858975770906,211.6518241167399,209.9653553986782,210.80858975770906,100,25400,CE,2024-01-16,0.14
2024-01-10 14:10:00+05:30,157.3868522297359,158.01639963865483,156.75730482081696,157.3868522297359,100,25400,PE,2024-01-16,0.14
2024-01-10 14:11:00+05:30,211.16141704048977,212.00606270865174,210.3167713723278,211.16141704048977,100,25400,CE,2024-01-16,0.14
2024-01-10 14:11:00+05:30,157.03402494695518,157.662161046743,156.40588884716738,157.03402494695518,100,25400,PE,2024-01-16,0.14
2024-01-10 14:12:00+05:30,209.41648423942178,210.25415017637945,208.5788183024641,209.41648423942178,100,25400,CE,2024-01-16,0.14
2024-01-10 14:12:00+05:30,158.77895774802317,159.41407357901528,158.14384191703107,158.77895774802317,100,25400,PE,2024-01-16,0.14
2024-01-10 14:13:00+05:30,201.15534172373344,201.95996309062838,200.3507203568385,201.15534172373344,100,25400,CE,2024-01-16,0.14
2024-01-10 14:13:00+05:30,167.0401002637115,167.70826066476636,166.37193986265666,167.0401002637115,100,25400,PE,2024-01-16,0.14
2024-01-10 14:14:00+05:30,201.69514941839924,202.50193001607283,200.88836882072565,201.69514941839924,100,25400,CE,2024-01-16,0.14
2024-01-10 14:14:00+05:30,166.5002925690457,167.1662937393219,165.83429139876952,166.5002925690457,100,25400,PE,2024-01-16,0.14
2024-01-10 14:15:00+05:30,198.94337877809966,199.73915229321204,198.14760526298727,198.94337877809966,100,25400,CE,2024-01-16,0.14
2024-01-10 14:15:00+05:30,169.2520632093453,169.92907146218266,168.57505495650793,169.2520632093453,100,25400,PE,2024-01-16,0.14
2024-01-10 14:16:00+05:30,195.0878866046766,195.8682381510953,194.3075350582579,195.0878866046766,100,25400,CE,2024-01-16,0.14
2024-01-10 14:16:00+05:30,173.10755538276834,173.79998560429942,172.41512516123726,173.10755538276834,100,25400,PE,2024-01-16,0.14
2024-01-10 14:17:00+05:30,192.77858352203447,193.5496978561226,192.00746918794633,192.77858352203447,100,25400,CE,2024-01-16,0.14
2024-01-10 14:17:00+05:30,175.41685846541048,176.11852589927213,174.71519103154884,175.41685846541048,100,25400,PE,2024-01-16,0.14
2024-01-10 14:18:00+05:30,192.54325031390334,193.31342331515896,191.77307731264773,192.54325031390334,100,25400,CE,2024-01-16,0.14
2024-01-10 14:18:00+05:30,175.6521916735416,176.35480044023578,174.94958290684744,175.6521916735416,100,25400,PE,2024-01-16,0.14
2024-01-10 14:19:00+05:30,194.98557157108888,195.76551385737324,194.20562928480453,194.98557157108888,100,25400,CE,2024-01-16,0.14
2024-01-10 14:19:00+05:30,173.20987041635607,173.9027098980215,172.51703093469064,173.20987041635607,100,25400,PE,2024-01-16,0.14
2024-01-10 14:20:00+05:30,191.13706873464224,191.9016170095808,190.37252045970368,191.13706873464224,100,25400,CE,2024-01-16,0.14
2024-01-10 14:20:00+05:30,177.0583732528027,177.76660674581393,176.3501397597915,177.0583732528027,100,25400,PE,2024-01-16,0.14
2024-01-10 14:21:00+05:30,186.29076410269562,187.0359271591064,185.54560104628484,186.29076410269562,100,25400,CE,2024-01-16,0.14
2024-01-10 14:21:00+05:30,181.90467788474933,182.63229659628834,181.17705917321032,181.90467788474933,100,25400,PE,2024-01-16,0.14
2024-01-10 14:22:00+05:30,190.16554537699784,190.92620755850584,189.40488319548984,190.16554537699784,100,25400,CE,2024-01-16,0.14
2024-01-10 14:22:00+05:30,178.0298966104471,178.7420161968889,177.31777702400532,178.0298966104471,100,25400,PE,2024-01-16,0.14
2024-01-10 14:23:00+05:30,192.08486114923625,192.85320059383318,191.3165217046393,192.08486114923625,100,25400,CE,2024-01-16,0.14
2024-01-10 14:23:00+05:30,176.1105808382087,176.81502316156153,175.40613851485588,176.1105808382087,100,25400,PE,2024-01-16,0.14
2024-01-10 14:24:00+05:30,194.91512044978634,195.69478093158548,194.1354599679872,194.91512044978634,100,25400,CE,2024-01-16,0.14
2024-01-10 14:24:00+05:30,173.2803215376586,173.97344282380925,172.58720025150797,173.2803215376586,100,25400,PE,2024-01-16,0.14
2024-01-10 14:25:00+05:30,193.75256631086057,194.52757657610402,192.97755604561712,193.75256631086057,100,25400,CE,2024-01-16,0.14
2024-01-10 14:25:00+05:30,174.44287567658438,175.1406471792907,173.74510417387805,174.44287567658438,100,25400,PE,2024-01-16,0.14
2024-01-10 14:26:00+05:30,188.421664038389,189.17535069454254,187.66797738223545,188.421664038389,100,25400,CE,2024-01-16,0.14
2024-01-10 14:26:00+05:30,179.77377794905595,180.4928730608522,179.05468283725972,179.77377794905595,100,25400,PE,2024-01-16,0.14
2024-01-10 14:27:00+05:30,193.21521280454516,193.98807365576334,192.44235195332698,193.21521280454516,100,25400,CE,2024-01-16,0.14
2024-01-10 14:27:00+05:30,174.9802291828998,175.6801500996314,174.2803082661682,174.9802291828998,100,25400,PE,2024-01-16,0.14
2024-01-10 14:28:00+05:30,197.7084084150444,198.4992420487046,196.91757478138422,197.7084084150444,100,25400,CE,2024-01-16,0.14
2024-01-10 14:28:00+05:30,170.48703357240055,171.16898170669015,169.80508543811095,170.48703357240055,100,25400,PE,2024-01-16,0.14
2024-01-10 14:29:00+05:30,195.3277889274338,196.10910008314355,194.54647777172406,195.3277889274338,100,25400,CE,2024-01-16,0.14
2024-01-10 14:29:00+05:30,172.86765306001115,173.5591236722512,172.1761824477711,172.86765306001115,100,25400,PE,2024-01-16,0.14
2024-01-10 14:30:00+05:30,196.73050290860164,197.51742492023604,195.94358089696723,196.73050290860164,100,25400,CE,2024-01-16,0.14
2024-01-10 14:30:00+05:30,171.46493907884332,172.1507988351587,170.77907932252793,171.46493907884332,100,25400,PE,2024-01-16,0.14
2024-01-10 14:31:00+05:30,200.6668402661541,201.46950762721872,199.8641729050895,200.6668402661541,100,25400,CE,2024-01-16,0.14
2024-01-10 14:31:00+05:30,167.52860172129084,168.19871612817602,166.85848731440566,167.52860172129084,100,25400,PE,2024-01-16,0.14
2024-01-10 14:32:00+05:30,209.806725824588,210.64595272788634,208.96749892128966,209.806725824588,100,25400,CE,2024-01-16,0.14
2024-01-10 14:32:00+05:30,158.38871616285695,159.02227102750837,157.75516129820554,158.38871616285695,100,25400,PE,2024-01-16,0.14
2024-01-10 14:33:00+05:30,214.17949886007744,215.03621685551775,213.32278086463714,214.17949886007744,100,25400,CE,2024-01-16,0.14
2024-01-10 14:33:00+05:30,154.0159431273675,154.63200689987698,153.39987935485803,154.0159431273675,100,25400,PE,2024-01-16,0.14
2024-01-10 14:34:00+05:30,216.13697515965913,217.00152306029776,215.2724272590205,216.13697515965913,100,25400,CE,2024-01-16,0.14
2024-01-10 14:34:00+05:30,152.05846682778582,152.66670069509698,151.45023296047466,152.05846682778582,100,25400,PE,2024-01-16,0.14
2024-01-10 14:35:00+05:30,215.23084554401584,216.0917689261919,214.36992216183978,215.23084554401584,100,25400,CE,2024-01-16,0.14
2024-01-10 14:35:00+05:30,152.96459644342912,153.57645482920285,152.3527380576554,152.96459644342912,100,25400,PE,2024-01-16,0.14
2024-01-10 14:36:00+05:30,213.43782322967462,214.29157452259332,212.58407193675592,213.43782322967462,100,25400,CE,2024-01-16,0.14
2024-01-10 14:36:00+05:30,154.75761875777033,155.3766492328014,154.13858828273925,154.75761875777033,100,25400,PE,2024-01-16,0.14
2024-01-10 14:37:00+05:30,213.1256561346142,213.97815875915265,212.27315351007573,213.1256561346142,100,25400,CE,2024-01-16,0.14
2024-01-10 14:37:00+05:30,155.06978585283076,155.69006499624209,154.44950670941944,155.06978585283076,100,25400,PE,2024-01-16,0.14
2024-01-10 14:38:00+05:30,210.57401951670334,211.41631559477017,209.73172343863652,210.57401951670334,100,25400,CE,2024-01-16,0.14
2024-01-10 14:38:00+05:30,157.6214224707416,158.25190816062457,156.99093678085865,157.6214224707416,100,25400,PE,2024-01-16,0.14
2024-01-10 14:39:00+05:30,212.867608424023,213.71907885771907,212.0161379903269,212.867608424023,100,25400,CE,2024-01-16,0.14
2024-01-10 14:39:00+05:30,155.32783356342196,155.94914489767564,154.70652222916829,155.32783356342196,100,25400,PE,2024-01-16,0.14
2024-01-10 14:40:00+05:30,213.3310263172295,214.1843504224984,212.47770221196058,213.3310263172295,100,25400,CE,2024-01-16,0.14
2024-01-10 14:40:00+05:30,154.86441567021546,155.48387333289634,154.2449580075346,154.86441567021546,100,25400,PE,2024-01-16,0.14
2024-01-10 14:41:00+05:30,212.4006984169643,213.25030121063216,211.55109562329645,212.4006984169643,100,25400,CE,2024-01-16,0.14
2024-01-10 14:41:00+05:30,155.79474357048065,156.41792254476258,155.17156459619872,155.79474357048065,100,25400,PE,2024-01-16,0.14
2024-01-10 14:42:00+05:30,208.58489549807172,209.419235080064,207.75055591607943,208.58489549807172,100,25400,CE,2024-01-16,0.14
2024-01-10 14:42:00+05:30,159.61054648937323,160.24898867533074,158.97210430341573,159.61054648937323,100,25400,PE,2024-01-16,0.14
2024-01-10 14:43:00+05:30,208.95938669375,209.795224240525,208.123549146975,208.95938669375,100,25400,CE,2024-01-16,0.14
2024-01-10 14:43:00+05:30,159.23605529369496,159.87299951486975,158.59911107252017,159.23605529369496,100,25400,PE,2024-01-16,0.14
2024-01-10 14:44:00+05:30,207.67321131854413,208.5039041638183,206.84251847326996,207.67321131854413,100,25400,CE,2024-01-16,0.14
2024-01-10 14:44:00+05:30,160.52223066890082,161.16431959157643,159.8801417462252,160.52223066890082,100,25400,PE,2024-01-16,0.14
2024-01-10 14:45:00+05:30,209.0931451584217,209.92951773905537,208.256772577788,209.0931451584217,100,25400,CE,2024-01-16,0.14
2024-01-10 14:45:00+05:30,159.10229682902326,159.73870601633936,158.46588764170716,159.10229682902326,100,25400,PE,2024-01-16,0.14
2024-01-10 14:46:00+05:30,205.54031837232623,206.36247964581554,204.7181570988369,205.54031837232623,100,25400,CE,2024-01-16,0.14
2024-01-10 14:46:00+05:30,162.65512361511873,163.3057441095792,162.00450312065826,162.65512361511873,100,25400,PE,2024-01-16,0.14
2024-01-10 14:47:00+05:30,208.04011774069266,208.87227821165544,207.2079572697299,208.04011774069266,100,25400,CE,2024-01-16,0.14
2024-01-10 14:47:00+05:30,160.1553242467523,160.7959455437393,159.51470294976528,160.1553242467523,100,25400,PE,2024-01-16,0.14
2024-01-10 14:48:00+05:30,207.59093520341202,208.42129894422567,206.76057146259836,207.59093520341202,100,25400,CE,2024-01-16,0.14
2024-01-10 14:48:00+05:30,160.60450678403294,161.24692481116907,159.9620887568968,160.60450678403294,100,25400,PE,2024-01-16,0.14
2024-01-10 14:49:00+05:30,214.720100729806,215.57898113272523,213.86122032688678,214.720100729806,100,25400,CE,2024-01-16,0.14
2024-01-10 14:49:00+05:30,153.47534125763895,154.0892426226695,152.8614398926084,153.47534125763895,100,25400,PE,2024-01-16,0.14
2024-01-10 14:50:00+05:30,211.8661798968348,212.71364461642216,211.01871517724746,211.8661798968348,100,25400,CE,2024-01-16,0.14
2024-01-10 14:50:00+05:30,156.32926209061014,156.95457913897258,155.7039450422477,156.32926209061014,100,25400,PE,2024-01-16,0.14
2024-01-10 14:51:00+05:30,219.20801047341382,220.08484251530749,218.33117843152016,219.20801047341382,100,25400,CE,2024-01-16,0.14
2024-01-10 14:51:00+05:30,148.98743151403113,149.58338124008725,148.391481787975,148.98743151403113,100,25400,PE,2024-01-16,0.14
2024-01-10 14:52:00+05:30,230.05431436685075,230.97453162431816,229.13409710938333,230.05431436685075,100,25400,CE,2024-01-16,0.14
2024-01-10 14:52:00+05:30,138.1411276205942,138.69369213107657,137.58856311011183,138.1411276205942,100,25400,PE,2024-01-16,0.14
2024-01-10 14:53:00+05:30,229.9932319039687,230.91320483158458,229.07325897635283,229.9932319039687,100,25400,CE,2024-01-16,0.14
2024-01-10 14:53:00+05:30,138.20221008347625,138.75501892381016,137.64940124314234,138.20221008347625,100,25400,PE,2024-01-16,0.14
2024-01-10 14:54:00+05:30,237.68301607752045,238.63374814183052,236.73228401321037,237.68301607752045,100,25400,CE,2024-01-16,0.14
2024-01-10 14:54:00+05:30,130.5124259099245,131.0344756135642,129.9903762062848,130.5124259099245,100,25400,PE,2024-01-16,0.14
2024-01-10 14:55:00+05:30,242.02587597074825,242.99397947463123,241.05777246686526,242.02587597074825,100,25400,CE,2024-01-16,0.14
2024-01-10 14:55:00+05:30,126.1695660166967,126.67424428076349,125.66488775262992,126.1695660166967,100,25400,PE,2024-01-16,0.14
2024-01-10 14:56:00+05:30,237.6168628312641,238.56733028258915,236.66639537993902,237.6168628312641,100,25400,CE,2024-01-16,0.14
2024-01-10 14:56:00+05:30,130.57857915618087,131.10089347280558,130.05626483955615,130.57857915618087,100,25400,PE,2024-01-16,0.14
2024-01-10 14:57:00+05:30,235.6686684054127,236.61134307903433,234.72599373179105,235.6686684054127,100,25400,CE,2024-01-16,0.14
2024-01-10 14:57:00+05:30,132.52677358203226,133.05688067636038,131.99666648770415,132.52677358203226,100,25400,PE,2024-01-16,0.14
2024-01-10 14:58:00+05:30,239.61518919145027,240.57364994821606,238.65672843468448,239.61518919145027,100,25400,CE,2024-01-16,0.14
2024-01-10 14:58:00+05:30,128.58025279599468,129.09457380717865,128.06593178481072,128.58025279599468,100,25400,PE,2024-01-16,0.14
2024-01-10 14:59:00+05:30,240.94388524679533,241.9076607877825,239.98010970580816,240.94388524679533,100,25400,CE,2024-01-16,0.14
2024-01-10 14:59:00+05:30,127.25155674064962,127.76056296761222,126.74255051368702,127.25155674064962,100,25400,PE,2024-01-16,0.14
2024-01-10 15:00:00+05:30,244.40731789695172,245.38494716853953,243.42968862536392,244.40731789695172,100,25400,CE,2024-01-16,0.14
2024-01-10 15:00:00+05:30,123.78812409049323,124.2832765868552,123.29297159413126,123.78812409049323,100,25400,PE,2024-01-16,0.14
2024-01-10 15:01:00+05:30,246.22028471205675,247.205165850905,245.23540357320852,246.22028471205675,100,25400,CE,2024-01-16,0.14
2024-01-10 15:01:00+05:30,121.9751572753882,122.46305790448976,121.48725664628664,121.9751572753882,100,25400,PE,2024-01-16,0.14
2024-01-10 15:02:00+05:30,251.89575381745425,252.90333683272408,250.88817080218442,251.89575381745425,100,25400,CE,2024-01-16,0.14
2024-01-10 15:02:00+05:30,116.2996881699907,116.76488692267067,115.83448941731073,116.2996881699907,100,25400,PE,2024-01-16,0.14
2024-01-10 15:03:00+05:30,251.23460684040555,252.23954526776717,250.22966841304392,251.23460684040555,100,25400,CE,2024-01-16,0.14
2024-01-10 15:03:00+05:30,116.9608351470394,117.42867848762756,116.49299180645124,116.9608351470394,100,25400,PE,2024-01-16,0.14
2024-01-10 15:04:00+05:30,247.5269413817893,248.51704914731647,246.53683361626213,247.5269413817893,100,25400,CE,2024-01-16,0.14
2024-01-10 15:04:00+05:30,120.66850060565565,121.15117460807828,120.18582660323302,120.66850060565565,100,25400,PE,2024-01-16,0.14
2024-01-10 15:05:00+05:30,245.27261771810998,246.25370818898242,244.29152724723755,245.27261771810998,100,25400,CE,2024-01-16,0.14
2024-01-10 15:05:00+05:30,122.92282426933497,123.4145155664123,122.43113297225763,122.92282426933497,100,25400,PE,2024-01-16,0.14
2024-01-10 15:06:00+05:30,245.40134172856204,246.38294709547628,244.4197363616478,245.40134172856204,100,25400,CE,2024-01-16,0.14
2024-01-10 15:06:00+05:30,122.7941002588829,123.28527665991844,122.30292385784738,122.7941002588829,100,25400,PE,2024-01-16,0.14
2024-01-10 15:07:00+05:30,242.25840700999441,243.22744063803438,241.28937338195445,242.25840700999441,100,25400,CE,2024-01-16,0.14
2024-01-10 15:07:00+05:30,125.93703497745054,126.44078311736034,125.43328683754073,125.93703497745054,100,25400,PE,2024-01-16,0.14
2024-01-10 15:08:00+05:30,242.3735073203822,243.34300134966372,241.40401329110068,242.3735073203822,100,25400,CE,2024-01-16,0.14
2024-01-10 15:08:00+05:30,125.82193466706275,126.325222405731,125.3186469283945,125.82193466706275,100,25400,PE,2024-01-16,0.14
2024-01-10 15:09:00+05:30,241.81146226612844,242.77870811519296,240.84421641706393,241.81146226612844,100,25400,CE,2024-01-16,0.14
2024-01-10 15:09:00+05:30,126.3839797213165,126.88951564020178,125.87844380243124,126.3839797213165,100,25400,PE,2024-01-16,0.14
2024-01-10 15:10:00+05:30,240.86235336971885,241.82580278319773,239.89890395623996,240.86235336971885,100,25400,CE,2024-01-16,0.14
2024-01-10 15:10:00+05:30,127.3330886177261,127.842420972197,126.8237562632552,127.3330886177261,100,25400,PE,2024-01-16,0.14
2024-01-10 15:11:00+05:30,240.91941702555204,241.88309469365424,239.95573935744983,240.91941702555204,100,25400,CE,2024-01-16,0.14
2024-01-10 15:11:00+05:30,127.27602496189292,127.78512906174049,126.76692086204534,127.27602496189292,100,25400,PE,2024-01-16,0.14
2024-01-10 15:12:00+05:30,239.68330840319476,240.64204163680753,238.72457516958198,239.68330840319476,100,25400,CE,2024-01-16,0.14
2024-01-10 15:12:00+05:30,128.5121335842502,129.0261821185872,127.99808504991319,128.5121335842502,100,25400,PE,2024-01-16,0.14
2024-01-10 15:13:00+05:30,243.58193393230403,244.55626166803324,242.6076061965748,243.58193393230403,100,25400,CE,2024-01-16,0.14
2024-01-10 15:13:00+05:30,124.61350805514093,125.11196208736149,124.11505402292036,124.61350805514093,100,25400,PE,2024-01-16,0.14
2024-01-10 15:14:00+05:30,244.1664740675621,245.14313996383234,243.18980817129184,244.1664740675621,100,25400,CE,2024-01-16,0.14
2024-01-10 15:14:00+05:30,124.02896791988286,124.5250837915624,123.53285204820332,124.02896791988286,100,25400,PE,2024-01-16,0.14
2024-01-10 15:15:00+05:30,247.24471084301848,248.23368968639056,246.2557319996464,247.24471084301848,100,25400,CE,2024-01-16,0.14
2024-01-10 15:15:00+05:30,120.95073114442647,121.43453406900417,120.46692821984877,120.95073114442647,100,25400,PE,2024-01-16,0.14
2024-01-10 15:16:00+05:30,242.0921350428668,243.06050358303827,241.12376650269533,242.0921350428668,100,25400,CE,2024-01-16,0.14
2024-01-10 15:16:00+05:30,126.10330694457815,126.60772017235647,125.59889371679984,126.10330694457815,100,25400,PE,2024-01-16,0.14
2024-01-10 15:17:00+05:30,242.40403475813372,243.37365089716624,241.4344186191012,242.40403475813372,100,25400,CE,2024-01-16,0.14
2024-01-10 15:17:00+05:30,125.79140722931123,126.29457285822848,125.28824160039399,125.79140722931123,100,25400,PE,2024-01-16,0.14
2024-01-10 15:18:00+05:30,240.8361079721596,241.79945240404822,239.87276354027097,240.8361079721596,100,25400,CE,2024-01-16,0.14
2024-01-10 15:18:00+05:30,127.35933401528536,127.8687713513465,126.84989667922422,127.35933401528536,100,25400,PE,2024-01-16,0.14
2024-01-10 15:19:00+05:30,233.76431272447888,234.6993699753768,232.82925547358096,233.76431272447888,100,25400,CE,2024-01-16,0.14
2024-01-10 15:19:00+05:30,134.43112926296607,134.96885378001792,133.8934047459142,134.43112926296607,100,25400,PE,2024-01-16,0.14
2024-01-10 15:20:00+05:30,241.57465683163326,242.5409554589598,240.60835820430674,241.57465683163326,100,25400,CE,2024-01-16,0.14
2024-01-10 15:20:00+05:30,126.62078515581169,127.12726829643493,126.11430201518844,126.62078515581169,100,25400,PE,2024-01-16,0.14
2024-01-10 15:21:00+05:30,236.86527426531546,237.8127353623767,235.9178131682542,236.86527426531546,100,25400,CE,2024-01-16,0.14
2024-01-10 15:21:00+05:30,131.3301677221295,131.855488393018,130.80484705124098,131.3301677221295,100,25400,PE,2024-01-16,0.14
2024-01-10 15:22:00+05:30,240.13074850213314,241.09127149614167,239.17022550812462,240.13074850213314,100,25400,CE,2024-01-16,0.14
2024-01-10 15:22:00+05:30,128.0646934853118,128.57695225925306,127.55243471137057,128.0646934853118,100,25400,PE,2024-01-16,0.14
2024-01-10 15:23:00+05:30,243.13850176228487,244.111055769334,242.16594775523575,243.13850176228487,100,25400,CE,2024-01-16,0.14
2024-01-10 15:23:00+05:30,125.05694022516008,125.55716798606072,124.55671246425943,125.05694022516008,100,25400,PE,2024-01-16,0.14
2024-01-10 15:24:00+05:30,247.65362346980663,248.64423796368587,246.6630089759274,247.65362346980663,100,25400,CE,2024-01-16,0.14
2024-01-10 15:24:00+05:30,120.54181851763832,121.02398579170887,120.05965124356777,120.54181851763832,100,25400,PE,2024-01-16,0.14
2024-01-10 15:25:00+05:30,246.21706144671924,247.20192969250613,245.23219320093236,246.21706144671924,100,25400,CE,2024-01-16,0.14
2024-01-10 15:25:00+05:30,121.97838054072571,122.46629406288861,121.49046701856281,121.97838054072571,100,25400,PE,2024-01-16,0.14
2024-01-10 15:26:00+05:30,236.88798127445415,237.83553319955197,235.94042934935632,236.88798127445415,100,25400,CE,2024-01-16,0.14
2024-01-10 15:26:00+05:30,131.3074607129908,131.83269055584276,130.78223087013885,131.3074607129908,100,25400,PE,2024-01-16,0.14
2024-01-10 15:27:00+05:30,239.44886985767488,240.40666533710558,238.49107437824418,239.44886985767488,100,25400,CE,2024-01-16,0.14
2024-01-10 15:27:00+05:30,128.74657212977007,129.26155841828916,128.231585841251,128.74657212977007,100,25400,PE,2024-01-16,0.14
2024-01-10 15:28:00+05:30,239.27660248942783,240.23370889938553,238.31949607947013,239.27660248942783,100,25400,CE,2024-01-16,0.14
2024-01-10 15:28:00+05:30,128.91883949801712,129.4345148560092,128.40316414002504,128.91883949801712,100,25400,PE,2024-01-16,0.14
2024-01-10 15:29:00+05:30,241.94957472343566,242.9173730223294,240.98177642454192,241.94957472343566,100,25400,CE,2024-01-16,0.14
2024-01-10 15:29:00+05:30,126.24586726400929,126.75085073306533,125.74088379495325,126.24586726400929,100,25400,PE,2024-01-16,0.14
2024-01-10 15:30:00+05:30,241.5881207320287,242.5544732149568,240.6217682491006,241.5881207320287,100,25400,CE,2024-01-16,0.14
2024-01-10 15:30:00+05:30,126.60732125541625,127.11375054043792,126.10089197039458,126.60732125541625,100,25400,PE,2024-01-16,0.14
2024-01-11 09:15:00+05:30,169.1476994275327,169.82429022524283,168.47110862982257,169.1476994275327,100,25500,CE,2024-01-16,0.14
2024-01-11 09:15:00+05:30,169.1476994275327,169.82429022524283,168.47110862982257,169.1476994275327,100,25500,PE,2024-01-16,0.14
2024-01-11 09:16:00+05:30,170.60865018058763,171.29108478131,169.92621557986527,170.60865018058763,100,25500,CE,2024-01-16,0.14
2024-01-11 09:16:00+05:30,167.68674867447777,168.35749566917568,167.01600167977986,167.68674867447777,100,25500,PE,2024-01-16,0.14
2024-01-11 09:17:00+05:30,168.8659648984049,169.54142875799855,168.19050103881128,168.8659648984049,100,25500,CE,2024-01-16,0.14
2024-01-11 09:17:00+05:30,169.4294339566605,170.10715169248712,168.75171622083386,169.4294339566605,100,25500,PE,2024-01-16,0.14
2024-01-11 09:18:00+05:30,173.81721466940877,174.5124835280864,173.12194581073115,173.81721466940877,100,25500,CE,2024-01-16,0.14
2024-01-11 09:18:00+05:30,164.47818418565663,165.13609692239925,163.820271448914,164.47818418565663,100,25500,PE,2024-01-16,0.14
2024-01-11 09:19:00+05:30,167.93220754490727,168.6039363750869,167.26047871472764,167.93220754490727,100,25500,CE,2024-01-16,0.14
2024-01-11 09:19:00+05:30,170.36319131015813,171.04464407539876,169.6817385449175,170.36319131015813,100,25500,PE,2024-01-16,0.14
2024-01-11 09:20:00+05:30,169.23674523980486,169.9136922207641,168.55979825884563,169.23674523980486,100,25500,CE,2024-01-16,0.14
2024-01-11 09:20:00+05:30,169.05865361526054,169.73488822972158,168.3824190007995,169.05865361526054,100,25500,PE,2024-01-16,0.14
2024-01-11 09:21:00+05:30,167.47543546535059,168.14533720721198,166.8055337234892,167.47543546535059,100,25500,CE,2024-01-16,0.14
2024-01-11 09:21:00+05:30,170.81996338971481,171.5032432432737,170.13668353615594,170.81996338971481,100,25500,PE,2024-01-16,0.14
2024-01-11 09:22:00+05:30,167.38657128968777,168.05611757484652,166.717025004529,167.38657128968777,100,25500,CE,2024-01-16,0.14
2024-01-11 09:22:00+05:30,170.90882756537763,171.59246287563914,170.22519225511613,170.90882756537763,100,25500,PE,2024-01-16,0.14
2024-01-11 09:23:00+05:30,164.14278001910685,164.79935113918327,163.48620889903043,164.14278001910685,100,25500,CE,2024-01-16,0.14
2024-01-11 09:23:00+05:30,174.15261883595855,174.8492293113024,173.4560083606147,174.15261883595855,100,25500,PE,2024-01-16,0.14
2024-01-11 09:24:00+05:30,153.07678739014415,153.6890945397047,152.46448024058358,153.07678739014415,100,25500,CE,2024-01-16,0.14
2024-01-11 09:24:00+05:30,185.21861146492125,185.95948591078093,184.47773701906158,185.21861146492125,100,25500,PE,2024-01-16,0.14
2024-01-11 09:25:00+05:30,158.89540300465347,159.5309846166721,158.25982139263485,158.89540300465347,100,25500,CE,2024-01-16,0.14
2024-01-11 09:25:00+05:30,179.39999585041193,180.11759583381357,178.68239586701029,179.39999585041193,100,25500,PE,2024-01-16,0.14
2024-01-11 09:26:00+05:30,161.7618333052979,162.4088806385191,161.1147859720767,161.7618333052979,100,25500,CE,2024-01-16,0.14
2024-01-11 09:26:00+05:30,176.5335655497675,177.23969981196657,175.82743128756843,176.5335655497675,100,25500,PE,2024-01-16,0.14
2024-01-11 09:27:00+05:30,163.49148588656868,164.14545183011495,162.83751994302241,163.49148588656868,100,25500,CE,2024-01-16,0.14
2024-01-11 09:27:00+05:30,174.80391296849672,175.50312862037072,174.10469731662272,174.80391296849672,100,25500,PE,2024-01-16,0.14
2024-01-11 09:28:00+05:30,163.54572863714753,164.19991155169612,162.89154572259895,163.54572863714753,100,25500,CE,2024-01-16,0.14
2024-01-11 09:28:00+05:30,174.74967021791787,175.44866889878955,174.05067153704618,174.74967021791787,100,25500,PE,2024-01-16,0.14
2024-01-11 09:29:00+05:30,164.88642568948313,165.54597139224106,164.2268799867252,164.88642568948313,100,25500,CE,2024-01-16,0.14
2024-01-11 09:29:00+05:30,173.40897316558227,174.1026090582446,172.71533727291992,173.40897316558227,100,25500,PE,2024-01-16,0.14
2024-01-11 09:30:00+05:30,163.90734209308545,164.56297146145778,163.25171272471312,163.90734209308545,100,25500,CE,2024-01-16,0.14
2024-01-11 09:30:00+05:30,174.38805676197995,175.08560898902786,173.69050453493205,174.38805676197995,100,25500,PE,2024-01-16,0.14
2024-01-11 09:31:00+05:30,164.54090891136917,165.19907254701465,163.8827452757237,164.54090891136917,100,25500,CE,2024-01-16,0.14
2024-01-11 09:31:00+05:30,173.75448994369623,174.44950790347102,173.05947198392144,173.75448994369623,100,25500,PE,2024-01-16,0.14
2024-01-11 09:32:00+05:30,169.94925073846213,170.62904774141597,169.26945373550828,169.94925073846213,100,25500,CE,2024-01-16,0.14
2024-01-11 09:32:00+05:30,168.34614811660327,169.0195327090697,167.67276352413685,168.34614811660327,100,25500,PE,2024-01-16,0.14
2024-01-11 09:33:00+05:30,167.82558768979112,168.49689004055028,167.15428533903196,167.82558768979112,100,25500,CE,2024-01-16,0.14
2024-01-11 09:33:00+05:30,170.46981116527428,171.15169040993538,169.78793192061318,170.46981116527428,100,25500,PE,2024-01-16,0.14
2024-01-11 09:34:00+05:30,164.81540282268912,165.47466443397988,164.15614121139836,164.81540282268912,100,25500,CE,2024-01-16,0.14
2024-01-11 09:34:00+05:30,173.47999603237628,174.17391601650579,172.78607604824677,173.47999603237628,100,25500,PE,2024-01-16,0.14
2024-01-11 09:35:00+05:30,172.0130197362251,172.70107181517,171.32496765728018,172.0130197362251,100,25500,CE,2024-01-16,0.14
2024-01-11 09:35:00+05:30,166.2823791188403,166.94750863531567,165.61724960236495,166.2823791188403,100,25500,PE,2024-01-16,0.14
2024-01-11 09:36:00+05:30,170.41517402664437,171.09683472275094,169.7335133305378,170.41517402664437,100,25500,CE,2024-01-16,0.14
2024-01-11 09:36:00+05:30,167.88022482842103,168.55174572773473,167.20870392910734,167.88022482842103,100,25500,PE,2024-01-16,0.14
2024-01-11 09:37:00+05:30,171.4727950125362,172.15868619258634,170.78690383248608,171.4727950125362,100,25500,CE,2024-01-16,0.14
2024-01-11 09:37:00+05:30,166.8226038425292,167.4898942578993,166.1553134271591,166.8226038425292,100,25500,PE,2024-01-16,0.14
2024-01-11 09:38:00+05:30,171.0614530943422,171.74569890671955,170.37720728196484,171.0614530943422,100,25500,CE,2024-01-16,0.14
2024-01-11 09:38:00+05:30,167.2339457607232,167.90288154376609,166.56500997768032,167.2339457607232,100,25500,PE,2024-01-16,0.14
2024-01-11 09:39:00+05:30,173.5099611479764,174.20400099256833,172.8159213033845,173.5099611479764,100,25500,CE,2024-01-16,0.14
2024-01-11 09:39:00+05:30,164.785437707089,165.44457945791734,164.12629595626063,164.785437707089,100,25500,PE,2024-01-16,0.14
2024-01-11 09:40:00+05:30,176.14540550976386,176.84998713180292,175.4408238877248,176.14540550976386,100,25500,CE,2024-01-16,0.14
2024-01-11 09:40:00+05:30,162.14999334530154,162.79859331868275,161.50139337192033,162.14999334530154,100,25500,PE,2024-01-16,0.14
2024-01-11 09:41:00+05:30,176.82942680895763,177.53674451619347,176.1221091017218,176.82942680895763,100,25500,CE,2024-01-16,0.14
2024-01-11 09:41:00+05:30,161.46597204610777,162.1118359342922,160.82010815792333,161.46597204610777,100,25500,PE,2024-01-16,0.14
2024-01-11 09:42:00+05:30,173.44222001081113,174.13598889085438,172.74845113076788,173.44222001081113,100,25500,CE,2024-01-16,0.14
2024-01-11 09:42:00+05:30,164.85317884425427,165.5125915596313,164.19376612887726,164.85317884425427,100,25500,PE,2024-01-16,0.14
2024-01-11 09:43:00+05:30,170.1500703554612,170.83067063688304,169.46947007403935,170.1500703554612,100,25500,CE,2024-01-16,0.14
2024-01-11 09:43:00+05:30,168.1453284996042,168.81790981360263,167.47274718560578,168.1453284996042,100,25500,PE,2024-01-16,0.14
2024-01-11 09:44:00+05:30,170.6582652569196,171.34089831794728,169.97563219589193,170.6582652569196,100,25500,CE,2024-01-16,0.14
2024-01-11 09:44:00+05:30,167.6371335981458,168.3076821325384,166.9665850637532,167.6371335981458,100,25500,PE,2024-01-16,0.14
2024-01-11 09:45:00+05:30,177.69124126990943,178.40200623498907,176.98047630482978,177.69124126990943,100,25500,CE,2024-01-16,0.14
2024-01-11 09:45:00+05:30,160.60415758515597,161.2465742154966,159.96174095481535,160.60415758515597,100,25500,PE,2024-01-16,0.14
2024-01-11 09:46:00+05:30,171.26849831143232,171.95357230467806,170.5834243181866,171.26849831143232,100,25500,CE,2024-01-16,0.14
2024-01-11 09:46:00+05:30,167.02690054363308,167.6950081458076,166.35879294145855,167.02690054363308,100,25500,PE,2024-01-16,0.14
2024-01-11 09:47:00+05:30,171.1009805697159,171.78538449199476,170.416576647437,171.1009805697159,100,25500,CE,2024-01-16,0.14
2024-01-11 09:47:00+05:30,167.1944182853495,167.8631959584909,166.52564061220812,167.1944182853495,100,25500,PE,2024-01-16,0.14
2024-01-11 09:48:00+05:30,173.05547692099395,173.74769882867793,172.36325501330998,173.05547692099395,100,25500,CE,2024-01-16,0.14
2024-01-11 09:48:00+05:30,165.23992193407145,165.90088162180774,164.57896224633515,165.23992193407145,100,25500,PE,2024-01-16,0.14
2024-01-11 09:49:00+05:30,171.1428716208939,171.8274431073775,170.45830013441034,171.1428716208939,100,25500,CE,2024-01-16,0.14
2024-01-11 09:49:00+05:30,167.1525272341715,167.82113734310818,166.4839171252348,167.1525272341715,100,25500,PE,2024-01-16,0.14
2024-01-11 09:50:00+05:30,172.21693349670937,172.9058012306962,171.52806576272255,172.21693349670937,100,25500,CE,2024-01-16,0.14
2024-01-11 09:50:00+05:30,166.07846535835603,166.74277921978944,165.4141514969226,166.07846535835603,100,25500,PE,2024-01-16,0.14
2024-01-11 09:51:00+05:30,172.03593669519802,172.7240804419788,171.34779294841724,172.03593669519802,100,25500,CE,2024-01-16,0.14
2024-01-11 09:51:00+05:30,166.25946215986738,166.92450000850684,165.59442431122793,166.25946215986738,100,25500,PE,2024-01-16,0.14
2024-01-11 09:52:00+05:30,175.2049676638872,175.90578753454275,174.50414779323165,175.2049676638872,100,25500,CE,2024-01-16,0.14
2024-01-11 09:52:00+05:30,163.0904311911782,163.7427929159429,162.43806946641348,163.0904311911782,100,25500,PE,2024-01-16,0.14
2024-01-11 09:53:00+05:30,181.58722196141576,182.31357084926142,180.8608730735701,181.58722196141576,100,25500,CE,2024-01-16,0.14
2024-01-11 09:53:00+05:30,156.70817689364964,157.33500960122424,156.08134418607503,156.70817689364964,100,25500,PE,2024-01-16,0.14
2024-01-11 09:54:00+05:30,180.6128995236905,181.33535112178524,179.89044792559574,180.6128995236905,100,25500,CE,2024-01-16,0.14
2024-01-11 09:54:00+05:30,157.6824993313749,158.3132293287004,157.05176933404942,157.6824993313749,100,25500,PE,2024-01-16,0.14
2024-01-11 09:55:00+05:30,181.92268884554147,182.65037960092363,181.19499809015932,181.92268884554147,100,25500,CE,2024-01-16,0.14
2024-01-11 09:55:00+05:30,156.37271000952393,156.998200849562,155.74721916948585,156.37271000952393,100,25500,PE,2024-01-16,0.14
2024-01-11 09:56:00+05:30,183.78298486189857,184.51811680134617,183.04785292245097,183.78298486189857,100,25500,CE,2024-01-16,0.14
2024-01-11 09:56:00+05:30,154.51241399316683,155.1304636491395,153.89436433719416,154.51241399316683,100,25500,PE,2024-01-16,0.14
2024-01-11 09:57:00+05:30,184.5696507371395,185.30792934008807,183.83137213419096,184.5696507371395,100,25500,CE,2024-01-16,0.14
2024-01-11 09:57:00+05:30,153.7257481179259,154.3406511103976,153.11084512545418,153.7257481179259,100,25500,PE,2024-01-16,0.14
2024-01-11 09:58:00+05:30,184.78983001502098,185.52898933508106,184.0506706949609,184.78983001502098,100,25500,CE,2024-01-16,0.14
2024-01-11 09:58:00+05:30,153.50556884004442,154.1195911154046,152.89154656468423,153.50556884004442,100,25500,PE,2024-01-16,0.14
2024-01-11 09:59:00+05:30,176.99864875947975,177.70664335451767,176.29065416444183,176.99864875947975,100,25500,CE,2024-01-16,0.14
2024-01-11 09:59:00+05:30,161.29675009558565,161.941937095968,160.6515630952033,161.29675009558565,100,25500,PE,2024-01-16,0.14
2024-01-11 10:00:00+05:30,177.5281833529662,178.23829608637809,176.81807061955433,177.5281833529662,100,25500,CE,2024-01-16,0.14
2024-01-11 10:00:00+05:30,160.7672155020992,161.41028436410758,160.1241466400908,160.7672155020992,100,25500,PE,2024-01-16,0.14
2024-01-11 10:01:00+05:30,173.7238240403786,174.4187193365401,173.02892874421707,173.7238240403786,100,25500,CE,2024-01-16,0.14
2024-01-11 10:01:00+05:30,164.5715748146868,165.22986111394556,163.91328851542806,164.5715748146868,100,25500,PE,2024-01-16,0.14
2024-01-11 10:02:00+05:30,172.26249731125068,172.9515473004957,171.57344732200568,172.26249731125068,100,25500,CE,2024-01-16,0.14
2024-01-11 10:02:00+05:30,166.03290154381472,166.69703314998998,165.36876993763946,166.03290154381472,100,25500,PE,2024-01-16,0.14
2024-01-11 10:03:00+05:30,174.0224922702783,174.7185822393594,173.3264023011972,174.0224922702783,100,25500,CE,2024-01-16,0.14
2024-01-11 10:03:00+05:30,164.2729065847871,164.92999821112625,163.61581495844797,164.2729065847871,100,25500,PE,2024-01-16,0.14
2024-01-11 10:04:00+05:30,176.27846967880583,176.98358355752106,175.5733558000906,176.27846967880583,100,25500,CE,2024-01-16,0.14
2024-01-11 10:04:00+05:30,162.01692917625957,162.6649968929646,161.36886145955452,162.01692917625957,100,25500,PE,2024-01-16,0.14
2024-01-11 10:05:00+05:30,174.7357810771901,175.43472420149885,174.03683795288134,174.7357810771901,100,25500,CE,2024-01-16,0.14
2024-01-11 10:05:00+05:30,163.5596177778753,164.21385624898681,162.9053793067638,163.5596177778753,100,25500,PE,2024-01-16,0.14
2024-01-11 10:06:00+05:30,173.13084397843528,173.82336735434902,172.43832060252154,173.13084397843528,100,25500,CE,2024-01-16,0.14
2024-01-11 10:06:00+05:30,165.16455487663012,165.82521309613665,164.5038966571236,165.16455487663012,100,25500,PE,2024-01-16,0.14
2024-01-11 10:07:00+05:30,172.19730577237357,172.88609499546305,171.50851654928408,172.19730577237357,100,25500,CE,2024-01-16,0.14
2024-01-11 10:07:00+05:30,166.09809308269183,166.7624854550226,165.43370071036105,166.09809308269183,100,25500,PE,2024-01-16,0.14
2024-01-11 10:08:00+05:30,168.39600423773487,169.0695882546858,167.72242022078393,168.39600423773487,100,25500,CE,2024-01-16,0.14
2024-01-11 10:08:00+05:30,169.89939461733053,170.57899219579986,169.2197970388612,169.89939461733053,100,25500,PE,2024-01-16,0.14
2024-01-11 10:09:00+05:30,174.2728002474651,174.96989144845497,173.57570904647525,174.2728002474651,100,25500,CE,2024-01-16,0.14
2024-01-11 10:09:00+05:30,164.0225986076003,164.6786890020307,163.36650821316988,164.0225986076003,100,25500,PE,2024-01-16,0.14
2024-01-11 10:10:00+05:30,180.8588575431732,181.5822929733459,180.13542211300052,180.8588575431732,100,25500,CE,2024-01-16,0.14
2024-01-11 10:10:00+05:30,157.4365413118922,158.06628747713978,156.80679514664462,157.4365413118922,100,25500,PE,2024-01-16,0.14
2024-01-11 10:11:00+05:30,180.25926975315457,180.9803068321672,179.53823267414194,180.25926975315457,100,25500,CE,2024-01-16,0.14
2024-01-11 10:11:00+05:30,158.03612910191083,158.66827361831847,157.4039845855032,158.03612910191083,100,25500,PE,2024-01-16,0.14
2024-01-11 10:12:00+05:30,186.34887527324832,187.0942707743413,185.60347977215534,186.34887527324832,100,25500,CE,2024-01-16,0.14
2024-01-11 10:12:00+05:30,151.94652358181708,152.55430967614436,151.3387374874898,151.94652358181708,100,25500,PE,2024-01-16,0.14
2024-01-11 10:13:00+05:30,189.3312162478415,190.08854111283287,188.57389138285012,189.3312162478415,100,25500,CE,2024-01-16,0.14
2024-01-11 10:13:00+05:30,148.9641826072239,149.5600393376528,148.368325876795,148.9641826072239,100,25500,PE,2024-01-16,0.14
2024-01-11 10:14:00+05:30,185.42336782219178,186.16506129348053,184.68167435090302,185.42336782219178,100,25500,CE,2024-01-16,0.14
2024-01-11 10:14:00+05:30,152.87203103287362,153.4835191570051,152.26054290874214,152.87203103287362,100,25500,PE,2024-01-16,0.14
2024-01-11 10:15:00+05:30,188.93343202644616,189.68916575455194,188.17769829834037,188.93343202644616,100,25500,CE,2024-01-16,0.14
2024-01-11 10:15:00+05:30,149.36196682861925,149.95941469593373,148.76451896130476,149.36196682861925,100,25500,PE,2024-01-16,0.14
2024-01-11 10:16:00+05:30,191.51167076818098,192.2777174512537,190.74562408510826,191.51167076818098,100,25500,CE,2024-01-16,0.14
2024-01-11 10:16:00+05:30,146.78372808688442,147.37086299923197,146.19659317453687,146.78372808688442,100,25500,PE,2024-01-16,0.14
2024-01-11 10:17:00+05:30,192.17774297938382,192.94645395130135,191.4090320074663,192.17774297938382,100,25500,CE,2024-01-16,0.14
2024-01-11 10:17:00+05:30,146.11765587568158,146.70212649918432,145.53318525217884,146.11765587568158,100,25500,PE,2024-01-16,0.14
2024-01-11 10:18:00+05:30,186.8376116105283,187.58496205697043,186.0902611640862,186.8376116105283,100,25500,CE,2024-01-16,0.14
2024-01-11 10:18:00+05:30,151.4577872445371,152.06361839351524,150.85195609555893,151.4577872445371,100,25500,PE,2024-01-16,0.14
2024-01-11 10:19:00+05:30,184.69232183046194,185.43109111778378,183.9535525431401,184.69232183046194,100,25500,CE,2024-01-16,0.14
2024-01-11 10:19:00+05:30,153.60307702460346,154.2174893327019,152.98866471650504,153.60307702460346,100,25500,PE,2024-01-16,0.14
2024-01-11 10:20:00+05:30,176.19605354088714,176.90083775505067,175.4912693267236,176.19605354088714,100,25500,CE,2024-01-16,0.14
2024-01-11 10:20:00+05:30,162.09934531417827,162.74774269543497,161.45094793292157,162.09934531417827,100,25500,PE,2024-01-16,0.14
2024-01-11 10:21:00+05:30,176.1547658817072,176.859384945234,175.45014681818037,176.1547658817072,100,25500,CE,2024-01-16,0.14
2024-01-11 10:21:00+05:30,162.1406329733582,162.78919550525166,161.49207044146476,162.1406329733582,100,25500,PE,2024-01-16,0.14
2024-01-11 10:22:00+05:30,175.14583990107354,175.84642326067785,174.44525654146923,175.14583990107354,100,25500,CE,2024-01-16,0.14
2024-01-11 10:22:00+05:30,163.14955895399186,163.80215718980782,162.4969607181759,163.14955895399186,100,25500,PE,2024-01-16,0.14
2024-01-11 10:23:00+05:30,171.05968506652067,171.74392380678677,170.37544632625458,171.05968506652067,100,25500,CE,2024-01-16,0.14
2024-01-11 10:23:00+05:30,167.23571378854473,167.9046566436989,166.56677093339056,167.23571378854473,100,25500,PE,2024-01-16,0.14
2024-01-11 10:24:00+05:30,166.46726963573934,167.1331387142823,165.8014005571964,166.46726963573934,100,25500,CE,2024-01-16,0.14
2024-01-11 10:24:00+05:30,171.82812921932606,172.51544173620337,171.14081670244875,171.82812921932606,100,25500,PE,2024-01-16,0.14
2024-01-11 10:25:00+05:30,171.4887478057954,172.1747027970186,170.80279281457223,171.4887478057954,100,25500,CE,2024-01-16,0.14
2024-01-11 10:25:00+05:30,166.80665104927,167.47387765346707,166.1394244450729,166.80665104927,100,25500,PE,2024-01-16,0.14
2024-01-11 10:26:00+05:30,165.9021347524577,166.56574329146753,165.23852621344787,165.9021347524577,100,25500,CE,2024-01-16,0.14
2024-01-11 10:26:00+05:30,172.3932641026077,173.08283715901814,171.70369104619726,172.3932641026077,100,25500,PE,2024-01-16,0.14
2024-01-11 10:27:00+05:30,168.68340418844315,169.35813780519692,168.00867057168938,168.68340418844315,100,25500,CE,2024-01-16,0.14
2024-01-11 10:27:00+05:30,169.61199466662225,170.29044264528875,168.93354668795575,169.61199466662225,100,25500,PE,2024-01-16,0.14
2024-01-11 10:28:00+05:30,169.13184770654885,169.80837509737506,168.45532031572264,169.13184770654885,100,25500,CE,2024-01-16,0.14
2024-01-11 10:28:00+05:30,169.16355114851655,169.8402053531106,168.4868969439225,169.16355114851655,100,25500,PE,2024-01-16,0.14
2024-01-11 10:29:00+05:30,173.7916284450676,174.48679495884787,173.09646193128734,173.7916284450676,100,25500,CE,2024-01-16,0.14
2024-01-11 10:29:00+05:30,164.5037704099978,165.1617854916378,163.8457553283578,164.5037704099978,100,25500,PE,2024-01-16,0.14
2024-01-11 10:30:00+05:30,167.8035600408312,168.47477428099452,167.13234580066788,167.8035600408312,100,25500,CE,2024-01-16,0.14
2024-01-11 10:30:00+05:30,170.4918388142342,171.17380616949114,169.80987145897726,170.4918388142342,100,25500,PE,2024-01-16,0.14
2024-01-11 10:31:00+05:30,168.2551634522443,168.92818410605327,167.5821427984353,168.2551634522443,100,25500,CE,2024-01-16,0.14
2024-01-11 10:31:00+05:30,170.0402354028211,170.7203963444324,169.36007446120982,170.0402354028211,100,25500,PE,2024-01-16,0.14
2024-01-11 10:32:00+05:30,172.9432375110119,173.63501046105594,172.25146456096783,172.9432375110119,100,25500,CE,2024-01-16,0.14
2024-01-11 10:32:00+05:30,165.3521613440535,166.01356998942973,164.6907526986773,165.3521613440535,100,25500,PE,2024-01-16,0.14
2024-01-11 10:33:00+05:30,172.3829140947201,173.07244575109897,171.69338243834122,172.3829140947201,100,25500,CE,2024-01-16,0.14
2024-01-11 10:33:00+05:30,165.9124847603453,166.5761346993867,165.24883482130392,165.9124847603453,100,25500,PE,2024-01-16,0.14
2024-01-11 10:34:00+05:30,167.1768577875228,167.8455652186729,166.5081503563727,167.1768577875228,100,25500,CE,2024-01-16,0.14
2024-01-11 10:34:00+05:30,171.1185410675426,171.80301523181276,170.43406690327242,171.1185410675426,100,25500,PE,2024-01-16,0.14
2024-01-11 10:35:00+05:30,159.96475344382094,160.60461245759623,159.32489443004565,159.96475344382094,100,25500,CE,2024-01-16,0.14
2024-01-11 10:35:00+05:30,178.33064541124446,179.04396799288943,177.6173228295995,178.33064541124446,100,25500,PE,2024-01-16,0.14
2024-01-11 10:36:00+05:30,157.40465614498686,158.03427476956682,156.7750375204069,157.40465614498686,100,25500,CE,2024-01-16,0.14
2024-01-11 10:36:00+05:30,180.89074271007854,181.61430568091885,180.16717973923824,180.89074271007854,100,25500,PE,2024-01-16,0.14
2024-01-11 10:37:00+05:30,161.23168449691553,161.8766112349032,160.58675775892786,161.23168449691553,100,25500,CE,2024-01-16,0.14
2024-01-11 10:37:00+05:30,177.06371435814987,177.77196921558246,176.35545950071727,177.06371435814987,100,25500,PE,2024-01-16,0.14
2024-01-11 10:38:00+05:30,166.97768088905838,167.64559161261462,166.30977016550213,166.97768088905838,100,25500,CE,2024-01-16,0.14
2024-01-11 10:38:00+05:30,171.31771796600702,172.00298883787104,170.632447094143,171.31771796600702,100,25500,PE,2024-01-16,0.14
2024-01-11 10:39:00+05:30,167.25533177088806,167.92435309797162,166.5863104438045,167.25533177088806,100,25500,CE,2024-01-16,0.14
2024-01-11 10:39:00+05:30,171.04006708417734,171.72422735251405,170.35590681584063,171.04006708417734,100,25500,PE,2024-01-16,0.14
2024-01-11 10:40:00+05:30,170.6182842723229,171.3007574094122,169.93581113523362,170.6182842723229,100,25500,CE,2024-01-16,0.14
2024-01-11 10:40:00+05:30,167.6771145827425,168.34782304107347,167.0064061244115,167.6771145827425,100,25500,PE,2024-01-16,0.14
2024-01-11 10:41:00+05:30,174.41104188653122,175.10868605407734,173.7133977189851,174.41104188653122,100,25500,CE,2024-01-16,0.14
2024-01-11 10:41:00+05:30,163.88435696853418,164.53989439640833,163.22881954066003,163.88435696853418,100,25500,PE,2024-01-16,0.14
2024-01-11 10:42:00+05:30,176.72846288858642,177.43537674014075,176.0215490370321,176.72846288858642,100,25500,CE,2024-01-16,0.14
2024-01-11 10:42:00+05:30,161.56693596647898,162.21320371034489,160.92066822261307,161.56693596647898,100,25500,PE,2024-01-16,0.14
2024-01-11 10:43:00+05:30,173.66944495912873,174.36412273896525,172.9747671792922,173.66944495912873,100,25500,CE,2024-01-16,0.14
2024-01-11 10:43:00+05:30,164.62595389593668,165.28445771152042,163.96745008035293,164.62595389593668,100,25500,PE,2024-01-16,0.14
2024-01-11 10:44:00+05:30,176.44064185768372,177.14640442511444,175.734879290253,176.44064185768372,100,25500,CE,2024-01-16,0.14
2024-01-11 10:44:00+05:30,161.85475699738168,162.5021760253712,161.20733796939217,161.85475699738168,100,25500,PE,2024-01-16,0.14
2024-01-11 10:45:00+05:30,172.75783382314881,173.4488651584414,172.06680248785622,172.75783382314881,100,25500,CE,2024-01-16,0.14
2024-01-11 10:45:00+05:30,165.53756503191659,166.19971529204426,164.8754147717889,165.53756503191659,100,25500,PE,2024-01-16,0.14
2024-01-11 10:46:00+05:30,173.24725247026623,173.9402414801473,172.55426346038516,173.24725247026623,100,25500,CE,2024-01-16,0.14
2024-01-11 10:46:00+05:30,165.04814638479917,165.70833897033836,164.38795379925998,165.04814638479917,100,25500,PE,2024-01-16,0.14
2024-01-11 10:47:00+05:30,176.28686136063885,176.9920088060814,175.5817139151963,176.28686136063885,100,25500,CE,2024-01-16,0.14
2024-01-11 10:47:00+05:30,162.00853749442655,162.65657164440427,161.36050334444883,162.00853749442655,100,25500,PE,2024-01-16,0.14
2024-01-11 10:48:00+05:30,180.39095593583448,181.11251975957782,179.66939211209115,180.39095593583448,100,25500,CE,2024-01-16,0.14
2024-01-11 10:48:00+05:30,157.90444291923092,158.53606069090785,157.272825147554,157.90444291923092,100,25500,PE,2024-01-16,0.14
2024-01-11 10:49:00+05:30,180.0331113217872,180.75324376707437,179.31297887650004,180.0331113217872,100,25500,CE,2024-01-16,0.14
2024-01-11 10:49:00+05:30,158.2622875332782,158.8953366834113,157.6292383831451,158.2622875332782,100,25500,PE,2024-01-16,0.14
2024-01-11 10:50:00+05:30,184.34532472670986,185.08270602561672,183.607943427803,184.34532472670986,100,25500,CE,2024-01-16,0.14
2024-01-11 10:50:00+05:30,153.95007412835554,154.56587442486895,153.33427383184213,153.95007412835554,100,25500,PE,2024-01-16,0.14
2024-01-11 10:51:00+05:30,190.1239129108763,190.8844085625198,189.3634172592328,190.1239129108763,100,25500,CE,2024-01-16,0.14
2024-01-11 10:51:00+05:30,148.1714859441891,148.76417188796586,147.57880000041234,148.1714859441891,100,25500,PE,2024-01-16,0.14
2024-01-11 10:52:00+05:30,193.84340195226292,194.61877556007198,193.06802834445386,193.84340195226292,100,25500,CE,2024-01-16,0.14
2024-01-11 10:52:00+05:30,144.45199690280248,145.0298048904137,143.87418891519127,144.45199690280248,100,25500,PE,2024-01-16,0.14
2024-01-11 10:53:00+05:30,193.79169392083537,194.56686069651872,193.01652714515203,193.79169392083537,100,25500,CE,2024-01-16,0.14
2024-01-11 10:53:00+05:30,144.50370493423003,145.08171975396695,143.9256901144931,144.50370493423003,100,25500,PE,2024-01-16,0.14
2024-01-11 10:54:00+05:30,195.08036761996487,195.86068909044474,194.300046149485,195.08036761996487,100,25500,CE,2024-01-16,0.14
2024-01-11 10:54:00+05:30,143.21503123510053,143.78789136004093,142.64217111016012,143.21503123510053,100,25500,PE,2024-01-16,0.14
2024-01-11 10:55:00+05:30,195.29858196277934,196.07977629063046,194.5173876349282,195.29858196277934,100,25500,CE,2024-01-16,0.14
2024-01-11 10:55:00+05:30,142.99681689228606,143.5688041598552,142.42482962471692,142.99681689228606,100,25500,PE,2024-01-16,0.14
2024-01-11 10:56:00+05:30,195.64022131286407,196.42278219811553,194.85766042761261,195.64022131286407,100,25500,CE,2024-01-16,0.14
2024-01-11 10:56:00+05:30,142.65517754220133,143.22579825237014,142.08455683203252,142.65517754220133,100,25500,PE,2024-01-16,0.14
2024-01-11 10:57:00+05:30,198.49517259492137,199.28915328530107,197.70119190454167,198.49517259492137,100,25500,CE,2024-01-16,0.14
2024-01-11 10:57:00+05:30,139.80022626014403,140.3594271651846,139.24102535510346,139.80022626014403,100,25500,PE,2024-01-16,0.14
2024-01-11 10:58:00+05:30,202.72064342346317,203.53152599715702,201.90976084976933,202.72064342346317,100,25500,CE,2024-01-16,0.14
2024-01-11 10:58:00+05:30,135.57475543160223,136.11705445332865,135.0324564098758,135.57475543160223,100,25500,PE,2024-01-16,0.14
2024-01-11 10:59:00+05:30,202.9270644006429,203.73877265824547,202.11535614304034,202.9270644006429,100,25500,CE,2024-01-16,0.14
2024-01-11 10:59:00+05:30,135.3683344544225,135.90980779224017,134.82686111660482,135.3683344544225,100,25500,PE,2024-01-16,0.14
2024-01-11 11:00:00+05:30,205.8624189805542,206.6858686564764,205.038969304632,205.8624189805542,100,25500,CE,2024-01-16,0.14
2024-01-11 11:00:00+05:30,132.4329798745112,132.96271179400924,131.90324795501317,132.4329798745112,100,25500,PE,2024-01-16,0.14
2024-01-11 11:01:00+05:30,206.9696049047471,207.79748332436608,206.1417264851281,206.9696049047471,100,25500,CE,2024-01-16,0.14
2024-01-11 11:01:00+05:30,131.3257939503183,131.85109712611958,130.80049077451704,131.3257939503183,100,25500,PE,2024-01-16,0.14
2024-01-11 11:02:00+05:30,207.72220057142118,208.55308937370688,206.89131176913548,207.72220057142118,100,25500,CE,2024-01-16,0.14
2024-01-11 11:02:00+05:30,130.57319828364422,131.09549107677879,130.05090549050965,130.57319828364422,100,25500,PE,2024-01-16,0.14
2024-01-11 11:03:00+05:30,204.25920198791397,205.07623879586563,203.4421651799623,204.25920198791397,100,25500,CE,2024-01-16,0.14
2024-01-11 11:03:00+05:30,134.03619686715143,134.57234165462003,133.50005207968283,134.03619686715143,100,25500,PE,2024-01-16,0.14
2024-01-11 11:04:00+05:30,205.84770277540161,206.67109358650322,205.0243119643,205.84770277540161,100,25500,CE,2024-01-16,0.14
2024-01-11 11:04:00+05:30,132.44769607966379,132.97748686398245,131.91790529534512,132.44769607966379,100,25500,PE,2024-01-16,0.14
2024-01-11 11:05:00+05:30,205.59618388965106,206.41856862520967,204.77379915409244,205.59618388965106,100,25500,CE,2024-01-16,0.14
2024-01-11 11:05:00+05:30,132.69921496541434,133.230011825276,132.1684181055527,132.69921496541434,100,25500,PE,2024-01-16,0.14
2024-01-11 11:06:00+05:30,206.8454131321451,207.67279478467367,206.01803147961652,206.8454131321451,100,25500,CE,2024-01-16,0.14
2024-01-11 11:06:00+05:30,131.4499857229203,131.975785665812,130.9241857800286,131.4499857229203,100,25500,PE,2024-01-16,0.14
2024-01-11 11:07:00+05:30,210.76522002294956,211.60828090304136,209.92215914285777,210.76522002294956,100,25500,CE,2024-01-16,0.14
2024-01-11 11:07:00+05:30,127.53017883211584,128.0402995474443,127.02005811678737,127.53017883211584,100,25500,PE,2024-01-16,0.14
2024-01-11 11:08:00+05:30,213.73486624409458,214.58980570907096,212.8799267791182,213.73486624409458,100,25500,CE,2024-01-16,0.14
2024-01-11 11:08:00+05:30,124.56053261097082,125.05877474141471,124.06229048052694,124.56053261097082,100,25500,PE,2024-01-16,0.14
2024-01-11 11:09:00+05:30,216.56569466652405,217.43195744519014,215.69943188785797,216.56569466652405,100,25500,CE,2024-01-16,0.14
2024-01-11 11:09:00+05:30,121.72970418854135,122.21662300529552,121.24278537178718,121.72970418854135,100,25500,PE,2024-01-16,0.14
2024-01-11 11:10:00+05:30,214.8554899432184,215.71491190299128,213.99606798344553,214.8554899432184,100,25500,CE,2024-01-16,0.14
2024-01-11 11:10:00+05:30,123.439908911847,123.93366854749439,122.9461492761996,123.439908911847,100,25500,PE,2024-01-16,0.14
2024-01-11 11:11:00+05:30,209.05349203601696,209.88970600416104,208.21727806787288,209.05349203601696,100,25500,CE,2024-01-16,0.14
2024-01-11 11:11:00+05:30,129.24190681904844,129.75887444632463,128.72493919177225,129.24190681904844,100,25500,PE,2024-01-16,0.14
2024-01-11 11:12:00+05:30,207.75938130353467,208.5904188287488,206.92834377832054,207.75938130353467,100,25500,CE,2024-01-16,0.14
2024-01-11 11:12:00+05:30,130.53601755153073,131.05816162173684,130.01387348132462,130.53601755153073,100,25500,PE,2024-01-16,0.14
2024-01-11 11:13:00+05:30,207.84490334805383,208.67628296144605,207.01352373466162,207.84490334805383,100,25500,CE,2024-01-16,0.14
2024-01-11 11:13:00+05:30,130.45049550701157,130.97229748903962,129.92869352498352,130.45049550701157,100,25500,PE,2024-01-16,0.14
2024-01-11 11:14:00+05:30,208.71021764317453,209.54505851374722,207.87537677260184,208.71021764317453,100,25500,CE,2024-01-16,0.14
2024-01-11 11:14:00+05:30,129.58518121189087,130.10352193673845,129.0668404870433,129.58518121189087,100,25500,PE,2024-01-16,0.14
2024-01-11 11:15:00+05:30,213.88023545034235,214.7357563921437,213.024714508541,213.88023545034235,100,25500,CE,2024-01-16,0.14
2024-01-11 11:15:00+05:30,124.41516340472305,124.91282405834194,123.91750275110415,124.41516340472305,100,25500,PE,2024-01-16,0.14
2024-01-11 11:16:00+05:30,215.139094733253,215.999651112186,214.27853835431998,215.139094733253,100,25500,CE,2024-01-16,0.14
2024-01-11 11:16:00+05:30,123.15630412181241,123.64892933829967,122.66367890532516,123.15630412181241,100,25500,PE,2024-01-16,0.14
2024-01-11 11:17:00+05:30,220.5899529064082,221.47231271803383,219.70759309478257,220.5899529064082,100,25500,CE,2024-01-16,0.14
2024-01-11 11:17:00+05:30,117.7054459486572,118.17626773245183,117.23462416486257,117.7054459486572,100,25500,PE,2024-01-16,0.14
2024-01-11 11:18:00+05:30,219.2352825462586,220.11222367644362,218.35834141607356,219.2352825462586,100,25500,CE,2024-01-16,0.14
2024-01-11 11:18:00+05:30,119.06011630880681,119.53635677404203,118.58387584357159,119.06011630880681,100,25500,PE,2024-01-16,0.14
2024-01-11 11:19:00+05:30,215.3573175925613,216.21874686293154,214.49588832219104,215.3573175925613,100,25500,CE,2024-01-16,0.14
2024-01-11 11:19:00+05:30,122.93808126250411,123.42983358755413,122.4463289374541,122.93808126250411,100,25500,PE,2024-01-16,0.14
2024-01-11 11:20:00+05:30,218.70992603942256,219.58476574358025,217.83508633526486,218.70992603942256,100,25500,CE,2024-01-16,0.14
2024-01-11 11:20:00+05:30,119.58547281564285,120.06381470690542,119.10713092438027,119.58547281564285,100,25500,PE,2024-01-16,0.14
2024-01-11 11:21:00+05:30,214.67836227964295,215.53707572876152,213.8196488305244,214.67836227964295,100,25500,CE,2024-01-16,0.14
2024-01-11 11:21:00+05:30,123.61703657542245,124.11150472172413,123.12256842912076,123.61703657542245,100,25500,PE,2024-01-16,0.14
2024-01-11 11:22:00+05:30,208.99758432880668,209.8335746661219,208.16159399149146,208.99758432880668,100,25500,CE,2024-01-16,0.14
2024-01-11 11:22:00+05:30,129.29781452625872,129.81500578436376,128.78062326815368,129.29781452625872,100,25500,PE,2024-01-16,0.14
2024-01-11 11:23:00+05:30,207.0660113964787,207.8942754420646,206.2377473508928,207.0660113964787,100,25500,CE,2024-01-16,0.14
2024-01-11 11:23:00+05:30,131.2293874585867,131.75430500842106,130.70446990875234,131.2293874585867,100,25500,PE,2024-01-16,0.14
2024-01-11 11:24:00+05:30,208.4482277315056,209.28202064243163,207.61443482057956,208.4482277315056,100,25500,CE,2024-01-16,0.14
2024-01-11 11:24:00+05:30,129.8471711235598,130.36655980805403,129.32778243906557,129.8471711235598,100,25500,PE,2024-01-16,0.14
2024-01-11 11:25:00+05:30,212.6567485621345,213.50737555638304,211.80612156788598,212.6567485621345,100,25500,CE,2024-01-16,0.14
2024-01-11 11:25:00+05:30,125.63865029293089,126.14120489410261,125.13609569175917,125.63865029293089,100,25500,PE,2024-01-16,0.14
2024-01-11 11:26:00+05:30,212.82711961108004,213.67842808952435,211.97581113263573,212.82711961108004,100,25500,CE,2024-01-16,0.14
2024-01-11 11:26:00+05:30,125.46827924398536,125.97015236096131,124.96640612700942,125.46827924398536,100,25500,PE,2024-01-16,0.14
2024-01-11 11:27:00+05:30,216.3173658166125,217.18263527987895,215.45209635334604,216.3173658166125,100,25500,CE,2024-01-16,0.14
2024-01-11 11:27:00+05:30,121.9780330384529,122.46594517060672,121.4901209062991,121.9780330384529,100,25500,PE,2024-01-16,0.14
2024-01-11 11:28:00+05:30,216.37284583918887,217.23833722254562,215.50735445583211,216.37284583918887,100,25500,CE,2024-01-16,0.14
2024-01-11 11:28:00+05:30,121.92255301587653,122.41024322794004,121.43486280381302,121.92255301587653,100,25500,PE,2024-01-16,0.14
2024-01-11 11:29:00+05:30,210.47097796053282,211.31286187237495,209.6290940486907,210.47097796053282,100,25500,CE,2024-01-16,0.14
2024-01-11 11:29:00+05:30,127.82442089453258,128.33571857811071,127.31312321095444,127.82442089453258,100,25500,PE,2024-01-16,0.14
2024-01-11 11:30:00+05:30,206.52142581530103,207.34751151856224,205.69534011203982,206.52142581530103,100,25500,CE,2024-01-16,0.14
2024-01-11 11:30:00+05:30,131.77397303976437,132.30106893192342,131.24687714760532,131.77397303976437,100,25500,PE,2024-01-16,0.14
2024-01-11 11:31:00+05:30,200.4609783064189,201.26282221964456,199.65913439319323,200.4609783064189,100,25500,CE,2024-01-16,0.14
2024-01-11 11:31:00+05:30,137.8344205486465,138.3857582308411,137.2830828664519,137.8344205486465,100,25500,PE,2024-01-16,0.14
2024-01-11 11:32:00+05:30,199.83367126155468,200.63300594660092,199.03433657650845,199.83367126155468,100,25500,CE,2024-01-16,0.14
2024-01-11 11:32:00+05:30,138.46172759351072,139.01557450388475,137.90788068313668,138.46172759351072,100,25500,PE,2024-01-16,0.14
2024-01-11 11:33:00+05:30,192.2163007871623,192.98516599031097,191.44743558401365,192.2163007871623,100,25500,CE,2024-01-16,0.14
2024-01-11 11:33:00+05:30,146.0790980679031,146.6634144601747,145.4947816756315,146.0790980679031,100,25500,PE,2024-01-16,0.14
2024-01-11 11:34:00+05:30,187.02931644887764,187.77743371467315,186.28119918308212,187.02931644887764,100,25500,CE,2024-01-16,0.14
2024-01-11 11:34:00+05:30,151.26608240618776,151.87114673581252,150.661018076563,151.26608240618776,100,25500,PE,2024-01-16,0.14
2024-01-11 11:35:00+05:30,184.04416796052834,184.78034463237046,183.30799128868622,184.04416796052834,100,25500,CE,2024-01-16,0.14
2024-01-11 11:35:00+05:30,154.25123089453706,154.8682358181152,153.6342259709589,154.25123089453706,100,25500,PE,2024-01-16,0.14
2024-01-11 11:36:00+05:30,187.454416368777,188.20423403425212,186.70459870330188,187.454416368777,100,25500,CE,2024-01-16,0.14
2024-01-11 11:36:00+05:30,150.8409824862884,151.44434641623354,150.23761855634325,150.8409824862884,100,25500,PE,2024-01-16,0.14
2024-01-11 11:37:00+05:30,189.51813574138765,190.2762082843532,188.7600631984221,189.51813574138765,100,25500,CE,2024-01-16,0.14
2024-01-11 11:37:00+05:30,148.77726311367775,149.37237216613246,148.18215406122303,148.77726311367775,100,25500,PE,2024-01-16,0.14
2024-01-11 11:38:00+05:30,188.18685590005958,188.9396033236598,187.43410847645936,188.18685590005958,100,25500,CE,2024-01-16,0.14
2024-01-11 11:38:00+05:30,150.10854295500582,150.70897712682583,149.5081087831858,150.10854295500582,100,25500,PE,2024-01-16,0.14
2024-01-11 11:39:00+05:30,188.9958427664697,189.75182613753557,188.23985939540384,188.9958427664697,100,25500,CE,2024-01-16,0.14
2024-01-11 11:39:00+05:30,149.2995560885957,149.89675431295007,148.70235786424132,149.2995560885957,100,25500,PE,2024-01-16,0.14
2024-01-11 11:40:00+05:30,188.14466605984677,188.89724472408616,187.39208739560738,188.14466605984677,100,25500,CE,2024-01-16,0.14
2024-01-11 11:40:00+05:30,150.15073279521863,150.7513357263995,149.55012986403776,150.15073279521863,100,25500,PE,2024-01-16,0.14
2024-01-11 11:41:00+05:30,198.319751623596,199.11303063009038,197.52647261710163,198.319751623596,100,25500,CE,2024-01-16,0.14
2024-01-11 11:41:00+05:30,139.9756472314694,140.53554982039526,139.41574464254353,139.9756472314694,100,25500,PE,2024-01-16,0.14
2024-01-11 11:42:00+05:30,192.22223469737042,192.9911236361599,191.45334575858095,192.22223469737042,100,25500,CE,2024-01-16,0.14
2024-01-11 11:42:00+05:30,146.07316415769498,146.65745681432577,145.48887150106418,146.07316415769498,100,25500,PE,2024-01-16,0.14
2024-01-11 11:43:00+05:30,184.7517554985189,185.49076252051296,184.01274847652482,184.7517554985189,100,25500,CE,2024-01-16,0.14
2024-01-11 11:43:00+05:30,153.5436433565465,154.1578179299727,152.9294687831203,153.5436433565465,100,25500,PE,2024-01-16,0.14
2024-01-11 11:44:00+05:30,177.6613129493399,178.37195820113726,176.95066769754254,177.6613129493399,100,25500,CE,2024-01-16,0.14
2024-01-11 11:44:00+05:30,160.6340859057255,161.2766222493484,159.9915495621026,160.6340859057255,100,25500,PE,2024-01-16,0.14
2024-01-11 11:45:00+05:30,172.40119513283759,173.09079991336893,171.71159035230625,172.40119513283759,100,25500,CE,2024-01-16,0.14
2024-01-11 11:45:00+05:30,165.89420372222781,166.5577805371167,165.23062690733892,165.89420372222781,100,25500,PE,2024-01-16,0.14
2024-01-11 11:46:00+05:30,171.1091396213979,171.7935761798835,170.4247030629123,171.1091396213979,100,25500,CE,2024-01-16,0.14
2024-01-11 11:46:00+05:30,167.1862592336675,167.85500427060217,166.51751419673283,167.1862592336675,100,25500,PE,2024-01-16,0.14
2024-01-11 11:47:00+05:30,174.55494450022167,175.25316427822256,173.85672472222078,174.55494450022167,100,25500,CE,2024-01-16,0.14
2024-01-11 11:47:00+05:30,163.74045435484373,164.3954161722631,163.08549253742436,163.74045435484373,100,25500,PE,2024-01-16,0.14
2024-01-11 11:48:00+05:30,173.64909598016317,174.3436923640838,172.95449959624253,173.64909598016317,100,25500,CE,2024-01-16,0.14
2024-01-11 11:48:00+05:30,164.64630287490223,165.30488808640183,163.98771766340263,164.64630287490223,100,25500,PE,2024-01-16,0.14
2024-01-11 11:49:00+05:30,172.62319321450929,173.31368598736734,171.93270044165124,172.62319321450929,100,25500,CE,2024-01-16,0.14
2024-01-11 11:49:00+05:30,165.67220564055611,166.33489446311833,165.0095168179939,165.67220564055611,100,25500,PE,2024-01-16,0.14
2024-01-11 11:50:00+05:30,172.01360021578154,172.70165461664467,171.3255458149184,172.01360021578154,100,25500,CE,2024-01-16,0.14
2024-01-11 11:50:00+05:30,166.28179863928386,166.946925833841,165.61667144472673,166.28179863928386,100,25500,PE,2024-01-16,0.14
2024-01-11 11:51:00+05:30,172.65644917475225,173.34707497145126,171.96582337805324,172.65644917475225,100,25500,CE,2024-01-16,0.14
2024-01-11 11:51:00+05:30,165.63894968031315,166.3015054790344,164.9763938815919,165.63894968031315,100,25500,PE,2024-01-16,0.14
2024-01-11 11:52:00+05:30,169.19038309028298,169.8671446226441,168.51362155792185,169.19038309028298,100,25500,CE,2024-01-16,0.14
2024-01-11 11:52:00+05:30,169.10501576478242,169.78143582784156,168.42859570172328,169.10501576478242,100,25500,PE,2024-01-16,0.14
2024-01-11 11:53:00+05:30,171.41954293710302,172.10522110885142,170.7338647653546,171.41954293710302,100,25500,CE,2024-01-16,0.14
2024-01-11 11:53:00+05:30,166.87585591796238,167.54335934163424,166.20835249429052,166.87585591796238,100,25500,PE,2024-01-16,0.14
2024-01-11 11:54:00+05:30,171.13101139641736,171.81553544200304,170.4464873508317,171.13101139641736,100,25500,CE,2024-01-16,0.14
2024-01-11 11:54:00+05:30,167.16438745864804,167.83304500848263,166.49572990881344,167.16438745864804,100,25500,PE,2024-01-16,0.14
2024-01-11 11:55:00+05:30,171.91319771356217,172.60085050441643,171.2255449227079,171.91319771356217,100,25500,CE,2024-01-16,0.14
2024-01-11 11:55:00+05:30,166.38220114150323,167.04772994606924,165.71667233693722,166.38220114150323,100,25500,PE,2024-01-16,0.14
2024-01-11 11:56:00+05:30,173.82009119371656,174.51537155849144,173.1248108289417,173.82009119371656,100,25500,CE,2024-01-16,0.14
2024-01-11 11:56:00+05:30,164.47530766134884,165.13320889199423,163.81740643070344,164.47530766134884,100,25500,PE,2024-01-16,0.14
2024-01-11 11:57:00+05:30,175.79975791583098,176.5029569474943,175.09655888416765,175.79975791583098,100,25500,CE,2024-01-16,0.14
2024-01-11 11:57:00+05:30,162.49564093923442,163.14562350299136,161.84565837547748,162.49564093923442,100,25500,PE,2024-01-16,0.14
2024-01-11 11:58:00+05:30,178.58542096457865,179.29976264843697,177.87107928072032,178.58542096457865,100,25500,CE,2024-01-16,0.14
2024-01-11 11:58:00+05:30,159.70997789048675,160.3488178020487,159.0711379789248,159.70997789048675,100,25500,PE,2024-01-16,0.14
2024-01-11 11:59:00+05:30,175.25580861006898,175.95683184450925,174.5547853756287,175.25580861006898,100,25500,CE,2024-01-16,0.14
2024-01-11 11:59:00+05:30,163.03959024499642,163.69174860597641,162.38743188401642,163.03959024499642,100,25500,PE,2024-01-16,0.14
2024-01-11 12:00:00+05:30,176.85952945979813,177.5669675776373,176.15209134195894,176.85952945979813,100,25500,CE,2024-01-16,0.14
2024-01-11 12:00:00+05:30,161.43586939526728,162.08161287284835,160.7901259176862,161.43586939526728,100,25500,PE,2024-01-16,0.14
2024-01-11 12:01:00+05:30,170.9992654653543,171.68326252721573,170.3152684034929,170.9992654653543,100,25500,CE,2024-01-16,0.14
2024-01-11 12:01:00+05:30,167.2961333897111,167.96531792326994,166.62694885615224,167.2961333897111,100,25500,PE,2024-01-16,0.14
2024-01-11 12:02:00+05:30,163.12512088908449,163.77762137264082,162.47262040552815,163.12512088908449,100,25500,CE,2024-01-16,0.14
2024-01-11 12:02:00+05:30,175.17027796598092,175.87095907784484,174.469596854117,175.17027796598092,100,25500,PE,2024-01-16,0.14
2024-01-11 12:03:00+05:30,161.58122045394526,162.22754533576105,160.93489557212948,161.58122045394526,100,25500,CE,2024-01-16,0.14
2024-01-11 12:03:00+05:30,176.71417840112014,177.42103511472462,176.00732168751566,176.71417840112014,100,25500,PE,2024-01-16,0.14
2024-01-11 12:04:00+05:30,162.91848049648985,163.5701544184758,162.2668065745039,162.91848049648985,100,25500,CE,2024-01-16,0.14
2024-01-11 12:04:00+05:30,175.37691835857555,176.07842603200984,174.67541068514126,175.37691835857555,100,25500,PE,2024-01-16,0.14
2024-01-11 12:05:00+05:30,164.51344294512097,165.17149671690146,163.85538917334048,164.51344294512097,100,25500,CE,2024-01-16,0.14
2024-01-11 12:05:00+05:30,173.78195590994443,174.4770837335842,173.08682808630465,173.78195590994443,100,25500,PE,2024-01-16,0.14
2024-01-11 12:06:00+05:30,165.65233146309043,166.3149407889428,164.98972213723806,165.65233146309043,100,25500,CE,2024-01-16,0.14
2024-01-11 12:06:00+05:30,172.64306739197497,173.33363966154286,171.95249512240707,172.64306739197497,100,25500,PE,2024-01-16,0.14
2024-01-11 12:07:00+05:30,168.59466722104304,169.2690458899272,167.92028855215887,168.59466722104304,100,25500,CE,2024-01-16,0.14
2024-01-11 12:07:00+05:30,169.70073163402236,170.37953456055845,169.02192870748627,169.70073163402236,100,25500,PE,2024-01-16,0.14
2024-01-11 12:08:00+05:30,161.90364428685285,162.55125886400026,161.25602970970544,161.90364428685285,100,25500,CE,2024-01-16,0.14
2024-01-11 12:08:00+05:30,176.39175456821255,177.0973215864854,175.6861875499397,176.39175456821255,100,25500,PE,2024-01-16,0.14
2024-01-11 12:09:00+05:30,159.68966700245807,160.3284256704679,159.05090833444822,159.68966700245807,100,25500,CE,2024-01-16,0.14
2024-01-11 12:09:00+05:30,178.60573185260733,179.32015478001776,177.8913089251969,178.60573185260733,100,25500,PE,2024-01-16,0.14
2024-01-11 12:10:00+05:30,158.6530149780047,159.28762703791674,158.01840291809268,158.6530149780047,100,25500,CE,2024-01-16,0.14
2024-01-11 12:10:00+05:30,179.6423838770607,180.36095341256893,178.92381434155246,179.6423838770607,100,25500,PE,2024-01-16,0.14
2024-01-11 12:11:00+05:30,155.47430723224358,156.09620446117256,154.8524100033146,155.47430723224358,100,25500,CE,2024-01-16,0.14
2024-01-11 12:11:00+05:30,182.82109162282183,183.5523759893131,182.08980725633054,182.82109162282183,100,25500,PE,2024-01-16,0.14
2024-01-11 12:12:00+05:30,156.47218722709118,157.09807597599954,155.84629847818283,156.47218722709118,100,25500,CE,2024-01-16,0.14
2024-01-11 12:12:00+05:30,181.82321162797422,182.5505044744861,181.09591878146233,181.82321162797422,100,25500,PE,2024-01-16,0.14
2024-01-11 12:13:00+05:30,158.40437831939568,159.03799583267326,157.7707608061181,158.40437831939568,100,25500,CE,2024-01-16,0.14
2024-01-11 12:13:00+05:30,179.89102053566972,180.6105846178124,179.17145645352704,179.89102053566972,100,25500,PE,2024-01-16,0.14
2024-01-11 12:14:00+05:30,159.33987304695808,159.97723253914592,158.70251355477023,159.33987304695808,100,25500,CE,2024-01-16,0.14
2024-01-11 12:14:00+05:30,178.95552580810732,179.67134791133975,178.2397037048749,178.95552580810732,100,25500,PE,2024-01-16,0.14
2024-01-11 12:15:00+05:30,159.56162342353497,160.1998699172291,158.92337692984083,159.56162342353497,100,25500,CE,2024-01-16,0.14
2024-01-11 12:15:00+05:30,178.73377543153043,179.44871053325656,178.0188403298043,178.73377543153043,100,25500,PE,2024-01-16,0.14
2024-01-11 12:16:00+05:30,167.86251841891686,168.53396849259252,167.1910683452412,167.86251841891686,100,25500,CE,2024-01-16,0.14
2024-01-11 12:16:00+05:30,170.43288043614854,171.11461195789312,169.75114891440396,170.43288043614854,100,25500,PE,2024-01-16,0.14
2024-01-11 12:17:00+05:30,167.94659121922274,168.61837758409962,167.27480485434586,167.94659121922274,100,25500,CE,2024-01-16,0.14
2024-01-11 12:17:00+05:30,170.34880763584266,171.03020286638602,169.6674124052993,170.34880763584266,100,25500,PE,2024-01-16,0.14
2024-01-11 12:18:00+05:30,167.8525767993179,168.52398710651516,167.1811664921206,167.8525767993179,100,25500,CE,2024-01-16,0.14
2024-01-11 12:18:00+05:30,170.4428220557475,171.1245933439705,169.76105076752452,170.4428220557475,100,25500,PE,2024-01-16,0.14
2024-01-11 12:19:00+05:30,172.13878137389116,172.82733649938672,171.4502262483956,172.13878137389116,100,25500,CE,2024-01-16,0.14
2024-01-11 12:19:00+05:30,166.15661748117424,166.82124395109892,165.49199101124955,166.15661748117424,100,25500,PE,2024-01-16,0.14
2024-01-11 12:20:00+05:30,178.64481243934466,179.35939168910204,177.93023318958728,178.64481243934466,100,25500,CE,2024-01-16,0.14
2024-01-11 12:20:00+05:30,159.65058641572074,160.28918876138363,159.01198407005785,159.65058641572074,100,25500,PE,2024-01-16,0.14
2024-01-11 12:21:00+05:30,175.13966919454475,175.84022787132292,174.43911051776658,175.13966919454475,100,25500,CE,2024-01-16,0.14
2024-01-11 12:21:00+05:30,163.15572966052065,163.80835257916274,162.50310674187855,163.15572966052065,100,25500,PE,2024-01-16,0.14
2024-01-11 12:22:00+05:30,171.33350972664635,172.01884376555293,170.64817568773978,171.33350972664635,100,25500,CE,2024-01-16,0.14
2024-01-11 12:22:00+05:30,166.96188912841905,167.6297366849327,166.29404157190538,166.96188912841905,100,25500,PE,2024-01-16,0.14
2024-01-11 12:23:00+05:30,176.13052544061253,176.83504754237498,175.42600333885008,176.13052544061253,100,25500,CE,2024-01-16,0.14
2024-01-11 12:23:00+05:30,162.16487341445287,162.8135329081107,161.51621392079505,162.16487341445287,100,25500,PE,2024-01-16,0.14
2024-01-11 12:24:00+05:30,180.09747870912366,180.81786862396015,179.37708879428718,180.09747870912366,100,25500,CE,2024-01-16,0.14
2024-01-11 12:24:00+05:30,158.19792014594174,158.83071182652552,157.56512846535796,158.19792014594174,100,25500,PE,2024-01-16,0.14
2024-01-11 12:25:00+05:30,183.06070979751718,183.79295263670724,182.3284669583271,183.06070979751718,100,25500,CE,2024-01-16,0.14
2024-01-11 12:25:00+05:30,155.23468905754822,155.85562781377843,154.61375030131802,155.23468905754822,100,25500,PE,2024-01-16,0.14
2024-01-11 12:26:00+05:30,181.98265212342454,182.71058273191824,181.25472151493085,181.98265212342454,100,25500,CE,2024-01-16,0.14
2024-01-11 12:26:00+05:30,156.31274673164086,156.93799771856743,155.68749574471428,156.31274673164086,100,25500,PE,2024-01-16,0.14
2024-01-11 12:27:00+05:30,184.2633331742291,185.00038650692602,183.5262798415322,184.2633331742291,100,25500,CE,2024-01-16,0.14
2024-01-11 12:27:00+05:30,154.0320656808363,154.64819394355965,153.41593741811295,154.0320656808363,100,25500,PE,2024-01-16,0.14
2024-01-11 12:28:00+05:30,178.96543395145642,179.68129568726224,178.2495722156506,178.96543395145642,100,25500,CE,2024-01-16,0.14
2024-01-11 12:28:00+05:30,159.32996490360898,159.96728476322343,158.69264504399453,159.32996490360898,100,25500,PE,2024-01-16,0.14
2024-01-11 12:29:00+05:30,174.6272658794042,175.3257749429218,173.9287568158866,174.6272658794042,100,25500,CE,2024-01-16,0.14
2024-01-11 12:29:00+05:30,163.6681329756612,164.32280550756383,163.01346044375856,163.6681329756612,100,25500,PE,2024-01-16,0.14
2024-01-11 12:30:00+05:30,180.19664241172546,180.91742898137235,179.47585584207857,180.19664241172546,100,25500,CE,2024-01-16,0.14
2024-01-11 12:30:00+05:30,158.09875644333994,158.73115146911329,157.4663614175666,158.09875644333994,100,25500,PE,2024-01-16,0.14
2024-01-11 12:31:00+05:30,175.4590903708941,176.16092673237767,174.75725400941053,175.4590903708941,100,25500,CE,2024-01-16,0.14
2024-01-11 12:31:00+05:30,162.8363084841713,163.487653718108,162.1849632502346,162.8363084841713,100,25500,PE,2024-01-16,0.14
2024-01-11 12:32:00+05:30,174.74737121264667,175.44636069749725,174.04838172779608,174.74737121264667,100,25500,CE,2024-01-16,0.14
2024-01-11 12:32:00+05:30,163.54802764241873,164.2022197529884,162.89383553184905,163.54802764241873,100,25500,PE,2024-01-16,0.14
2024-01-11 12:33:00+05:30,176.92457507096884,177.63227337125272,176.21687677068496,176.92457507096884,100,25500,CE,2024-01-16,0.14
2024-01-11 12:33:00+05:30,161.37082378409656,162.01630707923294,160.72534048896017,161.37082378409656,100,25500,PE,2024-01-16,0.14
2024-01-11 12:34:00+05:30,177.94097026637434,178.65273414743984,177.22920638530883,177.94097026637434,100,25500,CE,2024-01-16,0.14
2024-01-11 12:34:00+05:30,160.35442858869106,160.99584630304582,159.7130108743363,160.35442858869106,100,25500,PE,2024-01-16,0.14
2024-01-11 12:35:00+05:30,173.80551308069886,174.50073513302166,173.11029102837605,173.80551308069886,100,25500,CE,2024-01-16,0.14
2024-01-11 12:35:00+05:30,164.48988577436654,165.147845317464,163.83192623126908,164.48988577436654,100,25500,PE,2024-01-16,0.14
2024-01-11 12:36:00+05:30,171.50517130694067,172.19119199216843,170.8191506217129,171.50517130694067,100,25500,CE,2024-01-16,0.14
2024-01-11 12:36:00+05:30,166.79022754812473,167.45738845831724,166.12306663793223,166.79022754812473,100,25500,PE,2024-01-16,0.14
2024-01-11 12:37:00+05:30,173.4955031375594,174.18948515010965,172.80152112500917,173.4955031375594,100,25500,CE,2024-01-16,0.14
2024-01-11 12:37:00+05:30,164.799895717506,165.45909530037602,164.14069613463596,164.799895717506,100,25500,PE,2024-01-16,0.14
2024-01-11 12:38:00+05:30,171.7538362689266,172.4408516140023,171.06682092385088,171.7538362689266,100,25500,CE,2024-01-16,0.14
2024-01-11 12:38:00+05:30,166.5415625861388,167.20772883648337,165.87539633579425,166.5415625861388,100,25500,PE,2024-01-16,0.14
2024-01-11 12:39:00+05:30,177.64066855631614,178.3512312305414,176.93010588209088,177.64066855631614,100,25500,CE,2024-01-16,0.14
2024-01-11 12:39:00+05:30,160.65473029874926,161.29734921994427,160.01211137755425,160.65473029874926,100,25500,PE,2024-01-16,0.14
2024-01-11 12:40:00+05:30,176.98399930635065,177.69193530357606,176.27606330912525,176.98399930635065,100,25500,CE,2024-01-16,0.14
2024-01-11 12:40:00+05:30,161.31139954871475,161.9566451469096,160.66615395051988,161.31139954871475,100,25500,PE,2024-01-16,0.14
2024-01-11 12:41:00+05:30,183.48490479786784,184.2188444170593,182.75096517867638,183.48490479786784,100,25500,CE,2024-01-16,0.14
2024-01-11 12:41:00+05:30,154.81049405719756,155.42973603342634,154.19125208096878,154.81049405719756,100,25500,PE,2024-01-16,0.14
2024-01-11 12:42:00+05:30,183.2640217543522,183.99707784136962,182.53096566733478,183.2640217543522,100,25500,CE,2024-01-16,0.14
2024-01-11 12:42:00+05:30,155.0313771007132,155.65150260911605,154.41125159231035,155.0313771007132,100,25500,PE,2024-01-16,0.14
2024-01-11 12:43:00+05:30,187.60671118210308,188.3571380268315,186.85628433737466,187.60671118210308,100,25500,CE,2024-01-16,0.14
2024-01-11 12:43:00+05:30,150.68868767296232,151.29144242365416,150.08593292227047,150.68868767296232,100,25500,PE,2024-01-16,0.14
2024-01-11 12:44:00+05:30,189.04238458784863,189.79855412620003,188.28621504949723,189.04238458784863,100,25500,CE,2024-01-16,0.14
2024-01-11 12:44:00+05:30,149.25301426721677,149.85002632428564,148.6560022101479,149.25301426721677,100,25500,PE,2024-01-16,0.14
2024-01-11 12:45:00+05:30,189.12331118135995,189.8798044260854,188.3668179366345,189.12331118135995,100,25500,CE,2024-01-16,0.14
2024-01-11 12:45:00+05:30,149.17208767370545,149.76877602440027,148.57539932301063,149.17208767370545,100,25500,PE,2024-01-16,0.14
2024-01-11 12:46:00+05:30,184.00117796855199,184.7371826804262,183.26517325667777,184.00117796855199,100,25500,CE,2024-01-16,0.14
2024-01-11 12:46:00+05:30,154.29422088651341,154.91139777005947,153.67704400296736,154.29422088651341,100,25500,PE,2024-01-16,0.14
2024-01-11 12:47:00+05:30,185.94233068870386,186.68610001145868,185.19856136594905,185.94233068870386,100,25500,CE,2024-01-16,0.14
2024-01-11 12:47:00+05:30,152.35306816636154,152.962480439027,151.7436558936961,152.35306816636154,100,25500,PE,2024-01-16,0.14
2024-01-11 12:48:00+05:30,186.0426527973578,186.7868234085472,185.29848218616837,186.0426527973578,100,25500,CE,2024-01-16,0.14
2024-01-11 12:48:00+05:30,152.2527460577076,152.86175704193843,151.6437350734768,152.2527460577076,100,25500,PE,2024-01-16,0.14
2024-01-11 12:49:00+05:30,187.16169986999927,187.91034666947925,186.41305307051928,187.16169986999927,100,25500,CE,2024-01-16,0.14
2024-01-11 12:49:00+05:30,151.13369898506613,151.7382337810064,150.52916418912588,151.13369898506613,100,25500,PE,2024-01-16,0.14
2024-01-11 12:50:00+05:30,184.98661263683977,185.72655908738713,184.2466661862924,184.98661263683977,100,25500,CE,2024-01-16,0.14
2024-01-11 12:50:00+05:30,153.30878621822563,153.92202136309854,152.69555107335273,153.30878621822563,100,25500,PE,2024-01-16,0.14
2024-01-11 12:51:00+05:30,181.34137172152447,182.06673720841056,180.61600623463838,181.34137172152447,100,25500,CE,2024-01-16,0.14
2024-01-11 12:51:00+05:30,156.95402713354093,157.5818432420751,156.32621102500676,156.95402713354093,100,25500,PE,2024-01-16,0.14
2024-01-11 12:52:00+05:30,177.59914632202532,178.3095429073134,176.88874973673722,177.59914632202532,100,25500,CE,2024-01-16,0.14
2024-01-11 12:52:00+05:30,160.69625253304008,161.33903754317225,160.0534675229079,160.69625253304008,100,25500,PE,2024-01-16,0.14
2024-01-11 12:53:00+05:30,176.99125874444331,177.6992237794211,176.28329370946554,176.99125874444331,100,25500,CE,2024-01-16,0.14
2024-01-11 12:53:00+05:30,161.3041401106221,161.94935667106458,160.6589235501796,161.3041401106221,100,25500,PE,2024-01-16,0.14
2024-01-11 12:54:00+05:30,180.0981448416333,180.81853742099986,179.37775226226677,180.0981448416333,100,25500,CE,2024-01-16,0.14
2024-01-11 12:54:00+05:30,158.1972540134321,158.8300430294858,157.56446499737837,158.1972540134321,100,25500,PE,2024-01-16,0.14
2024-01-11 12:55:00+05:30,178.601453984702,179.31585980064082,177.8870481687632,178.601453984702,100,25500,CE,2024-01-16,0.14
2024-01-11 12:55:00+05:30,159.6939448703634,160.33272064984484,159.05516909088195,159.6939448703634,100,25500,PE,2024-01-16,0.14
2024-01-11 12:56:00+05:30,174.28800288024837,174.98515489176935,173.5908508687274,174.28800288024837,100,25500,CE,2024-01-16,0.14
2024-01-11 12:56:00+05:30,164.00739597481703,164.6634255587163,163.35136639091775,164.00739597481703,100,25500,PE,2024-01-16,0.14
2024-01-11 12:57:00+05:30,170.96679545684134,171.6506626386687,170.28292827501397,170.96679545684134,100,25500,CE,2024-01-16,0.14
2024-01-11 12:57:00+05:30,167.32860339822406,167.99791781181696,166.65928898463116,167.32860339822406,100,25500,PE,2024-01-16,0.14
2024-01-11 12:58:00+05:30,166.49163259543644,167.1575991258182,165.8256660650547,166.49163259543644,100,25500,CE,2024-01-16,0.14
2024-01-11 12:58:00+05:30,171.80376625962896,172.49098132466747,171.11655119459044,171.80376625962896,100,25500,PE,2024-01-16,0.14
2024-01-11 12:59:00+05:30,160.23092643610477,160.8718501418492,159.59000273036034,160.23092643610477,100,25500,CE,2024-01-16,0.14
2024-01-11 12:59:00+05:30,178.06447241896063,178.77673030863647,177.3522145292848,178.06447241896063,100,25500,PE,2024-01-16,0.14
2024-01-11 13:00:00+05:30,158.5301879890249,159.164308740981,157.89606723706882,158.5301879890249,100,25500,CE,2024-01-16,0.14
2024-01-11 13:00:00+05:30,179.7652108660405,180.48427170950464,179.04615002257634,179.7652108660405,100,25500,PE,2024-01-16,0.14
2024-01-11 13:01:00+05:30,155.8134226135117,156.43667630396575,155.19016892305766,155.8134226135117,100,25500,CE,2024-01-16,0.14
2024-01-11 13:01:00+05:30,182.4819762415537,183.2119041465199,181.75204833658748,182.4819762415537,100,25500,PE,2024-01-16,0.14
2024-01-11 13:02:00+05:30,154.17127394181995,154.78795903758723,153.55458884605267,154.17127394181995,100,25500,CE,2024-01-16,0.14
2024-01-11 13:02:00+05:30,184.12412491324545,184.86062141289844,183.38762841359247,184.12412491324545,100,25500,PE,2024-01-16,0.14
2024-01-11 13:03:00+05:30,160.766310431136,161.40937567286053,160.12324518941145,160.766310431136,100,25500,CE,2024-01-16,0.14
2024-01-11 13:03:00+05:30,177.5290884239294,178.23920477762513,176.81897207023368,177.5290884239294,100,25500,PE,2024-01-16,0.14
2024-01-11 13:04:00+05:30,163.91193592026144,164.5675836639425,163.2562881765804,163.91193592026144,100,25500,CE,2024-01-16,0.14
2024-01-11 13:04:00+05:30,174.38346293480396,175.08099678654318,173.68592908306474,174.38346293480396,100,25500,PE,2024-01-16,0.14
2024-01-11 13:05:00+05:30,168.93160502405777,169.607331444154,168.25587860396155,168.93160502405777,100,25500,CE,2024-01-16,0.14
2024-01-11 13:05:00+05:30,169.36379383100763,170.04124900633167,168.68633865568358,169.36379383100763,100,25500,PE,2024-01-16,0.14
2024-01-11 13:06:00+05:30,168.75206849481043,169.42707676878968,168.07706022083119,168.75206849481043,100,25500,CE,2024-01-16,0.14
2024-01-11 13:06:00+05:30,169.54333036025497,170.221503681696,168.86515703881395,169.54333036025497,100,25500,PE,2024-01-16,0.14
2024-01-11 13:07:00+05:30,169.46156093825454,170.13940718200755,168.78371469450153,169.46156093825454,100,25500,CE,2024-01-16,0.14
2024-01-11 13:07:00+05:30,168.83383791681086,169.50917326847812,168.1585025651436,168.83383791681086,100,25500,PE,2024-01-16,0.14
2024-01-11 13:08:00+05:30,166.26887354258002,166.93394903675033,165.60379804840971,166.26887354258002,100,25500,CE,2024-01-16,0.14
2024-01-11 13:08:00+05:30,172.02652531248538,172.7146314137353,171.33841921123545,172.02652531248538,100,25500,PE,2024-01-16,0.14
2024-01-11 13:09:00+05:30,159.5596049002234,160.1978433198243,158.9213664806225,159.5596049002234,100,25500,CE,2024-01-16,0.14
2024-01-11 13:09:00+05:30,178.735793954842,179.45073713066137,178.02085077902262,178.735793954842,100,25500,PE,2024-01-16,0.14
2024-01-11 13:10:00+05:30,153.51403044049772,154.1280865622597,152.89997431873573,153.51403044049772,100,25500,CE,2024-01-16,0.14
2024-01-11 13:10:00+05:30,184.78136841456768,185.52049388822596,184.0422429409094,184.78136841456768,100,25500,PE,2024-01-16,0.14
2024-01-11 13:11:00+05:30,151.9127842044382,152.52043534125596,151.30513306762043,151.9127842044382,100,25500,CE,2024-01-16,0.14
2024-01-11 13:11:00+05:30,186.3826146506272,187.1281451092297,185.6370841920247,186.3826146506272,100,25500,PE,2024-01-16,0.14
2024-01-11 13:12:00+05:30,153.39156145944258,154.00512770528036,152.7779952136048,153.39156145944258,100,25500,CE,2024-01-16,0.14
2024-01-11 13:12:00+05:30,184.90383739562282,185.6434527452053,184.16422204604032,184.90383739562282,100,25500,PE,2024-01-16,0.14
2024-01-11 13:13:00+05:30,161.32964520313914,161.9749637839517,160.68432662232658,161.32964520313914,100,25500,CE,2024-01-16,0.14
2024-01-11 13:13:00+05:30,176.96575365192626,177.67361666653397,176.25789063731855,176.96575365192626,100,25500,PE,2024-01-16,0.14
2024-01-11 13:14:00+05:30,160.79432944734623,161.43750676513562,160.15115212955683,160.79432944734623,100,25500,CE,2024-01-16,0.14
2024-01-11 13:14:00+05:30,177.50106940771917,178.21107368535004,176.7910651300883,177.50106940771917,100,25500,PE,2024-01-16,0.14
2024-01-11 13:15:00+05:30,154.92916536223498,155.54888202368392,154.30944870078605,154.92916536223498,100,25500,CE,2024-01-16,0.14
2024-01-11 13:15:00+05:30,183.36623349283042,184.09969842680175,182.63276855885908,183.36623349283042,100,25500,PE,2024-01-16,0.14
2024-01-11 13:16:00+05:30,153.28959415294418,153.90275252955595,152.6764357763324,153.28959415294418,100,25500,CE,2024-01-16,0.14
2024-01-11 13:16:00+05:30,185.00580470212122,185.7458279209297,184.26578148331274,185.00580470212122,100,25500,PE,2024-01-16,0.14
2024-01-11 13:17:00+05:30,154.88843080036355,155.507984523565,154.2688770771621,154.88843080036355,100,25500,CE,2024-01-16,0.14
2024-01-11 13:17:00+05:30,183.40696805470185,184.14059592692067,182.67334018248303,183.40696805470185,100,25500,PE,2024-01-16,0.14
2024-01-11 13:18:00+05:30,150.38555266629743,150.98709487696263,149.78401045563223,150.38555266629743,100,25500,CE,2024-01-16,0.14
2024-01-11 13:18:00+05:30,187.90984618876797,188.66148557352304,187.1582068040129,187.90984618876797,100,25500,PE,2024-01-16,0.14
2024-01-11 13:19:00+05:30,148.3643988077966,148.9578564030278,147.7709412125654,148.3643988077966,100,25500,CE,2024-01-16,0.14
2024-01-11 13:19:00+05:30,189.9310000472688,190.69072404745788,189.17127604707974,189.9310000472688,100,25500,PE,2024-01-16,0.14
2024-01-11 13:20:00+05:30,149.95676049994114,150.5565875419409,149.35693345794138,149.95676049994114,100,25500,CE,2024-01-16,0.14
2024-01-11 13:20:00+05:30,188.33863835512426,189.09199290854477,187.58528380170375,188.33863835512426,100,25500,PE,2024-01-16,0.14
2024-01-11 13:21:00+05:30,150.14631124248268,150.7468964874526,149.54572599751276,150.14631124248268,100,25500,CE,2024-01-16,0.14
2024-01-11 13:21:00+05:30,188.14908761258272,188.90168396303304,187.3964912621324,188.14908761258272,100,25500,PE,2024-01-16,0.14
2024-01-11 13:22:00+05:30,151.51155835204196,152.11760458545012,150.9055121186338,151.51155835204196,100,25500,CE,2024-01-16,0.14
2024-01-11 13:22:00+05:30,186.78384050302344,187.53097586503554,186.03670514101134,186.78384050302344,100,25500,PE,2024-01-16,0.14
2024-01-11 13:23:00+05:30,151.52232111225572,152.12841039670474,150.9162318278067,151.52232111225572,100,25500,CE,2024-01-16,0.14
2024-01-11 13:23:00+05:30,186.77307774280968,187.5201700537809,186.02598543183845,186.77307774280968,100,25500,PE,2024-01-16,0.14
2024-01-11 13:24:00+05:30,151.24235021163082,151.84731961247735,150.6373808107843,151.24235021163082,100,25500,CE,2024-01-16,0.14
2024-01-11 13:24:00+05:30,187.05304864343458,187.80126083800832,186.30483644886084,187.05304864343458,100,25500,PE,2024-01-16,0.14
2024-01-11 13:25:00+05:30,156.05048749317945,156.67468944315218,155.42628554320672,156.05048749317945,100,25500,CE,2024-01-16,0.14
2024-01-11 13:25:00+05:30,182.24491136188595,182.9738910073335,181.51593171643842,182.24491136188595,100,25500,PE,2024-01-16,0.14
2024-01-11 13:26:00+05:30,159.1699615408143,159.80664138697756,158.53328169465107,159.1699615408143,100,25500,CE,2024-01-16,0.14
2024-01-11 13:26:00+05:30,179.1254373142511,179.84193906350808,178.4089355649941,179.1254373142511,100,25500,PE,2024-01-16,0.14
2024-01-11 13:27:00+05:30,159.92525467926322,160.56495569798028,159.28555366054616,159.92525467926322,100,25500,CE,2024-01-16,0.14
2024-01-11 13:27:00+05:30,178.37014417580218,179.0836247525054,177.65666359909898,178.37014417580218,100,25500,PE,2024-01-16,0.14
2024-01-11 13:28:00+05:30,161.6992668482581,162.34606391565114,161.05246978086507,161.6992668482581,100,25500,CE,2024-01-16,0.14
2024-01-11 13:28:00+05:30,176.5961320068073,177.30251653483452,175.88974747878007,176.5961320068073,100,25500,PE,2024-01-16,0.14
2024-01-11 13:29:00+05:30,161.34761463380897,161.99300509234422,160.70222417527373,161.34761463380897,100,25500,CE,2024-01-16,0.14
2024-01-11 13:29:00+05:30,176.94778422125643,177.65557535814145,176.2399930843714,176.94778422125643,100,25500,PE,2024-01-16,0.14
2024-01-11 13:30:00+05:30,161.00321434017502,161.64722719753573,160.3592014828143,161.00321434017502,100,25500,CE,2024-01-16,0.14
2024-01-11 13:30:00+05:30,177.29218451489038,178.00135325294994,176.58301577683082,177.29218451489038,100,25500,PE,2024-01-16,0.14
2024-01-11 13:31:00+05:30,162.3678024564943,163.01727366632028,161.71833124666833,162.3678024564943,100,25500,CE,2024-01-16,0.14
2024-01-11 13:31:00+05:30,175.9275963985711,176.6313067841654,175.2238860129768,175.9275963985711,100,25500,PE,2024-01-16,0.14
2024-01-11 13:32:00+05:30,163.01380879441245,163.6658640295901,162.3617535592348,163.01380879441245,100,25500,CE,2024-01-16,0.14
2024-01-11 13:32:00+05:30,175.28159006065295,175.98271642089557,174.58046370041032,175.28159006065295,100,25500,PE,2024-01-16,0.14
2024-01-11 13:33:00+05:30,172.24555514926584,172.9345373698629,171.55657292866877,172.24555514926584,100,25500,CE,2024-01-16,0.14
2024-01-11 13:33:00+05:30,166.04984370579956,166.71404308062276,165.38564433097636,166.04984370579956,100,25500,PE,2024-01-16,0.14
2024-01-11 13:34:00+05:30,173.07860734576758,173.77092177515064,172.38629291638452,173.07860734576758,100,25500,CE,2024-01-16,0.14
2024-01-11 13:34:00+05:30,165.21679150929782,165.877658675335,164.55592434326064,165.21679150929782,100,25500,PE,2024-01-16,0.14
2024-01-11 13:35:00+05:30,174.54607914862578,175.24426346522029,173.84789483203127,174.54607914862578,100,25500,CE,2024-01-16,0.14
2024-01-11 13:35:00+05:30,163.74931970643962,164.40431698526538,163.09432242761386,163.74931970643962,100,25500,PE,2024-01-16,0.14
2024-01-11 13:36:00+05:30,182.3097708117512,183.0390098949982,181.5805317285042,182.3097708117512,100,25500,CE,2024-01-16,0.14
2024-01-11 13:36:00+05:30,155.9856280433142,156.60957055548744,155.36168553114095,155.9856280433142,100,25500,PE,2024-01-16,0.14
2024-01-11 13:37:00+05:30,178.9022399703427,179.61784893022406,178.18663101046133,178.9022399703427,100,25500,CE,2024-01-16,0.14
2024-01-11 13:37:00+05:30,159.3931588847227,160.0307315202616,158.7555862491838,159.3931588847227,100,25500,PE,2024-01-16,0.14
2024-01-11 13:38:00+05:30,179.2982870522738,180.0154802004829,178.5810939040647,179.2982870522738,100,25500,CE,2024-01-16,0.14
2024-01-11 13:38:00+05:30,158.9971118027916,159.63310025000277,158.36112335558045,158.9971118027916,100,25500,PE,2024-01-16,0.14
2024-01-11 13:39:00+05:30,183.9136680571865,184.64932272941525,183.17801338495775,183.9136680571865,100,25500,CE,2024-01-16,0.14
2024-01-11 13:39:00+05:30,154.3817307978789,154.99925772107042,153.76420387468738,154.3817307978789,100,25500,PE,2024-01-16,0.14
2024-01-11 13:40:00+05:30,184.70481747517994,185.44363674508065,183.96599820527922,184.70481747517994,100,25500,CE,2024-01-16,0.14
2024-01-11 13:40:00+05:30,153.59058137988546,154.20494370540501,152.9762190543659,153.59058137988546,100,25500,PE,2024-01-16,0.14
2024-01-11 13:41:00+05:30,184.56794527025164,185.30621705133265,183.82967348917063,184.56794527025164,100,25500,CE,2024-01-16,0.14
2024-01-11 13:41:00+05:30,153.72745358481376,154.34236339915302,153.1125437704745,153.72745358481376,100,25500,PE,2024-01-16,0.14
2024-01-11 13:42:00+05:30,181.54032107100107,182.2664823552851,180.81415978671706,181.54032107100107,100,25500,CE,2024-01-16,0.14
2024-01-11 13:42:00+05:30,156.75507778406433,157.38209809520058,156.12805747292808,156.75507778406433,100,25500,PE,2024-01-16,0.14
2024-01-11 13:43:00+05:30,181.63309663128172,182.35962901780684,180.9065642447566,181.63309663128172,100,25500,CE,2024-01-16,0.14
2024-01-11 13:43:00+05:30,156.66230222378368,157.28895143267883,156.03565301488854,156.66230222378368,100,25500,PE,2024-01-16,0.14
2024-01-11 13:44:00+05:30,179.0686206723604,179.78489515504984,178.35234618967095,179.0686206723604,100,25500,CE,2024-01-16,0.14
2024-01-11 13:44:00+05:30,159.226778182705,159.86368529543583,158.58987106997418,159.226778182705,100,25500,PE,2024-01-16,0.14
2024-01-11 13:45:00+05:30,182.9199622646575,183.65164211371612,182.18828241559888,182.9199622646575,100,25500,CE,2024-01-16,0.14
2024-01-11 13:45:00+05:30,155.3754365904079,155.99693833676955,154.75393484404626,155.3754365904079,100,25500,PE,2024-01-16,0.14
2024-01-11 13:46:00+05:30,185.0194998589596,185.75957785839543,184.27942185952375,185.0194998589596,100,25500,CE,2024-01-16,0.14
2024-01-11 13:46:00+05:30,153.2758989961058,153.88900259209024,152.66279540012138,153.2758989961058,100,25500,PE,2024-01-16,0.14
2024-01-11 13:47:00+05:30,183.99766531801293,184.73365597928498,183.2616746567409,183.99766531801293,100,25500,CE,2024-01-16,0.14
2024-01-11 13:47:00+05:30,154.29773353705247,154.91492447120066,153.68054260290427,154.29773353705247,100,25500,PE,2024-01-16,0.14
2024-01-11 13:48:00+05:30,188.25362766246877,189.00664217311865,187.5006131518189,188.25362766246877,100,25500,CE,2024-01-16,0.14
2024-01-11 13:48:00+05:30,150.04177119259663,150.64193827736702,149.44160410782624,150.04177119259663,100,25500,PE,2024-01-16,0.14
2024-01-11 13:49:00+05:30,184.57450615758904,185.3128041822194,183.8362081329587,184.57450615758904,100,25500,CE,2024-01-16,0.14
2024-01-11 13:49:00+05:30,153.72089269747636,154.33577626826627,153.10600912668644,153.72089269747636,100,25500,PE,2024-01-16,0.14
2024-01-11 13:50:00+05:30,181.46405096637687,182.18990717024238,180.73819476251137,181.46405096637687,100,25500,CE,2024-01-16,0.14
2024-01-11 13:50:00+05:30,156.83134788868853,157.4586732802433,156.20402249713376,156.83134788868853,100,25500,PE,2024-01-16,0.14
2024-01-11 13:51:00+05:30,184.22172038736613,184.95860726891559,183.48483350581668,184.22172038736613,100,25500,CE,2024-01-16,0.14
2024-01-11 13:51:00+05:30,154.07367846769927,154.68997318157005,153.45738375382848,154.07367846769927,100,25500,PE,2024-01-16,0.14
2024-01-11 13:52:00+05:30,185.2779652749487,186.0190771360485,184.53685341384892,185.2779652749487,100,25500,CE,2024-01-16,0.14
2024-01-11 13:52:00+05:30,153.0174335801167,153.62950331443716,152.40536384579622,153.0174335801167,100,25500,PE,2024-01-16,0.14
2024-01-11 13:53:00+05:30,181.1403162270381,181.86487749194626,180.41575496212997,181.1403162270381,100,25500,CE,2024-01-16,0.14
2024-01-11 13:53:00+05:30,157.1550826280273,157.7837029585394,156.52646229751517,157.1550826280273,100,25500,PE,2024-01-16,0.14
2024-01-11 13:54:00+05:30,178.44395914946477,179.15773498606262,177.73018331286693,178.44395914946477,100,25500,CE,2024-01-16,0.14
2024-01-11 13:54:00+05:30,159.85143970560063,160.49084546442302,159.21203394677823,159.85143970560063,100,25500,PE,2024-01-16,0.14
2024-01-11 13:55:00+05:30,177.6246315704612,178.33513009674303,176.91413304417935,177.6246315704612,100,25500,CE,2024-01-16,0.14
2024-01-11 13:55:00+05:30,160.6707672846042,161.31345035374264,160.02808421546578,160.6707672846042,100,25500,PE,2024-01-16,0.14
2024-01-11 13:56:00+05:30,175.30577100354463,176.0069940875588,174.60454791953046,175.30577100354463,100,25500,CE,2024-01-16,0.14
2024-01-11 13:56:00+05:30,162.98962785152077,163.64158636292686,162.33766934011467,162.98962785152077,100,25500,PE,2024-01-16,0.14
2024-01-11 13:57:00+05:30,176.08962828177215,176.79398679489924,175.38526976864506,176.08962828177215,100,25500,CE,2024-01-16,0.14
2024-01-11 13:57:00+05:30,162.20577057329325,162.85459365558643,161.55694749100007,162.20577057329325,100,25500,PE,2024-01-16,0.14
2024-01-11 13:58:00+05:30,175.7146287080123,176.41748722284436,175.01177019318024,175.7146287080123,100,25500,CE,2024-01-16,0.14
2024-01-11 13:58:00+05:30,162.5807701470531,163.2310932276413,161.9304470664649,162.5807701470531,100,25500,PE,2024-01-16,0.14
2024-01-11 13:59:00+05:30,177.51815502183678,178.22822764192412,176.80808240174943,177.51815502183678,100,25500,CE,2024-01-16,0.14
2024-01-11 13:59:00+05:30,160.77724383322862,161.42035280856155,160.1341348578957,160.77724383322862,100,25500,PE,2024-01-16,0.14
2024-01-11 14:00:00+05:30,177.2987301007543,178.00792502115732,176.5895351803513,177.2987301007543,100,25500,CE,2024-01-16,0.14
2024-01-11 14:00:00+05:30,160.9966687543111,161.64065542932832,160.35268207929386,160.9966687543111,100,25500,PE,2024-01-16,0.14
2024-01-11 14:01:00+05:30,178.61258200667004,179.32703233469672,177.89813167864335,178.61258200667004,100,25500,CE,2024-01-16,0.14
2024-01-11 14:01:00+05:30,159.68281684839536,160.32154811578894,159.04408558100178,159.68281684839536,100,25500,PE,2024-01-16,0.14
2024-01-11 14:02:00+05:30,177.053930592796,177.7621463151672,176.3457148704248,177.053930592796,100,25500,CE,2024-01-16,0.14
2024-01-11 14:02:00+05:30,161.2414682622694,161.88643413531847,160.59650238922032,161.2414682622694,100,25500,PE,2024-01-16,0.14
2024-01-11 14:03:00+05:30,178.47323612354018,179.18712906803432,177.75934317904603,178.47323612354018,100,25500,CE,2024-01-16,0.14
2024-01-11 14:03:00+05:30,159.82216273152522,160.46145138245132,159.18287408059913,159.82216273152522,100,25500,PE,2024-01-16,0.14
2024-01-11 14:04:00+05:30,179.7562089144231,180.4752337500808,179.0371840787654,179.7562089144231,100,25500,CE,2024-01-16,0.14
2024-01-11 14:04:00+05:30,158.5391899406423,159.17334670040486,157.90503318087974,158.5391899406423,100,25500,PE,2024-01-16,0.14
2024-01-11 14:05:00+05:30,182.3294105086316,183.05872815066613,181.6000928665971,182.3294105086316,100,25500,CE,2024-01-16,0.14
2024-01-11 14:05:00+05:30,155.9659883464338,156.5898522998195,155.34212439304807,155.9659883464338,100,25500,PE,2024-01-16,0.14
2024-01-11 14:06:00+05:30,183.60552135475888,184.3399434401779,182.87109926933985,183.60552135475888,100,25500,CE,2024-01-16,0.14
2024-01-11 14:06:00+05:30,154.68987750030652,155.30863701030776,154.07111799030528,154.68987750030652,100,25500,PE,2024-01-16,0.14
2024-01-11 14:07:00+05:30,182.1908909961549,182.91965456013952,181.4621274321703,182.1908909961549,100,25500,CE,2024-01-16,0.14
2024-01-11 14:07:00+05:30,156.1045078589105,156.72892589034615,155.48008982747484,156.1045078589105,100,25500,PE,2024-01-16,0.14
2024-01-11 14:08:00+05:30,181.96427942847555,182.69213654618946,181.23642231076164,181.96427942847555,100,25500,CE,2024-01-16,0.14
2024-01-11 14:08:00+05:30,156.33111942658985,156.9564439042962,155.7057949488835,156.33111942658985,100,25500,PE,2024-01-16,0.14
2024-01-11 14:09:00+05:30,186.7013076814183,187.44811291214398,185.95450245069264,186.7013076814183,100,25500,CE,2024-01-16,0.14
2024-01-11 14:09:00+05:30,151.5940911736471,152.20046753834168,150.9877148089525,151.5940911736471,100,25500,PE,2024-01-16,0.14
2024-01-11 14:10:00+05:30,185.7526932230158,186.49570399590786,185.00968245012373,185.7526932230158,100,25500,CE,2024-01-16,0.14
2024-01-11 14:10:00+05:30,152.5427056320496,153.1528764545778,151.9325348095214,152.5427056320496,100,25500,PE,2024-01-16,0.14
2024-01-11 14:11:00+05:30,186.00267680450457,186.7466875117226,185.25866609728655,186.00267680450457,100,25500,CE,2024-01-16,0.14
2024-01-11 14:11:00+05:30,152.29272205056083,152.90189293876307,151.68355116235858,152.29272205056083,100,25500,PE,2024-01-16,0.14
2024-01-11 14:12:00+05:30,191.7744560599677,192.54155388420756,191.00735823572782,191.7744560599677,100,25500,CE,2024-01-16,0.14
2024-01-11 14:12:00+05:30,146.5209427950977,147.1070265662781,145.9348590239173,146.5209427950977,100,25500,PE,2024-01-16,0.14
2024-01-11 14:13:00+05:30,194.11383285135895,194.89028818276438,193.33737751995352,194.11383285135895,100,25500,CE,2024-01-16,0.14
2024-01-11 14:13:00+05:30,144.18156600370645,144.7582922677213,143.6048397396916,144.18156600370645,100,25500,PE,2024-01-16,0.14
2024-01-11 14:14:00+05:30,196.6197953434458,197.40627452481957,195.833316162072,196.6197953434458,100,25500,CE,2024-01-16,0.14
2024-01-11 14:14:00+05:30,141.6756035116196,142.2423059256661,141.10890109757312,141.6756035116196,100,25500,PE,2024-01-16,0.14
2024-01-11 14:15:00+05:30,193.42524085127667,194.19894181468177,192.65153988787156,193.42524085127667,100,25500,CE,2024-01-16,0.14
2024-01-11 14:15:00+05:30,144.87015800378873,145.4496386358039,144.29067737177357,144.87015800378873,100,25500,PE,2024-01-16,0.14
2024-01-11 14:16:00+05:30,190.1734957674235,190.9341897504932,189.4128017843538,190.1734957674235,100,25500,CE,2024-01-16,0.14
2024-01-11 14:16:00+05:30,148.1219030876419,148.71439069999246,147.52941547529133,148.1219030876419,100,25500,PE,2024-01-16,0.14
2024-01-11 14:17:00+05:30,191.2093973297488,191.9742349190678,190.4445597404298,191.2093973297488,100,25500,CE,2024-01-16,0.14
2024-01-11 14:17:00+05:30,147.0860015253166,147.67434553141786,146.49765751921532,147.0860015253166,100,25500,PE,2024-01-16,0.14
2024-01-11 14:18:00+05:30,198.93159051471235,199.7273168767712,198.1358641526535,198.93159051471235,100,25500,CE,2024-01-16,0.14
2024-01-11 14:18:00+05:30,139.36380834035305,139.92126357371447,138.80635310699162,139.36380834035305,100,25500,PE,2024-01-16,0.14
2024-01-11 14:19:00+05:30,192.3995196974102,193.16911777619984,191.62992161862056,192.3995196974102,100,25500,CE,2024-01-16,0.14
2024-01-11 14:19:00+05:30,145.8958791576552,146.47946267428583,145.31229564102458,145.8958791576552,100,25500,PE,2024-01-16,0.14
2024-01-11 14:20:00+05:30,186.27946603707466,187.02458390122297,185.53434817292634,186.27946603707466,100,25500,CE,2024-01-16,0.14
2024-01-11 14:20:00+05:30,152.01593281799074,152.6239965492627,151.4078690867188,152.01593281799074,100,25500,PE,2024-01-16,0.14
2024-01-11 14:21:00+05:30,188.31536282960775,189.06862428092617,187.56210137828933,188.31536282960775,100,25500,CE,2024-01-16,0.14
2024-01-11 14:21:00+05:30,149.98003602545765,150.5799561695595,149.3801158813558,149.98003602545765,100,25500,PE,2024-01-16,0.14
2024-01-11 14:22:00+05:30,189.23797362738884,189.9949255218984,188.48102173287927,189.23797362738884,100,25500,CE,2024-01-16,0.14
2024-01-11 14:22:00+05:30,149.05742522767656,149.65365492858726,148.46119552676586,149.05742522767656,100,25500,PE,2024-01-16,0.14
2024-01-11 14:23:00+05:30,185.66543048644968,186.4080922083955,184.92276876450387,185.66543048644968,100,25500,CE,2024-01-16,0.14
2024-01-11 14:23:00+05:30,152.62996836861572,153.24048824209018,152.01944849514126,152.62996836861572,100,25500,PE,2024-01-16,0.14
2024-01-11 14:24:00+05:30,188.92455201347735,189.68025022153125,188.16885380542345,188.92455201347735,100,25500,CE,2024-01-16,0.14
2024-01-11 14:24:00+05:30,149.37084684158805,149.9683302289544,148.7733634542217,149.37084684158805,100,25500,PE,2024-01-16,0.14
2024-01-11 14:25:00+05:30,189.59210062279095,190.3504690252821,188.8337322202998,189.59210062279095,100,25500,CE,2024-01-16,0.14
2024-01-11 14:25:00+05:30,148.70329823227445,149.29811142520356,148.10848503934534,148.70329823227445,100,25500,PE,2024-01-16,0.14
2024-01-11 14:26:00+05:30,187.8262244994658,188.57752939746368,187.07491960146794,187.8262244994658,100,25500,CE,2024-01-16,0.14
2024-01-11 14:26:00+05:30,150.4691743555996,151.071051053022,149.8672976581772,150.4691743555996,100,25500,PE,2024-01-16,0.14
2024-01-11 14:27:00+05:30,187.48942231557527,188.23938000483756,186.73946462631298,187.48942231557527,100,25500,CE,2024-01-16,0.14
2024-01-11 14:27:00+05:30,150.80597653949013,151.40920044564808,150.20275263333218,150.80597653949013,100,25500,PE,2024-01-16,0.14
2024-01-11 14:28:00+05:30,185.48827490906302,186.23022800869927,184.74632180942677,185.48827490906302,100,25500,CE,2024-01-16,0.14
2024-01-11 14:28:00+05:30,152.80712394600238,153.4183524417864,152.19589545021836,152.80712394600238,100,25500,PE,2024-01-16,0.14
2024-01-11 14:29:00+05:30,186.54905684071133,187.29525306807417,185.80286061334849,186.54905684071133,100,25500,CE,2024-01-16,0.14
2024-01-11 14:29:00+05:30,151.74634201435407,152.3533273824115,151.13935664629665,151.74634201435407,100,25500,PE,2024-01-16,0.14
2024-01-11 14:30:00+05:30,183.95518254284804,184.69100327301942,183.21936181267665,183.95518254284804,100,25500,CE,2024-01-16,0.14
2024-01-11 14:30:00+05:30,154.34021631221736,154.95757717746625,153.72285544696848,154.34021631221736,100,25500,PE,2024-01-16,0.14
2024-01-11 14:31:00+05:30,179.80204530263296,180.52125348384348,179.08283712142244,179.80204530263296,100,25500,CE,2024-01-16,0.14
2024-01-11 14:31:00+05:30,158.49335355243244,159.12732696664216,157.85938013822272,158.49335355243244,100,25500,PE,2024-01-16,0.14
2024-01-11 14:32:00+05:30,177.1412976233333,177.84986281382663,176.43273243283994,177.1412976233333,100,25500,CE,2024-01-16,0.14
2024-01-11 14:32:00+05:30,161.1541012317321,161.79871763665903,160.5094848268052,161.1541012317321,100,25500,PE,2024-01-16,0.14
2024-01-11 14:33:00+05:30,178.41403736229773,179.1276935117469,177.70038121284855,178.41403736229773,100,25500,CE,2024-01-16,0.14
2024-01-11 14:33:00+05:30,159.88136149276767,160.52088693873873,159.2418360467966,159.88136149276767,100,25500,PE,2024-01-16,0.14
2024-01-11 14:34:00+05:30,182.42947432067382,183.1591922179565,181.69975642339114,182.42947432067382,100,25500,CE,2024-01-16,0.14
2024-01-11 14:34:00+05:30,155.86592453439158,156.48938823252914,155.24246083625403,155.86592453439158,100,25500,PE,2024-01-16,0.14
2024-01-11 14:35:00+05:30,180.06762468569838,180.78789518444117,179.34735418695558,180.06762468569838,100,25500,CE,2024-01-16,0.14
2024-01-11 14:35:00+05:30,158.22777416936702,158.8606852660445,157.59486307268955,158.22777416936702,100,25500,PE,2024-01-16,0.14
2024-01-11 14:36:00+05:30,176.31432835050697,177.019585663909,175.60907103710494,176.31432835050697,100,25500,CE,2024-01-16,0.14
2024-01-11 14:36:00+05:30,161.98107050455843,162.62899478657667,161.3331462225402,161.98107050455843,100,25500,PE,2024-01-16,0.14
2024-01-11 14:37:00+05:30,177.31986232743662,178.02914177674637,176.61058287812688,177.31986232743662,100,25500,CE,2024-01-16,0.14
2024-01-11 14:37:00+05:30,160.97553652762878,161.6194386737393,160.33163438151826,160.97553652762878,100,25500,PE,2024-01-16,0.14
2024-01-11 14:38:00+05:30,181.2912877907948,182.01645294195797,180.56612263963163,181.2912877907948,100,25500,CE,2024-01-16,0.14
2024-01-11 14:38:00+05:30,157.0041110642706,157.63212750852767,156.37609462001353,157.0041110642706,100,25500,PE,2024-01-16,0.14
2024-01-11 14:39:00+05:30,179.85375365062106,180.57316866522353,179.13433863601858,179.85375365062106,100,25500,CE,2024-01-16,0.14
2024-01-11 14:39:00+05:30,158.44164520444434,159.07541178526213,157.80787862362655,158.44164520444434,100,25500,PE,2024-01-16,0.14
2024-01-11 14:40:00+05:30,185.26669916834368,186.00776596501706,184.5256323716703,185.26669916834368,100,25500,CE,2024-01-16,0.14
2024-01-11 14:40:00+05:30,153.02869968672172,153.6408144854686,152.41658488797484,153.02869968672172,100,25500,PE,2024-01-16,0.14
2024-01-11 14:41:00+05:30,182.39531430940048,183.1248955666381,181.66573305216286,182.39531430940048,100,25500,CE,2024-01-16,0.14
2024-01-11 14:41:00+05:30,155.90008454566492,156.52368488384758,155.27648420748227,155.90008454566492,100,25500,PE,2024-01-16,0.14
2024-01-11 14:42:00+05:30,187.51704373275066,188.26711190768168,186.76697555781965,187.51704373275066,100,25500,CE,2024-01-16,0.14
2024-01-11 14:42:00+05:30,150.77835512231474,151.381468542804,150.17524170182548,150.77835512231474,100,25500,PE,2024-01-16,0.14
2024-01-11 14:43:00+05:30,189.96692676439676,190.72679447145435,189.20705905733917,189.96692676439676,100,25500,CE,2024-01-16,0.14
2024-01-11 14:43:00+05:30,148.32847209066864,148.9217859790313,147.73515820230597,148.32847209066864,100,25500,PE,2024-01-16,0.14
2024-01-11 14:44:00+05:30,183.78832950012844,184.52348281812897,183.0531761821279,183.78832950012844,100,25500,CE,2024-01-16,0.14
2024-01-11 14:44:00+05:30,154.50706935493696,155.1250976323567,153.88904107751722,154.50706935493696,100,25500,PE,2024-01-16,0.14
2024-01-11 14:45:00+05:30,185.66151803055624,186.40416410267846,184.918871958434,185.66151803055624,100,25500,CE,2024-01-16,0.14
2024-01-11 14:45:00+05:30,152.63388082450916,153.2444163478072,152.02334530121112,152.63388082450916,100,25500,PE,2024-01-16,0.14
2024-01-11 14:46:00+05:30,184.8114802422279,185.55072616319683,184.07223432125897,184.8114802422279,100,25500,CE,2024-01-16,0.14
2024-01-11 14:46:00+05:30,153.4839186128375,154.09785428728884,152.86998293838616,153.4839186128375,100,25500,PE,2024-01-16,0.14
2024-01-11 14:47:00+05:30,184.13080235606873,184.867325565493,183.39427914664446,184.13080235606873,100,25500,CE,2024-01-16,0.14
2024-01-11 14:47:00+05:30,154.16459649899667,154.78125488499265,153.5479381130007,154.16459649899667,100,25500,PE,2024-01-16,0.14
2024-01-11 14:48:00+05:30,181.4404376394778,182.16619939003573,180.71467588891988,181.4404376394778,100,25500,CE,2024-01-16,0.14
2024-01-11 14:48:00+05:30,156.8549612155876,157.48238106044994,156.22754137072525,156.8549612155876,100,25500,PE,2024-01-16,0.14
2024-01-11 14:49:00+05:30,181.4616104767702,182.1874569186773,180.7357640348631,181.4616104767702,100,25500,CE,2024-01-16,0.14
2024-01-11 14:49:00+05:30,156.8337883782952,157.46112353180837,156.20645322478202,156.8337883782952,100,25500,PE,2024-01-16,0.14
2024-01-11 14:50:00+05:30,179.04911852758238,179.7653150016927,178.33292205347206,179.04911852758238,100,25500,CE,2024-01-16,0.14
2024-01-11 14:50:00+05:30,159.24628032748302,159.88326544879294,158.6092952061731,159.24628032748302,100,25500,PE,2024-01-16,0.14
2024-01-11 14:51:00+05:30,179.49418482057814,180.21216155986045,178.77620808129583,179.49418482057814,100,25500,CE,2024-01-16,0.14
2024-01-11 14:51:00+05:30,158.80121403448726,159.43641889062522,158.1660091783493,158.80121403448726,100,25500,PE,2024-01-16,0.14
2024-01-11 14:52:00+05:30,183.29227805344095,184.02544716565473,182.55910894122718,183.29227805344095,100,25500,CE,2024-01-16,0.14
2024-01-11 14:52:00+05:30,155.00312080162445,155.62313328483094,154.38310831841795,155.00312080162445,100,25500,PE,2024-01-16,0.14
2024-01-11 14:53:00+05:30,188.21462905146478,188.96748756767064,187.46177053525892,188.21462905146478,100,25500,CE,2024-01-16,0.14
2024-01-11 14:53:00+05:30,150.08076980360062,150.68109288281502,149.4804467243862,150.08076980360062,100,25500,PE,2024-01-16,0.14
2024-01-11 14:54:00+05:30,192.1762999546209,192.9450051544394,191.4075947548024,192.1762999546209,100,25500,CE,2024-01-16,0.14
2024-01-11 14:54:00+05:30,146.1190989004445,146.70357529604627,145.53462250484273,146.1190989004445,100,25500,PE,2024-01-16,0.14
2024-01-11 14:55:00+05:30,195.30316026255065,196.08437290360087,194.52194762150043,195.30316026255065,100,25500,CE,2024-01-16,0.14
2024-01-11 14:55:00+05:30,142.99223859251475,143.5642075468848,142.4202696381447,142.99223859251475,100,25500,PE,2024-01-16,0.14
2024-01-11 14:56:00+05:30,196.84137724731778,197.62874275630705,196.0540117383285,196.84137724731778,100,25500,CE,2024-01-16,0.14
2024-01-11 14:56:00+05:30,141.45402160774762,142.01983769417862,140.88820552131662,141.45402160774762,100,25500,PE,2024-01-16,0.14
2024-01-11 14:57:00+05:30,196.0739817021095,196.85827762891793,195.28968577530108,196.0739817021095,100,25500,CE,2024-01-16,0.14
2024-01-11 14:57:00+05:30,142.2214171529559,142.7903028215677,141.65253148434408,142.2214171529559,100,25500,PE,2024-01-16,0.14
2024-01-11 14:58:00+05:30,191.9906825019262,192.75864523193388,191.2227197719185,191.9906825019262,100,25500,CE,2024-01-16,0.14
2024-01-11 14:58:00+05:30,146.3047163531392,146.88993521855178,145.71949748772664,146.3047163531392,100,25500,PE,2024-01-16,0.14
2024-01-11 14:59:00+05:30,195.6061343413822,196.38855887874772,194.82370980401666,195.6061343413822,100,25500,CE,2024-01-16,0.14
2024-01-11 14:59:00+05:30,142.6892645136832,143.26002157173795,142.11850745562847,142.6892645136832,100,25500,PE,2024-01-16,0.14
2024-01-11 15:00:00+05:30,193.97651143778063,194.75241748353176,193.2006053920295,193.97651143778063,100,25500,CE,2024-01-16,0.14
2024-01-11 15:00:00+05:30,144.31888741728477,144.8961629669539,143.74161186761563,144.31888741728477,100,25500,PE,2024-01-16,0.14
2024-01-11 15:01:00+05:30,194.60853496477472,195.3869691046338,193.83010082491563,194.60853496477472,100,25500,CE,2024-01-16,0.14
2024-01-11 15:01:00+05:30,143.68686389029068,144.26161134585183,143.11211643472953,143.68686389029068,100,25500,PE,2024-01-16,0.14
2024-01-11 15:02:00+05:30,189.62635934155156,190.38486477891777,188.86785390418535,189.62635934155156,100,25500,CE,2024-01-16,0.14
2024-01-11 15:02:00+05:30,148.66903951351384,149.2637156715679,148.07436335545978,148.66903951351384,100,25500,PE,2024-01-16,0.14
2024-01-11 15:03:00+05:30,191.17742448937503,191.94213418733253,190.41271479141753,191.17742448937503,100,25500,CE,2024-01-16,0.14
2024-01-11 15:03:00+05:30,147.11797436569037,147.70644626315314,146.5295024682276,147.11797436569037,100,25500,PE,2024-01-16,0.14
2024-01-11 15:04:00+05:30,196.1297641034035,196.9142831598171,195.34524504698987,196.1297641034035,100,25500,CE,2024-01-16,0.14
2024-01-11 15:04:00+05:30,142.1656347516619,142.73429729066856,141.59697221265526,142.1656347516619,100,25500,PE,2024-01-16,0.14
2024-01-11 15:05:00+05:30,195.75501144799279,196.53803149378476,194.9719914022008,195.75501144799279,100,25500,CE,2024-01-16,0.14
2024-01-11 15:05:00+05:30,142.54038740707261,143.1105489567009,141.97022585744432,142.54038740707261,100,25500,PE,2024-01-16,0.14
2024-01-11 15:06:00+05:30,198.977663217278,199.77357387014712,198.1817525644089,198.977663217278,100,25500,CE,2024-01-16,0.14
2024-01-11 15:06:00+05:30,139.3177356377874,139.87500658033855,138.76046469523624,139.3177356377874,100,25500,PE,2024-01-16,0.14
2024-01-11 15:07:00+05:30,198.39738856200717,199.1909781162552,197.60379900775914,198.39738856200717,100,25500,CE,2024-01-16,0.14
2024-01-11 15:07:00+05:30,139.89801029305823,140.45760233423047,139.338418251886,139.89801029305823,100,25500,PE,2024-01-16,0.14
2024-01-11 15:08:00+05:30,198.9540088612976,199.7498248967428,198.1581928258524,198.9540088612976,100,25500,CE,2024-01-16,0.14
2024-01-11 15:08:00+05:30,139.3413899937678,139.89875555374286,138.78402443379272,139.3413899937678,100,25500,PE,2024-01-16,0.14
2024-01-11 15:09:00+05:30,197.19134368456986,197.98010905930815,196.40257830983157,197.19134368456986,100,25500,CE,2024-01-16,0.14
2024-01-11 15:09:00+05:30,141.10405517049554,141.66847139117752,140.53963894981356,141.10405517049554,100,25500,PE,2024-01-16,0.14
2024-01-11 15:10:00+05:30,187.50509484458422,188.25511522396255,186.7550744652059,187.50509484458422,100,25500,CE,2024-01-16,0.14
2024-01-11 15:10:00+05:30,150.79030401048118,151.3934652265231,150.18714279443927,150.79030401048118,100,25500,PE,2024-01-16,0.14
2024-01-11 15:11:00+05:30,188.78010243290015,189.53522284263175,188.02498202316855,188.78010243290015,100,25500,CE,2024-01-16,0.14
2024-01-11 15:11:00+05:30,149.51529642216525,150.1133576078539,148.91723523647659,149.51529642216525,100,25500,PE,2024-01-16,0.14
2024-01-11 15:12:00+05:30,190.49363051871302,191.25560504078788,189.73165599663815,190.49363051871302,100,25500,CE,2024-01-16,0.14
2024-01-11 15:12:00+05:30,147.80176833635238,148.39297540969778,147.21056126300698,147.80176833635238,100,25500,PE,2024-01-16,0.14
2024-01-11 15:13:00+05:30,192.54573133809396,193.31591426344633,191.77554841274159,192.54573133809396,100,25500,CE,2024-01-16,0.14
2024-01-11 15:13:00+05:30,145.74966751697144,146.33266618703934,145.16666884690355,145.74966751697144,100,25500,PE,2024-01-16,0.14
2024-01-11 15:14:00+05:30,198.66195995013737,199.45660778993792,197.86731211033683,198.66195995013737,100,25500,CE,2024-01-16,0.14
2024-01-11 15:14:00+05:30,139.63343890492803,140.19197266054775,139.0749051493083,139.63343890492803,100,25500,PE,2024-01-16,0.14
2024-01-11 15:15:00+05:30,201.94608755325686,202.7538719034699,201.13830320304382,201.94608755325686,100,25500,CE,2024-01-16,0.14
2024-01-11 15:15:00+05:30,136.34931130180854,136.89470854701577,135.80391405660131,136.34931130180854,100,25500,PE,2024-01-16,0.14
2024-01-11 15:16:00+05:30,203.5813767877135,204.39570229486435,202.76705128056267,203.5813767877135,100,25500,CE,2024-01-16,0.14
2024-01-11 15:16:00+05:30,134.7140220673519,135.2528781556213,134.1751659790825,134.7140220673519,100,25500,PE,2024-01-16,0.14
2024-01-11 15:17:00+05:30,201.16925665195419,201.973933678562,200.36457962534638,201.16925665195419,100,25500,CE,2024-01-16,0.14
2024-01-11 15:17:00+05:30,137.12614220311121,137.67464677192365,136.57763763429878,137.12614220311121,100,25500,PE,2024-01-16,0.14
2024-01-11 15:18:00+05:30,211.67723939761532,212.5239483552058,210.83053044002486,211.67723939761532,100,25500,CE,2024-01-16,0.14
2024-01-11 15:18:00+05:30,126.61815945745008,127.12463209527988,126.11168681962027,126.61815945745008,100,25500,PE,2024-01-16,0.14
2024-01-11 15:19:00+05:30,206.77156123719402,207.5986474821428,205.94447499224523,206.77156123719402,100,25500,CE,2024-01-16,0.14
2024-01-11 15:19:00+05:30,131.52383761787138,132.04993296834286,130.9977422673999,131.52383761787138,100,25500,PE,2024-01-16,0.14
2024-01-11 15:20:00+05:30,205.36520908663812,206.18666992298466,204.54374825029157,205.36520908663812,100,25500,CE,2024-01-16,0.14
2024-01-11 15:20:00+05:30,132.93018976842728,133.461910527501,132.39846900935356,132.93018976842728,100,25500,PE,2024-01-16,0.14
2024-01-11 15:21:00+05:30,203.55852464865717,204.3727587472518,202.74429055006254,203.55852464865717,100,25500,CE,2024-01-16,0.14
2024-01-11 15:21:00+05:30,134.73687420640823,135.27582170323387,134.1979267095826,134.73687420640823,100,25500,PE,2024-01-16,0.14
2024-01-11 15:22:00+05:30,207.4210727224418,208.25075701333157,206.59138843155205,207.4210727224418,100,25500,CE,2024-01-16,0.14
2024-01-11 15:22:00+05:30,130.8743261326236,131.3978234371541,130.35082882809309,130.8743261326236,100,25500,PE,2024-01-16,0.14
2024-01-11 15:23:00+05:30,208.619872328658,209.45435181797265,207.78539283934336,208.619872328658,100,25500,CE,2024-01-16,0.14
2024-01-11 15:23:00+05:30,129.6755265264074,130.19422863251302,129.15682442030177,129.6755265264074,100,25500,PE,2024-01-16,0.14
2024-01-11 15:24:00+05:30,210.56044191918596,211.4026836868627,209.71820015150922,210.56044191918596,100,25500,CE,2024-01-16,0.14
2024-01-11 15:24:00+05:30,127.73495693587944,128.24589676362297,127.22401710813593,127.73495693587944,100,25500,PE,2024-01-16,0.14
2024-01-11 15:25:00+05:30,204.21193524297274,205.02878298394464,203.39508750200085,204.21193524297274,100,25500,CE,2024-01-16,0.14
2024-01-11 15:25:00+05:30,134.08346361209266,134.61979746654103,133.54712975764429,134.08346361209266,100,25500,PE,2024-01-16,0.14
2024-01-11 15:26:00+05:30,202.30729082359727,203.11651998689166,201.49806166030288,202.30729082359727,100,25500,CE,2024-01-16,0.14
2024-01-11 15:26:00+05:30,135.98810803146813,136.532060463594,135.44415559934225,135.98810803146813,100,25500,PE,2024-01-16,0.14
2024-01-11 15:27:00+05:30,206.05420162708475,206.87841843359308,205.22998482057642,206.05420162708475,100,25500,CE,2024-01-16,0.14
2024-01-11 15:27:00+05:30,132.24119722798065,132.77016201689258,131.7122324390687,132.24119722798065,100,25500,PE,2024-01-16,0.14
2024-01-11 15:28:00+05:30,204.21696583204363,205.0338336953718,203.40009796871544,204.21696583204363,100,25500,CE,2024-01-16,0.14
2024-01-11 15:28:00+05:30,134.07843302302177,134.61474675511386,133.5421192909297,134.07843302302177,100,25500,PE,2024-01-16,0.14
2024-01-11 15:29:00+05:30,199.70099900619795,200.49980300222273,198.90219501017316,199.70099900619795,100,25500,CE,2024-01-16,0.14
2024-01-11 15:29:00+05:30,138.59439984886745,139.14877744826293,138.04002224947197,138.59439984886745,100,25500,PE,2024-01-16,0.14
2024-01-11 15:30:00+05:30,200.44169559055086,201.24346237291306,199.63992880818867,200.44169559055086,100,25500,CE,2024-01-16,0.14
2024-01-11 15:30:00+05:30,137.85370326451454,138.40511807757258,137.3022884514565,137.85370326451454,100,25500,PE,2024-01-16,0.14
